frame,track_id,x1,y1,x2,y2,ego_speed,prob_cross,pred
1936,2,411.0,708.1,445.8,804.5,0.000,0.6959,1
1937,2,397.0,704.0,432.6,803.0,0.000,0.7011,1
1938,2,383.9,701.2,420.6,803.7,0.000,0.7069,1
1939,2,369.4,699.9,406.4,804.1,0.000,0.7126,1
1940,2,353.7,697.2,391.7,804.7,0.000,0.7185,1
1941,2,336.7,693.6,376.6,806.0,0.000,0.7249,1
1942,2,318.3,692.6,360.0,809.2,0.000,0.7317,1
1943,2,301.9,696.5,343.3,810.6,0.000,0.7373,1
1944,2,281.2,684.4,328.2,813.0,0.000,0.7449,1
1945,2,263.8,685.1,311.0,814.1,0.000,0.7511,1
1946,2,244.0,688.0,291.3,815.9,0.000,0.7568,1
1947,2,223.9,680.6,273.6,813.9,0.000,0.7618,1
1948,2,205.0,682.3,254.5,815.1,0.000,0.7666,1
1949,2,183.4,675.4,233.6,812.0,0.000,0.7707,1
1950,2,161.2,674.0,211.1,813.1,0.000,0.7752,1
1951,2,137.0,665.8,188.4,813.0,0.000,0.7803,1
1977,47,1340.9,731.7,1378.5,841.2,0.000,0.5748,1
1977,48,1380.0,728.1,1410.3,817.3,0.000,0.5531,1
1978,47,1350.2,730.0,1389.9,843.0,0.000,0.5822,1
1978,48,1390.3,724.1,1423.4,821.8,0.000,0.5580,1
1979,47,1359.7,728.7,1400.6,843.3,0.000,0.5888,1
1979,48,1401.9,720.3,1439.1,830.6,0.000,0.5692,1
1980,47,1370.5,726.4,1413.4,844.4,0.000,0.5949,1
1980,48,1415.3,719.0,1454.2,833.6,0.000,0.5791,1
1981,47,1381.9,722.3,1427.4,845.6,0.000,0.6013,1
1981,48,1427.1,716.9,1467.3,835.9,0.000,0.5889,1
1982,47,1393.7,719.8,1441.3,847.3,0.000,0.6077,1
1982,48,1440.5,716.4,1481.2,837.5,0.000,0.5975,1
1983,47,1406.2,716.2,1455.6,848.2,0.000,0.6140,1
1983,48,1454.3,716.0,1495.5,839.8,0.000,0.6055,1
1984,47,1421.2,715.2,1471.3,850.1,0.000,0.6201,1
1984,48,1469.7,712.4,1511.9,841.3,0.000,0.6136,1
1985,47,1438.5,711.9,1490.3,853.3,0.000,0.6277,1
1985,48,1484.3,712.2,1526.9,843.4,0.000,0.6208,1
1986,47,1457.2,708.7,1510.0,854.4,0.000,0.6348,1
1986,48,1500.7,709.2,1544.0,845.1,0.000,0.6283,1
1987,47,1475.4,704.8,1529.7,855.4,0.000,0.6422,1
1987,48,1519.2,705.3,1562.8,844.0,0.000,0.6353,1
1988,47,1492.6,701.1,1548.8,858.8,0.000,0.6511,1
1988,48,1538.4,700.0,1583.0,844.6,0.000,0.6440,1
1989,47,1513.0,698.2,1571.0,860.5,0.000,0.6594,1
1989,48,1556.6,697.3,1601.7,845.4,0.000,0.6522,1
1990,48,1578.3,694.7,1624.6,847.6,0.000,0.6609,1
1991,48,1602.0,692.1,1649.9,849.8,0.000,0.6700,1
1991,47,1555.4,693.8,1616.9,865.0,0.000,0.6594,1
1992,48,1627.4,690.4,1677.0,852.4,0.000,0.6791,1
1992,47,1578.7,694.1,1641.0,867.4,0.000,0.6594,1
1993,48,1651.4,689.1,1702.7,854.8,0.000,0.6878,1
1993,47,1601.0,691.4,1665.5,870.6,0.000,0.6594,1
1994,48,1678.0,684.7,1732.1,857.9,0.000,0.6976,1
1994,47,1626.2,688.5,1693.8,874.5,0.000,0.6594,1
1995,48,1705.0,678.7,1761.4,859.5,0.000,0.7075,1
1995,47,1651.4,684.8,1722.4,878.5,0.000,0.6594,1
1996,48,1734.4,673.4,1790.9,857.3,0.000,0.7160,1
1996,47,1678.2,678.5,1753.1,881.4,0.000,0.6594,1
1997,48,1764.4,666.2,1823.4,861.6,0.000,0.7264,1
1997,47,1707.4,672.1,1785.5,883.5,0.000,0.6594,1
1998,48,1794.4,658.2,1854.7,863.8,0.000,0.7364,1
1998,47,1739.6,665.7,1820.9,885.8,0.000,0.6594,1
1999,48,1827.1,649.2,1888.1,864.5,0.000,0.7463,1
1999,47,1772.2,659.1,1855.2,887.7,0.000,0.6594,1
2000,48,1861.1,641.4,1920.0,862.4,0.000,0.7548,1
2000,47,1810.0,647.5,1896.0,888.8,0.000,0.6594,1
2001,47,1843.5,637.3,1920.0,890.4,0.000,0.6594,1
2021,146,452.2,728.0,480.6,803.0,0.000,0.6702,1
2022,146,445.1,729.7,474.3,807.7,0.000,0.6765,1
2023,146,438.3,731.8,467.9,811.0,0.000,0.6831,1
2024,146,431.4,732.7,460.7,811.1,0.000,0.6885,1
2025,146,423.6,733.1,453.5,813.1,0.000,0.6942,1
2026,146,416.2,731.6,446.7,813.9,0.000,0.6993,1
2027,146,409.3,729.6,440.3,813.5,0.000,0.7033,1
2028,146,400.7,727.8,432.0,811.8,0.000,0.7063,1
2029,146,393.0,725.1,425.1,811.8,0.000,0.7092,1
2030,146,386.0,722.8,418.3,810.9,0.000,0.7116,1
2031,146,377.8,721.8,410.2,810.4,0.000,0.7141,1
2032,146,369.2,719.7,401.7,809.3,0.000,0.7165,1
2033,146,360.3,719.0,393.3,810.1,0.000,0.7197,1
2034,146,350.7,718.7,383.8,810.1,0.000,0.7227,1
2035,146,341.0,718.3,374.7,811.6,0.000,0.7264,1
2040,146,289.3,713.1,326.3,816.5,0.000,0.7264,1
2041,146,277.4,712.4,314.4,815.6,0.000,0.7264,1
2042,152,1241.7,727.6,1268.6,806.5,0.000,0.4600,0
2042,146,266.6,711.1,303.7,814.8,0.000,0.7264,1
2043,152,1246.2,726.9,1273.7,807.7,0.000,0.4646,0
2043,146,256.5,708.1,294.0,814.7,0.000,0.7264,1
2044,152,1250.4,727.7,1277.8,806.9,0.000,0.4682,0
2044,146,244.4,704.8,282.8,815.5,0.000,0.7264,1
2045,152,1255.9,728.8,1283.8,808.6,0.000,0.4725,0
2045,146,232.7,702.1,271.7,816.2,0.000,0.7264,1
2046,152,1260.7,729.4,1289.3,811.2,0.000,0.4777,0
2046,146,220.6,703.3,259.0,817.0,0.000,0.7264,1
2047,152,1266.1,729.7,1295.8,813.5,0.000,0.4835,0
2047,146,207.8,700.4,246.9,817.2,0.000,0.7264,1
2048,152,1270.5,729.4,1301.1,815.0,0.000,0.4896,0
2048,146,194.9,699.8,234.8,819.0,0.000,0.7264,1
2049,152,1275.4,730.0,1306.6,816.2,0.000,0.4954,0
2049,146,182.2,698.6,223.1,818.9,0.000,0.7264,1
2050,152,1280.2,729.6,1312.8,817.6,0.000,0.5016,1
2050,146,168.4,697.6,209.9,818.3,0.000,0.7264,1
2051,152,1287.1,729.2,1320.2,816.8,0.000,0.5064,1
2051,146,153.5,696.0,196.6,819.4,0.000,0.7264,1
2052,152,1293.4,727.8,1324.4,807.4,0.000,0.5047,1
2052,146,137.6,694.2,181.7,819.3,0.000,0.7264,1
2053,146,119.2,691.4,165.0,821.2,0.000,0.7264,1
2054,146,104.2,690.1,150.6,821.0,0.000,0.7264,1
2055,146,88.4,686.4,135.8,821.0,0.000,0.7924,1
2056,146,72.0,683.4,119.3,820.7,0.000,0.7954,1
2057,146,55.8,680.4,103.2,821.0,0.000,0.7985,1
2058,146,40.6,677.2,87.2,818.9,0.000,0.8009,1
2060,146,5.7,671.2,52.5,810.9,0.000,0.8009,1
2061,146,0.0,669.3,43.2,815.3,0.000,0.8009,1
2061,152,1353.2,721.0,1389.9,812.0,0.000,0.5047,1
2062,146,0.0,670.1,32.8,817.1,0.000,0.8009,1
2062,152,1358.6,720.1,1400.2,821.6,0.000,0.5047,1
2063,152,1365.3,719.0,1409.2,826.1,0.000,0.5047,1
2064,152,1373.7,717.5,1419.4,828.0,0.000,0.5047,1
2065,152,1381.4,716.2,1428.0,829.6,0.000,0.5047,1
2066,152,1389.6,715.3,1436.9,830.8,0.000,0.5047,1
2067,152,1397.7,713.2,1446.3,831.7,0.000,0.5047,1
2068,152,1407.0,710.6,1456.7,832.1,0.000,0.5047,1
2069,152,1417.2,708.2,1468.0,832.0,0.000,0.5047,1
2070,152,1428.8,705.5,1480.6,833.1,0.000,0.5047,1
2071,152,1440.1,703.5,1492.9,833.5,0.000,0.5047,1
2072,152,1451.0,701.3,1505.0,833.9,0.000,0.5047,1
2073,152,1463.9,699.7,1519.3,835.2,0.000,0.5047,1
2074,152,1474.9,698.1,1531.2,836.0,0.000,0.5047,1
2075,152,1486.6,696.7,1544.4,838.1,0.000,0.5047,1
2076,152,1497.6,694.4,1557.4,839.5,0.000,0.6599,1
2077,152,1509.1,692.4,1570.3,839.2,0.000,0.6660,1
2078,152,1522.4,692.0,1584.8,841.2,0.000,0.6715,1
2079,152,1537.6,690.0,1601.0,841.9,0.000,0.6770,1
2080,152,1552.2,688.5,1617.3,844.2,0.000,0.6827,1
2081,152,1568.7,685.9,1635.4,845.8,0.000,0.6887,1
2082,152,1585.1,682.5,1653.4,847.4,0.000,0.6953,1
2083,152,1601.0,679.9,1670.3,848.1,0.000,0.7017,1
2084,152,1617.0,676.5,1687.6,849.1,0.000,0.7082,1
2085,152,1633.2,672.0,1705.8,850.5,0.000,0.7151,1
2086,152,1651.2,668.2,1725.6,851.7,0.000,0.7218,1
2087,152,1669.2,663.4,1745.6,852.2,0.000,0.7282,1
2088,152,1690.1,658.3,1768.1,852.7,0.000,0.7343,1
2089,152,1714.3,653.6,1792.5,852.1,0.000,0.7401,1
2089,168,1220.3,705.0,1257.6,818.0,0.000,0.5569,1
2090,152,1741.1,649.9,1818.6,852.8,0.000,0.7458,1
2090,168,1225.0,704.0,1263.8,820.4,0.000,0.5640,1
2091,168,1229.1,702.3,1268.9,820.9,0.000,0.5711,1
2092,168,1232.7,700.9,1273.6,822.7,0.000,0.5790,1
2093,168,1237.0,697.9,1280.6,827.7,0.000,0.5901,1
2093,152,1782.6,636.0,1862.3,852.9,0.000,0.7458,1
2094,168,1242.4,699.2,1285.6,827.6,0.000,0.5973,1
2094,152,1808.0,632.0,1889.2,855.8,0.000,0.7458,1
2095,168,1247.5,698.4,1291.7,829.8,0.000,0.6050,1
2095,152,1833.6,627.3,1916.6,857.7,0.000,0.7458,1
2096,168,1253.6,697.0,1297.4,827.5,0.000,0.6102,1
2096,152,1852.3,621.7,1920.0,859.6,0.000,0.7458,1
2097,168,1259.1,694.3,1304.3,828.9,0.000,0.6167,1
2098,168,1264.2,693.1,1311.1,833.5,0.000,0.6245,1
2099,168,1270.6,692.7,1317.6,834.0,0.000,0.6305,1
2099,172,1352.9,701.9,1389.4,816.9,0.000,0.6014,1
2099,166,1312.2,702.3,1355.5,824.2,0.000,0.6006,1
2100,168,1278.2,690.4,1323.5,825.8,0.000,0.6322,1
2100,172,1360.7,700.7,1397.7,817.4,0.000,0.6057,1
2100,166,1318.6,700.9,1362.6,825.7,0.000,0.6069,1
2101,168,1285.6,689.5,1331.6,827.1,0.000,0.6357,1
2101,172,1367.6,698.5,1406.0,820.2,0.000,0.6119,1
2101,166,1325.4,698.9,1370.1,827.0,0.000,0.6136,1
2102,168,1292.5,687.8,1338.5,824.8,0.000,0.6379,1
2102,172,1375.4,696.2,1414.4,821.2,0.000,0.6181,1
2102,166,1333.0,698.3,1378.0,827.5,0.000,0.6193,1
2103,168,1299.5,687.5,1347.0,828.1,0.000,0.6422,1
2103,172,1384.1,695.0,1423.5,822.3,0.000,0.6242,1
2103,166,1342.4,697.4,1386.8,826.5,0.000,0.6238,1
2104,168,1305.5,686.2,1354.1,828.3,0.000,0.6460,1
2104,172,1394.0,694.2,1433.3,822.4,0.000,0.6293,1
2104,166,1352.0,696.8,1396.6,827.3,0.000,0.6283,1
2105,168,1313.0,684.6,1364.9,836.5,0.000,0.6538,1
2105,172,1402.5,694.5,1442.3,823.8,0.000,0.6344,1
2105,166,1359.3,695.7,1404.7,829.0,0.000,0.6334,1
2106,168,1321.6,682.6,1374.4,837.7,0.000,0.6601,1
2106,172,1411.8,692.4,1451.5,821.1,0.000,0.6378,1
2106,166,1369.1,694.1,1414.8,829.4,0.000,0.6383,1
2107,168,1330.6,679.3,1384.4,838.1,0.000,0.6662,1
2107,172,1421.9,690.3,1463.1,824.2,0.000,0.6436,1
2107,166,1377.5,692.5,1424.7,833.0,0.000,0.6447,1
2108,168,1340.6,677.5,1395.3,838.8,0.000,0.6718,1
2108,172,1431.5,687.6,1473.8,825.7,0.000,0.6498,1
2108,166,1386.9,689.4,1435.7,837.4,0.000,0.6526,1
2109,168,1349.0,674.1,1404.5,836.9,0.000,0.6760,1
2109,172,1441.8,685.2,1485.1,826.1,0.000,0.6556,1
2109,166,1396.9,686.2,1445.6,834.7,0.000,0.6583,1
2110,172,1453.1,681.6,1497.4,826.3,0.000,0.6617,1
2110,166,1406.6,682.7,1454.8,831.0,0.000,0.6623,1
2111,172,1463.8,678.6,1509.2,827.6,0.000,0.6685,1
2111,166,1417.1,678.5,1467.0,834.9,0.000,0.6695,1
2111,168,1367.3,664.1,1427.2,839.9,0.000,0.6760,1
2112,172,1474.7,676.0,1520.6,827.0,0.000,0.6746,1
2112,166,1428.7,676.3,1477.9,832.0,0.000,0.6741,1
2112,168,1377.5,660.9,1439.6,844.5,0.000,0.6760,1
2113,172,1486.5,673.2,1534.3,831.9,0.000,0.6828,1
2113,166,1440.5,675.7,1491.4,839.2,0.000,0.6819,1
2113,168,1391.1,659.2,1454.1,848.8,0.000,0.6760,1
2114,172,1498.6,672.2,1549.3,843.3,0.000,0.6938,1
2114,166,1451.7,674.0,1503.8,842.6,0.000,0.6894,1
2114,168,1404.2,655.2,1468.8,853.6,0.000,0.6760,1
2115,172,1511.5,670.3,1563.7,848.3,0.000,0.7029,1
2115,166,1466.0,674.9,1518.7,846.2,0.000,0.6958,1
2115,168,1417.4,655.8,1482.1,856.4,0.000,0.6760,1
2116,172,1527.7,669.1,1582.1,854.5,0.000,0.7113,1
2116,168,1430.1,656.0,1495.5,858.9,0.000,0.6760,1
2117,172,1542.0,667.8,1594.1,846.4,0.000,0.7146,1
2117,168,1442.2,655.1,1509.2,861.4,0.000,0.6760,1
2117,166,1495.0,673.1,1547.6,843.2,0.000,0.6958,1
2118,172,1557.5,666.6,1606.5,833.1,0.000,0.7144,1
2118,168,1457.1,653.9,1525.7,865.6,0.000,0.6760,1
2118,166,1507.9,673.6,1563.1,851.4,0.000,0.6958,1
2119,172,1571.9,664.5,1624.1,841.5,0.000,0.7195,1
2119,168,1471.2,652.0,1542.1,869.1,0.000,0.6760,1
2119,166,1523.0,669.3,1581.3,857.3,0.000,0.6958,1
2120,172,1589.5,662.5,1642.6,839.0,0.000,0.7227,1
2120,168,1487.0,650.7,1559.7,871.0,0.000,0.6760,1
2120,166,1538.5,667.6,1598.1,858.3,0.000,0.6958,1
2121,172,1604.3,659.2,1660.7,843.5,0.000,0.7275,1
2121,168,1502.7,647.8,1578.4,873.5,0.000,0.6760,1
2121,166,1555.8,663.5,1616.3,856.5,0.000,0.6958,1
2122,172,1621.0,656.8,1679.6,845.9,0.000,0.7320,1
2122,168,1519.9,645.2,1597.9,875.3,0.000,0.6760,1
2122,166,1568.4,659.2,1631.0,859.7,0.000,0.6958,1
2123,172,1636.1,653.2,1698.5,851.4,0.000,0.7378,1
2123,168,1536.3,637.8,1618.4,877.9,0.000,0.6760,1
2123,166,1582.3,654.1,1643.7,849.5,0.000,0.6958,1
2124,172,1650.4,649.9,1716.0,855.6,0.000,0.7435,1
2124,168,1554.5,635.3,1638.9,880.5,0.000,0.6760,1
2125,172,1667.7,645.7,1732.9,849.0,0.000,0.7466,1
2125,168,1570.4,626.7,1659.2,883.4,0.000,0.6760,1
2125,166,1613.5,645.6,1679.1,855.5,0.000,0.6958,1
2126,172,1685.3,640.2,1751.3,848.1,0.000,0.7508,1
2126,168,1584.0,618.7,1675.5,886.2,0.000,0.7660,1
2126,166,1630.8,641.5,1699.3,862.7,0.000,0.6958,1
2127,172,1700.8,635.6,1767.3,848.0,0.000,0.7552,1
2127,168,1611.5,619.0,1705.6,889.7,0.000,0.7702,1
2128,172,1718.4,630.1,1785.9,848.5,0.000,0.7600,1
2128,168,1632.5,612.1,1730.8,891.3,0.000,0.7749,1
2129,172,1737.0,625.7,1805.9,852.1,0.000,0.7652,1
2129,168,1653.7,601.2,1756.8,894.0,0.000,0.7804,1
2130,172,1757.0,620.3,1827.1,854.5,0.000,0.7704,1
2130,168,1672.6,595.1,1778.9,895.3,0.000,0.7850,1
2131,172,1777.9,616.0,1849.0,857.3,0.000,0.7755,1
2131,168,1689.1,588.1,1797.6,898.8,0.000,0.7897,1
2132,172,1799.6,613.1,1871.1,859.1,0.000,0.7798,1
2132,168,1716.5,583.7,1827.2,901.1,0.000,0.7938,1
2133,172,1820.8,610.7,1892.2,859.2,0.000,0.7833,1
2133,168,1735.2,578.8,1848.2,906.3,0.000,0.7980,1
2133,178,1633.4,656.4,1705.9,861.2,0.000,0.7400,1
2134,172,1844.9,606.6,1914.6,849.2,0.000,0.7849,1
2134,168,1764.1,575.9,1878.7,907.8,0.000,0.8012,1
2134,178,1652.5,653.7,1727.2,862.7,0.000,0.7444,1
2135,172,1863.2,601.0,1920.0,833.1,0.000,0.7848,1
2135,168,1790.9,571.7,1906.8,906.1,0.000,0.8037,1
2135,178,1670.2,650.4,1747.0,864.9,0.000,0.7488,1
2136,168,1812.7,567.5,1920.0,911.1,0.000,0.8068,1
2136,178,1689.5,646.3,1767.7,865.8,0.000,0.7530,1
2137,168,1829.1,559.1,1920.0,910.8,0.000,0.8094,1
2137,178,1706.6,640.6,1786.4,866.6,0.000,0.7577,1
2138,178,1726.4,634.4,1807.3,868.0,0.000,0.7627,1
2139,178,1742.9,628.1,1823.9,867.6,0.000,0.7674,1
2140,178,1760.1,622.2,1841.4,869.8,0.000,0.7725,1
2141,178,1784.3,617.5,1866.3,871.2,0.000,0.7772,1
2142,178,1805.7,612.7,1889.0,873.7,0.000,0.7818,1
2143,178,1827.9,608.8,1913.3,875.3,0.000,0.7859,1
2144,178,1842.0,605.8,1920.0,876.2,0.000,0.7893,1
2145,178,1854.3,603.7,1920.0,873.7,0.000,0.7915,1
2178,208,1403.1,704.0,1439.9,832.0,0.000,0.6288,1
2179,208,1405.3,703.6,1443.0,834.1,0.000,0.6332,1
2180,208,1413.2,703.9,1450.7,834.1,0.000,0.6364,1
2181,208,1423.8,704.4,1461.7,835.0,0.000,0.6394,1
2182,196,1289.6,715.9,1329.4,823.5,0.000,0.5668,1
2183,196,1292.4,715.3,1333.0,824.7,0.000,0.5714,1
2184,196,1295.0,715.8,1336.0,826.7,0.000,0.5764,1
2185,196,1298.9,717.0,1339.9,827.8,0.000,0.5807,1
2186,196,1303.3,717.8,1344.1,829.4,0.000,0.5849,1
2187,196,1306.7,718.2,1348.1,832.1,0.000,0.5899,1
2187,208,1445.1,708.4,1483.7,842.3,0.000,0.6394,1
2188,196,1309.7,715.2,1352.6,833.4,0.000,0.5954,1
2188,208,1452.4,708.1,1492.8,842.1,0.000,0.6394,1
2189,196,1312.6,715.4,1355.6,834.1,24.011,0.4190,0
2189,208,1457.5,705.3,1500.2,843.2,24.011,0.6394,1
2190,196,1314.9,715.2,1358.4,835.0,24.011,0.2773,0
2190,208,1462.6,703.1,1507.8,848.0,24.011,0.6394,1
2191,196,1314.7,714.8,1359.6,835.9,24.011,0.1585,0
2191,206,1210.6,714.0,1247.4,816.2,24.011,0.1066,0
2191,208,1466.5,702.2,1511.8,846.7,24.011,0.6394,1
2192,196,1316.0,713.0,1361.8,833.9,24.011,0.0831,0
2192,206,1212.3,712.5,1249.5,817.0,24.011,0.0560,0
2192,208,1470.9,698.9,1517.5,846.4,24.011,0.6394,1
2193,196,1322.0,712.5,1367.5,832.6,22.000,0.0475,0
2193,206,1212.9,711.2,1250.6,818.1,22.000,0.0343,0
2193,208,1475.6,696.1,1523.6,847.7,22.000,0.6394,1
2194,196,1325.8,711.9,1372.7,835.9,22.000,0.0306,0
2194,206,1214.2,711.5,1251.6,818.8,22.000,0.0240,0
2194,208,1480.9,694.6,1529.5,848.1,22.000,0.6394,1
2195,196,1329.4,712.1,1376.5,837.4,22.000,0.0224,0
2195,206,1214.8,711.7,1252.2,819.9,22.000,0.0188,0
2195,208,1485.8,694.2,1534.8,848.6,22.000,0.6394,1
2196,196,1334.7,717.3,1379.8,838.1,22.000,0.0179,0
2196,206,1216.0,712.3,1253.1,819.9,22.000,0.0158,0
2196,208,1490.0,693.7,1539.2,848.8,22.000,0.6394,1
2197,196,1334.7,710.9,1382.2,838.3,22.000,0.0154,0
2197,206,1216.4,711.9,1253.5,820.5,22.000,0.0139,0
2197,208,1494.5,696.2,1543.3,848.9,22.000,0.6394,1
2198,196,1336.0,706.8,1385.3,839.6,22.000,0.0137,0
2198,206,1216.0,711.7,1253.1,821.6,22.000,0.0127,0
2198,208,1499.0,697.0,1548.9,850.9,22.000,0.6394,1
2199,196,1337.6,706.8,1387.2,840.5,22.000,0.0126,0
2199,206,1218.1,711.6,1255.5,822.6,22.000,0.0118,0
2199,208,1524.3,696.6,1583.4,852.9,22.000,0.6394,1
2200,196,1340.1,709.7,1389.3,841.3,22.000,0.0118,0
2200,206,1218.6,711.4,1255.4,821.8,22.000,0.0112,0
2201,196,1342.4,710.1,1392.1,841.7,22.000,0.0112,0
2201,206,1219.9,711.7,1256.7,822.1,22.000,0.0107,0
2201,208,1517.0,698.6,1575.4,851.9,22.000,0.6394,1
2202,206,1219.9,711.1,1256.2,820.9,22.000,0.0104,0
2202,208,1519.6,695.1,1579.8,853.3,22.000,0.6394,1
2203,206,1222.8,709.9,1259.8,821.5,22.000,0.0101,0
2203,208,1523.2,694.1,1583.1,852.1,22.000,0.6394,1
2203,196,1348.1,709.1,1398.9,842.6,22.000,0.0112,0
2204,206,1224.0,708.6,1261.6,821.4,20.004,0.0101,0
2204,208,1526.9,691.8,1586.6,850.5,20.004,0.6394,1
2204,196,1349.0,707.1,1401.5,843.5,20.004,0.0112,0
2205,206,1224.3,707.0,1262.4,820.9,20.004,0.0102,0
2205,208,1531.9,688.9,1591.8,849.4,20.004,0.6394,1
2205,196,1349.4,705.6,1403.1,843.9,20.004,0.0112,0
2206,206,1223.4,704.7,1261.7,820.2,20.004,0.0103,0
2206,208,1537.4,685.0,1597.6,848.4,20.004,0.6394,1
2206,196,1350.5,703.5,1405.0,843.3,20.004,0.0112,0
2207,206,1223.2,703.3,1262.0,820.6,20.004,0.0104,0
2207,208,1541.2,682.5,1601.3,849.2,20.004,0.6394,1
2207,196,1351.0,702.6,1405.6,842.7,20.004,0.0112,0
2208,206,1223.2,703.3,1262.0,820.9,18.009,0.0106,0
2208,208,1545.9,680.7,1605.7,850.3,18.009,0.6394,1
2208,196,1352.5,700.9,1406.3,840.8,18.009,0.0112,0
2209,206,1221.4,702.4,1259.9,821.0,18.009,0.0107,0
2209,208,1549.3,677.7,1608.7,850.4,18.009,0.6394,1
2210,206,1221.0,701.3,1259.9,821.9,18.009,0.0109,0
2210,208,1553.2,676.7,1611.9,851.1,18.009,0.6394,1
2210,196,1351.9,697.8,1406.7,841.3,18.009,0.0112,0
2211,206,1220.5,700.9,1259.4,822.6,18.009,0.0110,0
2211,208,1555.9,678.2,1613.3,851.6,18.009,0.6394,1
2211,196,1351.6,696.7,1407.0,842.6,18.009,0.0112,0
2212,206,1219.3,701.9,1258.7,823.9,18.009,0.0111,0
2212,217,997.3,720.9,1022.9,800.0,18.009,0.0107,0
2212,208,1559.3,678.7,1616.9,854.2,18.009,0.6394,1
2212,196,1351.5,696.8,1407.3,844.5,18.009,0.0112,0
2213,206,1214.7,703.8,1253.8,825.2,18.009,0.0112,0
2213,217,995.6,721.0,1022.3,803.8,18.009,0.0108,0
2213,208,1561.4,681.3,1618.7,855.8,18.009,0.6394,1
2213,196,1352.0,697.1,1408.2,846.8,18.009,0.0112,0
2214,206,1211.9,704.0,1252.0,827.3,15.997,0.0116,0
2214,217,992.6,719.0,1019.3,801.8,15.997,0.0111,0
2214,208,1564.5,683.7,1621.9,857.1,15.997,0.6394,1
2214,196,1351.6,698.7,1408.2,849.7,15.997,0.0112,0
2215,206,1209.3,706.0,1250.6,829.6,15.997,0.0118,0
2215,217,990.1,720.0,1016.3,801.4,15.997,0.0113,0
2215,208,1566.6,684.4,1624.4,858.0,15.997,0.6394,1
2216,223,1773.0,661.3,1824.6,830.4,15.997,0.0119,0
2216,208,1569.3,685.2,1627.0,857.7,15.997,0.0134,0
2216,196,1351.5,699.6,1408.4,851.9,15.997,0.0112,0
2217,223,1775.7,664.6,1826.6,830.0,15.997,0.0123,0
2217,208,1571.6,684.9,1630.5,859.3,15.997,0.0138,0
2217,196,1350.5,701.1,1407.6,853.8,15.997,0.0112,0
2217,206,1205.2,699.0,1250.0,832.4,15.997,0.0118,0
2217,217,983.3,720.4,1010.3,804.5,15.997,0.0113,0
2218,223,1777.9,665.9,1830.0,831.5,15.997,0.0127,0
2218,208,1573.9,684.0,1633.9,860.5,15.997,0.0142,0
2218,196,1350.5,702.2,1407.8,855.3,15.997,0.0112,0
2218,217,979.3,721.3,1006.1,804.9,15.997,0.0113,0
2219,223,1779.5,666.3,1833.6,833.3,15.997,0.0132,0
2219,208,1575.0,681.9,1635.9,860.0,15.997,0.0147,0
2219,196,1350.3,702.9,1408.3,857.4,15.997,0.0112,0
2219,217,977.2,722.6,1003.9,805.9,15.997,0.0113,0
2220,223,1780.9,666.4,1837.4,837.3,15.997,0.0136,0
2220,208,1575.2,679.3,1637.3,860.4,15.997,0.0152,0
2220,196,1349.4,702.7,1408.0,858.7,15.997,0.0112,0
2220,217,973.9,720.9,1000.9,805.6,15.997,0.0113,0
2221,223,1783.6,666.8,1841.0,838.8,15.997,0.0141,0
2221,208,1575.9,678.9,1638.2,860.1,15.997,0.0157,0
2221,196,1347.5,702.3,1406.6,859.5,15.997,0.0112,0
2221,217,970.8,723.5,998.7,811.2,15.997,0.0113,0
2222,223,1787.6,667.5,1844.8,838.5,15.997,0.0146,0
2222,208,1576.6,676.6,1640.0,859.7,15.997,0.0162,0
2222,196,1346.5,701.2,1405.7,858.5,15.997,0.0112,0
2222,217,966.5,727.1,993.7,811.5,15.997,0.0113,0
2223,223,1790.3,668.1,1847.0,837.6,15.997,0.0152,0
2223,208,1576.8,673.8,1641.7,861.5,15.997,0.0168,0
2223,196,1345.3,701.4,1404.9,860.0,15.997,0.0112,0
2223,217,960.3,727.4,988.6,814.3,15.997,0.0113,0
2224,223,1790.9,665.3,1848.4,838.1,15.997,0.0156,0
2224,208,1577.8,672.0,1643.9,863.3,15.997,0.0173,0
2224,196,1343.9,701.9,1404.3,862.5,15.997,0.0112,0
2225,223,1791.2,665.3,1849.0,839.9,15.997,0.0160,0
2225,208,1579.4,671.8,1646.3,864.8,15.997,0.0178,0
2225,196,1341.5,702.1,1403.1,865.4,15.997,0.0112,0
2225,217,953.1,730.4,981.5,816.9,15.997,0.0113,0
2226,223,1791.8,666.0,1847.2,836.2,14.001,0.0169,0
2226,208,1590.6,672.1,1661.8,867.2,14.001,0.0190,0
2226,196,1340.2,702.6,1402.2,866.5,14.001,0.0112,0
2226,217,951.3,729.3,979.4,815.4,14.001,0.0113,0
2227,223,1791.6,666.6,1845.9,836.4,14.001,0.0177,0
2227,208,1594.4,672.2,1668.9,867.5,14.001,0.0200,0
2227,196,1340.5,702.0,1402.8,867.3,14.001,0.0112,0
2227,217,948.8,728.0,977.1,814.9,14.001,0.0113,0
2228,223,1790.6,664.3,1845.7,839.3,14.001,0.0187,0
2228,208,1594.7,672.3,1672.1,867.3,14.001,0.0212,0
2228,196,1339.2,701.3,1401.3,866.8,14.001,0.0112,0
2229,223,1791.1,663.1,1847.4,845.1,14.001,0.0199,0
2229,196,1337.6,700.6,1400.2,867.6,14.001,0.0112,0
2229,217,939.8,727.7,968.6,815.4,14.001,0.0113,0
2230,223,1792.1,662.8,1849.0,847.8,14.001,0.0208,0
2230,196,1334.5,700.8,1397.7,868.8,14.001,0.0112,0
2230,217,937.1,728.2,965.6,814.6,14.001,0.0113,0
2230,208,1582.8,672.1,1660.2,867.4,14.001,0.0212,0
2231,223,1793.1,662.9,1851.0,850.2,14.001,0.0217,0
2231,238,1003.2,735.9,1036.2,826.2,14.001,0.0153,0
2231,196,1331.6,700.5,1395.2,869.3,14.001,0.0218,0
2231,217,932.2,729.8,960.6,815.8,14.001,0.0113,0
2231,208,1579.9,671.8,1657.9,869.0,14.001,0.0212,0
2232,223,1790.6,664.7,1850.1,852.5,14.001,0.0228,0
2232,238,998.6,735.3,1030.8,823.5,14.001,0.0155,0
2232,196,1328.5,703.0,1392.2,871.0,14.001,0.0227,0
2232,208,1577.5,672.5,1654.8,869.3,14.001,0.0212,0
2233,223,1789.5,665.3,1851.1,855.0,14.001,0.0240,0
2233,238,990.2,735.7,1024.3,830.0,14.001,0.0160,0
2233,196,1325.8,703.4,1390.1,871.4,14.001,0.0236,0
2233,208,1576.4,673.4,1653.2,869.9,14.001,0.0212,0
2233,217,924.1,727.2,953.6,817.2,14.001,0.0113,0
2234,223,1789.5,665.9,1853.1,857.8,14.001,0.0255,0
2234,238,986.3,736.9,1020.0,830.3,14.001,0.0164,0
2234,196,1324.1,703.1,1390.2,873.7,14.001,0.0247,0
2234,208,1577.5,673.8,1654.2,870.5,14.001,0.0212,0
2234,217,918.7,729.0,947.8,817.9,14.001,0.0113,0
2235,223,1789.7,667.7,1855.2,862.6,14.001,0.0274,0
2235,238,980.6,737.6,1013.2,827.7,14.001,0.0167,0
2235,196,1321.8,704.2,1388.1,873.6,14.001,0.0258,0
2235,208,1577.6,673.1,1653.3,868.4,14.001,0.0212,0
2236,223,1791.6,669.0,1857.9,865.0,14.001,0.0294,0
2236,238,976.0,737.1,1009.5,829.1,14.001,0.0171,0
2236,196,1318.1,704.0,1385.8,874.3,14.001,0.0270,0
2236,208,1577.0,672.0,1650.7,863.0,14.001,0.0212,0
2237,223,1791.8,669.8,1859.1,868.1,12.006,0.0336,0
2237,238,970.1,737.8,1004.2,831.4,12.006,0.0181,0
2237,196,1315.7,701.7,1384.6,874.0,12.006,0.0293,0
2237,208,1577.3,671.0,1649.8,859.2,12.006,0.0212,0
2237,217,908.6,727.5,936.8,812.9,12.006,0.0113,0
2238,223,1790.3,669.7,1857.5,867.4,10.010,0.0406,0
2238,238,965.2,736.2,999.3,828.8,10.010,0.0193,0
2238,196,1312.4,699.0,1382.1,872.5,10.010,0.0331,0
2238,208,1578.5,669.2,1651.8,859.3,10.010,0.0212,0
2238,217,903.1,724.9,932.6,813.0,10.010,0.0113,0
2239,223,1786.3,669.6,1853.0,868.5,10.010,0.0501,0
2239,238,959.0,728.8,994.2,823.9,10.010,0.0204,0
2239,196,1306.9,698.2,1376.8,871.5,10.010,0.0372,0
2239,208,1577.0,668.5,1650.9,861.9,10.010,0.0212,0
2239,217,898.1,722.6,929.8,816.3,10.010,0.0113,0
2240,223,1782.8,668.8,1848.0,869.1,10.010,0.0635,0
2240,238,953.2,726.8,988.9,822.5,10.010,0.0216,0
2240,196,1301.2,695.5,1371.9,871.2,10.010,0.0424,0
2240,208,1575.2,665.7,1649.0,861.2,10.010,0.0212,0
2240,217,893.5,721.9,925.3,815.9,10.010,0.0113,0
2241,223,1781.7,668.1,1845.1,869.2,10.010,0.0823,0
2241,238,949.3,728.9,983.8,820.2,10.010,0.0226,0
2241,196,1294.7,693.9,1365.1,870.2,10.010,0.0486,0
2241,208,1571.9,666.6,1644.6,859.7,10.010,0.0212,0
2241,217,891.3,721.9,923.0,815.8,10.010,0.0113,0
2242,223,1779.3,668.0,1840.6,866.5,10.010,0.1005,0
2242,238,943.7,729.2,978.2,820.3,10.010,0.0236,0
2242,196,1290.4,691.8,1360.7,869.1,10.010,0.0548,0
2242,208,1570.6,663.0,1644.7,861.7,10.010,0.0212,0
2242,217,885.8,720.8,917.3,814.0,10.010,0.0113,0
2243,223,1777.2,665.3,1838.9,866.8,10.010,0.1240,0
2243,196,1287.5,690.8,1357.3,869.0,10.010,0.0623,0
2243,208,1568.9,667.2,1641.4,862.6,10.010,0.0212,0
2244,223,1772.6,668.8,1833.9,864.7,10.010,0.1479,0
2244,208,1567.9,668.5,1640.0,863.0,10.010,0.0212,0
2244,238,930.6,724.1,966.1,818.1,10.010,0.0236,0
2244,217,877.0,719.8,908.8,814.5,10.010,0.0113,0
2245,223,1768.1,669.4,1830.8,864.4,10.010,0.1722,0
2245,208,1564.9,665.1,1637.6,860.3,10.010,0.1169,0
2245,238,926.7,721.8,961.7,814.7,10.010,0.0236,0
2245,217,873.1,719.3,903.2,808.0,10.010,0.0113,0
2245,196,1284.0,687.0,1356.7,868.7,10.010,0.0623,0
2246,223,1763.3,668.6,1828.2,863.8,10.010,0.1962,0
2246,208,1561.3,659.8,1635.3,858.6,10.010,0.1383,0
2246,238,923.0,724.5,957.0,815.8,10.010,0.0236,0
2246,217,866.7,717.2,898.5,809.9,10.010,0.0113,0
2246,196,1277.1,686.8,1348.9,867.9,10.010,0.0623,0
2247,223,1761.5,668.4,1828.5,864.7,10.010,0.2199,0
2247,208,1558.8,658.8,1633.1,858.2,10.010,0.1618,0
2247,217,861.7,715.2,894.4,809.0,10.010,0.0113,0
2247,196,1270.6,685.9,1342.0,867.3,10.010,0.0623,0
2248,223,1761.3,668.3,1829.9,866.2,10.010,0.2439,0
2248,208,1557.8,659.2,1631.8,856.6,10.010,0.1853,0
2248,217,856.1,715.6,889.4,810.7,10.010,0.0113,0
2248,196,1265.4,687.2,1336.3,868.5,10.010,0.0623,0
2248,238,906.5,721.3,940.6,815.3,10.010,0.0236,0
2249,223,1759.0,668.1,1828.9,868.0,7.998,0.2866,0
2249,208,1557.1,659.1,1631.8,857.8,7.998,0.2263,0
2249,217,850.5,715.7,885.7,815.4,7.998,0.0113,0
2249,196,1262.5,688.0,1333.5,870.1,7.998,0.0623,0
2249,238,898.8,719.7,933.6,818.8,7.998,0.0236,0
2250,223,1754.5,666.8,1825.0,869.5,7.998,0.3282,0
2250,208,1555.6,660.9,1630.6,858.0,7.998,0.2661,0
2250,255,1081.5,691.3,1128.0,838.6,7.998,0.0650,0
2250,217,846.2,716.0,881.1,814.0,7.998,0.0113,0
2250,196,1258.6,688.5,1329.3,871.1,7.998,0.0623,0
2250,238,893.5,719.2,927.0,815.5,7.998,0.0236,0
2251,223,1748.2,665.0,1818.8,870.9,7.998,0.3689,0
2251,208,1554.0,664.6,1628.7,857.9,7.998,0.3023,0
2251,255,1075.1,696.9,1119.8,836.5,7.998,0.0737,0
2251,217,842.1,715.5,876.2,810.3,7.998,0.0113,0
2251,196,1255.0,688.8,1325.0,870.6,7.998,0.0623,0
2251,238,889.6,721.5,922.9,818.1,7.998,0.0236,0
2252,223,1743.2,664.7,1813.2,872.7,7.998,0.4055,0
2252,208,1550.1,663.2,1626.1,858.3,7.998,0.3359,0
2252,255,1066.5,683.3,1115.3,836.8,7.998,0.0864,0
2252,217,836.7,715.3,870.0,806.9,7.998,0.0113,0
2252,196,1250.4,688.4,1320.6,871.1,7.998,0.0623,0
2252,238,882.9,721.0,915.8,817.4,7.998,0.0236,0
2253,223,1738.9,664.8,1808.7,876.3,7.998,0.4326,0
2253,208,1548.1,666.0,1623.2,856.9,7.998,0.3562,0
2253,255,1061.6,679.4,1111.7,837.6,7.998,0.0988,0
2253,217,830.0,716.2,864.3,808.6,7.998,0.0113,0
2253,196,1246.1,688.7,1315.9,870.7,7.998,0.0623,0
2253,238,878.6,720.7,911.5,816.2,7.998,0.0236,0
2254,223,1735.4,664.3,1805.1,879.1,7.998,0.4519,0
2254,208,1542.2,659.8,1619.7,856.7,7.998,0.3723,0
2254,255,1056.3,677.6,1106.9,837.9,7.998,0.1107,0
2254,217,827.4,717.3,861.7,809.4,7.998,0.0113,0
2254,196,1241.3,689.1,1310.7,870.7,7.998,0.0623,0
2254,238,872.5,720.8,905.6,816.2,7.998,0.0236,0
2255,223,1732.2,664.6,1802.0,881.8,7.998,0.4694,0
2255,208,1537.7,657.5,1616.1,858.4,7.998,0.3887,0
2255,255,1049.4,677.5,1100.1,840.0,7.998,0.1252,0
2255,217,820.5,717.4,855.6,810.9,7.998,0.0113,0
2255,196,1236.7,688.5,1306.5,871.4,7.998,0.0623,0
2255,238,867.3,718.9,901.2,815.5,7.998,0.0236,0
2256,223,1726.3,665.6,1796.4,882.0,7.998,0.4832,0
2256,208,1532.3,655.4,1610.9,859.8,7.998,0.4045,0
2256,255,1044.3,678.0,1095.1,841.3,7.998,0.1411,0
2256,217,814.6,716.0,849.7,807.4,7.998,0.0113,0
2256,196,1231.3,686.8,1301.9,871.7,7.998,0.0623,0
2256,238,860.0,720.5,893.9,815.7,7.998,0.0236,0
2257,223,1719.7,663.5,1791.3,881.1,7.998,0.4948,0
2257,208,1526.4,651.8,1605.4,860.4,7.998,0.4205,0
2257,255,1038.4,678.0,1089.4,842.0,7.998,0.1579,0
2257,217,809.7,714.8,846.2,809.3,7.998,0.0113,0
2257,196,1224.9,685.3,1297.2,875.2,7.998,0.0623,0
2257,238,854.3,719.1,889.1,815.9,7.998,0.0236,0
2258,223,1714.5,662.4,1788.0,881.3,7.998,0.5051,1
2258,208,1522.3,652.8,1600.5,861.2,7.998,0.4335,0
2258,255,1034.5,691.7,1082.3,842.8,7.998,0.1710,0
2258,217,804.3,715.7,840.8,807.9,7.998,0.0113,0
2258,196,1220.3,685.9,1292.3,876.4,7.998,0.0623,0
2258,238,846.9,715.8,882.9,816.0,7.998,0.0236,0
2259,223,1712.8,666.5,1786.6,882.3,7.998,0.5122,1
2259,208,1520.8,655.0,1596.7,861.7,7.998,0.4448,0
2259,255,1027.0,691.3,1074.7,843.6,7.998,0.1841,0
2259,217,797.8,714.6,836.3,811.2,7.998,0.0940,0
2259,196,1214.4,685.7,1286.4,876.8,7.998,0.0623,0
2259,238,839.8,715.7,876.1,816.4,7.998,0.0236,0
2260,223,1710.7,662.9,1787.9,885.5,7.998,0.5223,1
2260,208,1516.9,658.7,1590.4,861.6,7.998,0.4526,0
2260,255,1020.0,697.7,1065.4,844.2,7.998,0.1951,0
2260,217,788.7,717.4,825.4,810.4,7.998,0.1009,0
2260,196,1208.0,685.7,1280.3,877.7,7.998,0.3746,0
2260,238,832.9,718.8,869.1,817.9,7.998,0.0236,0
2261,223,1707.8,660.8,1787.2,888.2,7.998,0.5325,1
2261,208,1510.1,657.9,1584.0,861.0,7.998,0.4587,0
2261,255,1013.0,696.7,1059.1,845.8,7.998,0.2057,0
2261,217,784.9,715.8,822.9,811.0,7.998,0.1091,0
2261,196,1201.8,686.1,1273.5,876.5,7.998,0.3853,0
2261,238,826.1,722.6,862.3,820.4,7.998,0.0236,0
2262,223,1704.6,662.8,1785.0,891.7,7.998,0.5416,1
2262,208,1505.2,659.9,1579.7,862.8,7.998,0.4640,0
2262,255,1009.2,698.6,1055.2,846.7,7.998,0.2150,0
2262,196,1196.1,688.2,1267.9,879.6,7.998,0.3971,0
2263,223,1700.4,656.7,1783.0,894.3,7.998,0.5522,1
2263,208,1501.7,678.8,1572.3,865.5,7.998,0.4604,0
2263,255,1000.5,700.0,1045.7,847.1,7.998,0.2233,0
2263,196,1187.3,689.5,1259.0,877.9,7.998,0.4044,0
2263,217,771.0,715.1,807.9,806.7,7.998,0.1091,0
2263,238,810.6,722.6,847.2,820.8,7.998,0.0236,0
2264,223,1694.6,664.3,1774.2,896.4,7.998,0.5584,1
2264,255,992.1,703.1,1036.5,848.2,7.998,0.2305,0
2264,196,1181.4,691.2,1253.4,878.8,7.998,0.4112,0
2264,217,763.4,716.6,799.8,807.9,7.998,0.1091,0
2265,223,1685.2,663.5,1764.3,898.4,7.998,0.5622,1
2265,196,1175.9,693.3,1249.6,883.7,7.998,0.4183,0
2265,217,755.7,717.6,792.0,810.4,7.998,0.1091,0
2266,223,1680.8,665.8,1757.8,899.3,7.998,0.5641,1
2266,196,1169.3,694.6,1245.0,887.5,7.998,0.4269,0
2266,217,748.0,716.3,784.0,810.4,7.998,0.1091,0
2266,238,785.0,720.7,823.2,824.5,7.998,0.0236,0
2266,255,976.9,701.3,1022.5,851.9,7.998,0.2305,0
2267,223,1675.8,664.9,1752.7,901.8,7.998,0.5670,1
2267,196,1160.9,697.1,1236.9,889.4,7.998,0.4357,0
2267,217,740.5,717.1,776.4,811.3,7.998,0.1091,0
2267,238,778.9,722.7,817.3,827.3,7.998,0.0236,0
2267,255,969.7,703.9,1014.3,851.4,7.998,0.2305,0
2268,223,1669.7,668.1,1746.6,905.7,7.998,0.5700,1
2268,196,1154.2,698.1,1230.8,891.6,7.998,0.4457,0
2268,255,959.8,707.7,1003.3,853.4,7.998,0.2305,0
2269,223,1661.6,665.2,1739.8,907.2,7.998,0.5734,1
2269,196,1145.3,698.7,1222.7,893.8,7.998,0.4570,0
2269,255,952.4,709.4,995.7,853.6,7.998,0.2305,0
2269,217,723.1,718.6,760.0,815.9,7.998,0.1091,0
2269,238,757.3,724.0,796.2,827.6,7.998,0.0236,0
2270,223,1652.3,665.4,1731.9,907.9,7.998,0.5758,1
2270,196,1132.7,698.2,1209.8,892.7,7.998,0.4663,0
2270,255,945.0,709.1,988.9,854.3,7.998,0.2305,0
2270,217,717.0,719.8,752.4,814.8,7.998,0.1091,0
2270,238,749.1,724.6,788.3,827.3,7.998,0.0236,0
2271,223,1644.2,667.8,1725.1,908.3,7.998,0.5769,1
2271,196,1121.1,697.8,1199.2,894.5,7.998,0.4776,0
2271,255,935.2,709.9,979.1,855.7,7.998,0.2305,0
2271,217,709.5,719.2,745.1,815.6,7.998,0.1091,0
2271,238,740.1,723.0,780.5,828.2,7.998,0.0236,0
2271,208,1453.2,668.9,1533.3,875.1,7.998,0.4604,0
2272,223,1637.4,668.6,1721.6,912.8,7.998,0.5803,1
2272,196,1111.5,697.6,1190.1,895.6,7.998,0.4891,0
2272,255,926.4,708.3,970.5,855.4,7.998,0.2305,0
2272,238,731.8,721.4,772.0,827.2,7.998,0.0236,0
2272,208,1444.0,665.6,1526.2,879.0,7.998,0.4604,0
2273,223,1630.8,667.4,1718.0,916.6,7.998,0.5845,1
2273,196,1103.7,696.4,1182.5,895.5,7.998,0.4992,0
2273,255,918.2,708.8,963.0,857.7,7.998,0.2305,0
2273,238,723.9,720.3,766.3,832.7,7.998,0.0236,0
2273,208,1436.6,664.2,1519.1,881.5,7.998,0.4604,0
2273,217,694.1,718.8,729.4,815.1,7.998,0.1091,0
2274,223,1626.4,672.6,1713.1,917.6,7.998,0.5861,1
2274,196,1094.8,696.4,1173.9,896.4,7.998,0.5096,1
2274,255,909.0,709.0,954.4,857.8,7.998,0.2305,0
2274,238,716.2,720.5,758.4,832.7,7.998,0.0236,0
2274,208,1433.0,663.4,1513.4,879.9,7.998,0.4604,0
2274,217,687.8,719.9,721.5,813.4,7.998,0.1091,0
2275,223,1621.9,673.4,1708.3,915.6,7.998,0.5858,1
2275,196,1086.1,697.2,1164.5,897.2,7.998,0.5199,1
2275,258,793.5,718.4,834.8,834.2,7.998,0.2020,0
2275,255,899.3,711.4,945.0,858.9,7.998,0.2305,0
2275,238,706.6,720.7,749.0,834.9,7.998,0.0236,0
2275,208,1427.4,663.1,1507.2,879.9,7.998,0.4604,0
2276,223,1613.8,673.7,1700.9,918.3,7.998,0.5870,1
2276,196,1077.9,697.7,1156.7,899.3,7.998,0.5318,1
2276,258,784.4,719.1,825.0,834.5,7.998,0.2200,0
2276,238,695.9,720.4,739.7,841.3,7.998,0.0236,0
2276,208,1420.6,665.2,1500.1,882.2,7.998,0.4604,0
2276,217,671.0,719.8,705.7,816.8,7.998,0.1091,0
2277,223,1606.6,675.0,1693.0,920.7,7.998,0.5883,1
2277,196,1067.3,700.1,1145.4,900.5,7.998,0.5438,1
2277,258,774.9,720.1,814.8,834.4,7.998,0.2376,0
2277,238,689.3,720.9,732.0,840.4,7.998,0.0236,0
2277,208,1411.0,668.4,1490.8,884.6,7.998,0.4604,0
2277,217,663.8,720.3,698.8,817.7,7.998,0.1091,0
2277,255,878.7,715.3,925.2,861.0,7.998,0.2305,0
2278,223,1604.7,679.6,1689.4,923.0,7.998,0.5894,1
2278,196,1056.7,701.7,1134.6,903.5,7.998,0.5582,1
2278,258,766.0,718.8,806.5,835.8,7.998,0.2560,0
2278,238,679.8,722.3,723.3,844.7,7.998,0.0236,0
2278,208,1401.4,672.7,1481.8,886.4,7.998,0.4604,0
2278,255,869.1,716.5,917.0,863.1,7.998,0.2305,0
2279,223,1593.1,682.6,1676.0,920.9,7.998,0.5875,1
2279,196,1049.8,703.9,1127.4,905.6,7.998,0.5726,1
2279,258,757.1,721.8,796.4,836.5,7.998,0.2744,0
2279,238,669.5,721.9,713.1,846.3,7.998,0.0236,0
2279,208,1392.9,676.3,1474.4,887.8,7.998,0.4604,0
2279,255,858.7,717.0,907.6,863.1,7.998,0.2305,0
2280,223,1582.6,682.7,1666.6,925.1,7.998,0.5890,1
2280,196,1040.4,704.5,1118.4,908.7,7.998,0.5886,1
2280,258,746.2,723.3,785.2,839.2,7.998,0.2955,0
2280,238,660.2,722.0,702.7,844.3,7.998,0.0236,0
2280,208,1386.6,679.3,1469.0,888.4,7.998,0.4604,0
2280,255,848.5,716.9,898.5,863.0,7.998,0.2305,0
2281,223,1568.6,678.3,1654.0,928.8,7.998,0.5924,1
2281,196,1029.0,705.9,1106.6,909.9,7.998,0.6031,1
2281,258,737.5,724.9,776.0,839.7,7.998,0.3159,0
2281,238,649.2,721.2,692.2,846.8,7.998,0.0236,0
2281,208,1378.2,682.7,1461.9,890.0,7.998,0.4604,0
2281,255,836.3,717.1,886.8,862.7,7.998,0.2305,0
2281,217,624.3,720.4,659.3,819.4,7.998,0.1091,0
2282,223,1559.2,677.3,1645.8,930.6,6.003,0.6093,1
2282,196,1018.9,706.6,1097.2,911.2,6.003,0.6301,1
2282,258,727.9,723.2,765.9,837.5,6.003,0.3477,0
2282,238,642.4,722.1,683.2,841.6,6.003,0.0236,0
2282,208,1372.2,682.1,1457.1,890.1,6.003,0.4604,0
2282,255,824.6,718.5,874.3,860.5,6.003,0.2305,0
2282,217,614.8,719.7,650.1,819.6,6.003,0.1091,0
2283,223,1545.9,680.4,1634.1,931.7,6.003,0.6205,1
2283,196,1009.6,707.5,1088.0,913.2,6.003,0.6507,1
2283,258,718.7,726.1,755.2,837.0,6.003,0.3756,0
2283,238,632.1,723.7,674.5,848.5,6.003,0.0236,0
2283,208,1363.6,682.8,1450.3,891.9,6.003,0.4604,0
2283,255,812.3,717.4,863.1,860.3,6.003,0.2305,0
2284,223,1532.3,680.6,1623.4,933.8,6.003,0.6308,1
2284,196,1000.1,707.5,1078.7,914.6,6.003,0.6678,1
2284,258,706.9,726.0,744.4,840.5,6.003,0.4057,0
2284,238,622.1,723.0,665.1,851.4,6.003,0.5311,1
2284,208,1354.9,684.0,1442.2,893.2,6.003,0.4604,0
2284,255,798.8,716.3,850.4,861.3,6.003,0.2305,0
2285,223,1520.0,678.4,1615.1,936.5,6.003,0.6405,1
2285,196,989.3,707.6,1067.3,913.0,6.003,0.6794,1
2285,258,694.2,727.4,732.0,843.9,6.003,0.4365,0
2285,238,612.9,721.9,655.0,847.8,6.003,0.5493,1
2285,208,1345.5,692.1,1430.9,894.8,6.003,0.4604,0
2285,255,784.7,717.3,835.9,862.2,6.003,0.2305,0
2286,223,1510.3,677.3,1609.4,940.7,6.003,0.6508,1
2286,196,976.8,706.7,1055.9,915.6,6.003,0.6918,1
2286,258,683.1,728.4,720.2,844.1,6.003,0.4630,0
2286,238,600.7,721.5,644.2,852.7,6.003,0.5703,1
2286,208,1331.2,685.9,1419.2,896.2,6.003,0.5480,1
2286,255,772.0,716.1,824.0,865.1,6.003,0.2305,0
2286,217,574.0,721.2,609.1,822.7,6.003,0.1091,0
2287,223,1501.4,676.3,1604.2,945.1,6.003,0.6614,1
2287,196,964.0,707.5,1042.8,915.2,6.003,0.7008,1
2287,258,669.8,728.7,707.7,845.7,6.003,0.4877,0
2287,238,591.2,722.5,634.8,854.7,6.003,0.5886,1
2287,208,1316.9,684.4,1405.3,897.7,6.003,0.5558,1
2287,255,760.1,716.6,812.1,867.3,6.003,0.2305,0
2287,217,566.0,720.3,601.9,822.9,6.003,0.1091,0
2288,223,1491.4,677.8,1595.6,947.6,6.003,0.6707,1
2288,196,951.3,706.8,1030.5,916.0,6.003,0.7091,1
2288,258,658.6,729.2,696.3,846.4,6.003,0.5090,1
2288,238,578.5,722.1,622.1,855.6,6.003,0.6044,1
2288,208,1303.8,683.1,1391.4,898.2,6.003,0.5626,1
2288,255,749.5,716.5,802.1,869.2,6.003,0.2305,0
2289,223,1481.3,678.2,1587.3,949.9,6.003,0.6791,1
2289,196,937.6,706.3,1017.5,917.8,6.003,0.7176,1
2289,258,645.7,725.8,685.3,848.7,6.003,0.5290,1
2289,238,568.3,721.3,611.8,854.7,6.003,0.6163,1
2289,208,1292.0,683.0,1379.6,902.5,6.003,0.5708,1
2289,255,735.8,716.8,788.0,869.4,6.003,0.2305,0
2289,217,544.2,719.3,581.0,825.4,6.003,0.1091,0
2290,223,1468.4,679.1,1575.0,951.5,6.003,0.6864,1
2290,196,924.5,706.1,1004.2,917.0,6.003,0.7235,1
2290,258,635.0,727.0,674.1,848.0,6.003,0.5453,1
2290,238,556.8,719.8,600.7,853.8,6.003,0.6258,1
2290,208,1282.4,683.1,1369.7,906.9,6.003,0.5801,1
2290,255,724.6,717.6,776.5,868.4,6.003,0.2305,0
2291,223,1451.0,680.3,1557.5,953.6,6.003,0.6935,1
2291,196,909.7,706.4,989.6,918.0,6.003,0.7298,1
2291,258,621.3,724.0,661.7,848.6,6.003,0.5599,1
2291,238,546.7,719.9,591.1,854.4,6.003,0.6346,1
2291,208,1271.0,683.1,1356.5,906.4,6.003,0.5867,1
2291,255,709.3,719.2,761.2,869.4,6.003,0.2305,0
2291,217,520.9,719.0,557.7,824.3,6.003,0.1091,0
2292,223,1436.2,682.6,1541.7,956.2,6.003,0.7006,1
2292,196,893.8,707.0,973.9,918.6,6.003,0.7356,1
2292,258,609.2,725.2,648.6,846.8,6.003,0.5708,1
2292,208,1256.9,681.1,1341.8,907.7,6.003,0.5935,1
2292,255,694.2,719.8,745.5,868.2,6.003,0.6283,1
2293,223,1425.1,678.3,1530.5,959.7,6.003,0.7075,1
2293,196,878.2,706.1,959.5,920.8,6.003,0.7423,1
2293,258,596.9,724.2,636.5,846.8,6.003,0.5807,1
2293,255,678.2,719.1,730.2,868.9,6.003,0.6367,1
2293,238,521.6,718.0,566.1,854.2,6.003,0.6346,1
2294,223,1407.7,677.6,1512.7,962.9,6.003,0.7148,1
2294,196,861.1,708.0,942.8,921.4,6.003,0.7481,1
2294,258,583.1,726.0,621.6,847.0,6.003,0.5900,1
2294,255,665.7,719.5,717.6,869.1,6.003,0.6441,1
2295,223,1389.7,679.4,1494.1,965.7,6.003,0.7227,1
2295,196,844.1,708.7,927.0,924.6,6.003,0.7555,1
2295,258,571.4,727.8,608.8,846.2,6.003,0.5977,1
2295,255,653.6,719.0,705.1,868.1,6.003,0.6497,1
2295,208,1224.8,698.8,1303.2,911.5,6.003,0.5935,1
2295,238,499.2,718.8,542.5,854.1,6.003,0.6346,1
2296,223,1372.4,682.8,1476.4,968.7,6.003,0.7311,1
2296,196,827.6,709.5,911.1,926.5,6.003,0.7625,1
2296,258,558.8,722.6,596.9,843.9,6.003,0.6021,1
2296,255,636.8,717.6,689.2,869.1,6.003,0.6569,1
2296,208,1211.3,700.4,1288.9,913.5,6.003,0.5935,1
2296,217,471.6,718.8,516.0,851.9,6.003,0.1091,0
2297,223,1354.6,691.4,1458.5,971.8,6.003,0.7399,1
2297,196,811.1,712.4,894.0,926.8,6.003,0.7682,1
2297,258,544.9,723.1,583.0,845.5,6.003,0.6090,1
2297,255,622.5,718.1,674.9,869.0,6.003,0.6633,1
2297,208,1199.6,702.9,1275.4,914.3,6.003,0.5935,1
2298,223,1337.4,704.2,1440.9,976.0,6.003,0.7501,1
2298,196,793.6,712.5,877.5,928.5,6.003,0.7741,1
2298,258,530.2,719.5,569.8,848.6,6.003,0.6181,1
2298,255,607.7,716.3,660.6,869.0,6.003,0.6694,1
2298,208,1185.3,700.8,1262.5,917.1,6.003,0.5935,1
2298,238,473.8,717.2,505.2,815.1,6.003,0.6346,1
2298,217,443.6,717.4,488.3,854.9,6.003,0.1091,0
2299,223,1316.5,690.5,1428.9,980.4,6.003,0.7600,1
2299,196,776.5,711.3,861.6,929.3,6.003,0.7793,1
2299,258,517.1,717.0,556.7,847.4,6.003,0.6250,1
2299,255,592.8,716.3,644.6,867.6,6.003,0.6740,1
2299,208,1170.2,700.2,1247.3,918.0,6.003,0.5935,1
2299,238,461.5,715.1,492.1,810.3,6.003,0.6346,1
2299,217,426.2,714.1,471.5,854.7,6.003,0.1091,0
2300,223,1301.4,684.5,1418.7,984.5,6.003,0.7693,1
2300,196,758.6,710.0,844.9,930.3,6.003,0.7843,1
2300,258,504.2,716.0,543.2,845.6,6.003,0.6298,1
2300,255,580.4,714.6,630.9,864.4,6.003,0.6753,1
2300,208,1155.5,698.9,1231.8,917.0,6.003,0.5935,1
2300,238,450.4,715.5,479.9,806.9,6.003,0.6346,1
2300,217,415.2,715.9,459.3,855.9,6.003,0.1091,0
2301,223,1286.5,695.3,1401.2,986.4,6.003,0.7773,1
2301,196,741.3,709.4,827.4,929.3,6.003,0.7877,1
2301,258,489.7,719.4,527.4,846.7,6.003,0.6362,1
2301,255,562.2,711.9,614.2,867.1,6.003,0.6804,1
2301,208,1140.6,698.6,1215.7,915.2,6.003,0.5935,1
2301,238,436.7,715.7,466.8,809.0,6.003,0.6346,1
2301,217,401.6,717.1,443.3,850.0,6.003,0.1091,0
2302,223,1269.5,696.5,1385.3,988.6,6.003,0.7849,1
2302,196,722.9,708.0,809.0,929.2,6.003,0.7907,1
2302,258,475.2,716.9,512.5,844.2,6.003,0.6397,1
2302,255,546.6,711.1,598.9,870.1,6.003,0.6869,1
2302,208,1125.7,697.2,1200.5,914.3,6.003,0.5935,1
2302,238,425.3,717.0,455.0,809.6,6.003,0.6346,1
2303,223,1252.5,697.7,1366.5,987.3,6.003,0.7902,1
2303,196,703.4,705.9,789.8,927.5,6.003,0.7922,1
2303,258,461.4,713.9,499.4,845.3,6.003,0.6448,1
2303,255,532.8,708.5,584.6,868.3,6.003,0.6905,1
2303,208,1111.7,694.9,1186.8,915.6,6.003,0.5935,1
2303,238,410.8,713.9,441.3,809.3,6.003,0.6346,1
2303,217,373.4,716.4,414.3,845.7,6.003,0.1091,0
2304,196,686.5,704.0,772.3,925.9,6.003,0.7928,1
2304,258,447.4,716.6,483.8,844.0,6.003,0.6487,1
2304,255,516.0,706.9,567.7,867.4,6.003,0.6938,1
2304,208,1095.6,692.9,1170.6,915.8,6.003,0.5935,1
2304,238,395.6,711.8,426.2,807.4,6.003,0.6346,1
2304,217,357.0,716.7,399.2,848.6,6.003,0.1091,0
2305,196,670.0,703.5,755.0,924.0,6.003,0.7930,1
2305,258,431.5,715.6,468.0,844.9,6.003,0.6537,1
2305,255,499.7,709.4,550.6,867.5,6.003,0.6977,1
2305,208,1079.3,692.8,1154.2,916.4,6.003,0.5935,1
2305,238,381.8,710.0,412.9,807.2,6.003,0.6346,1
2305,217,344.1,714.4,386.9,849.7,6.003,0.1091,0
2305,223,1213.1,692.4,1326.5,988.6,6.003,0.7902,1
2306,196,652.0,702.9,736.8,923.4,6.003,0.7937,1
2306,258,417.3,713.2,453.9,843.9,6.003,0.6577,1
2306,255,483.5,708.0,534.4,866.9,6.003,0.7009,1
2306,208,1062.8,691.5,1138.2,918.1,6.003,0.5935,1
2306,238,368.3,708.1,399.0,804.3,6.003,0.6346,1
2306,217,330.8,715.4,373.5,850.2,6.003,0.1091,0
2306,223,1194.7,689.1,1307.4,991.4,6.003,0.7902,1
2307,196,632.7,701.8,718.3,924.1,6.003,0.7954,1
2307,258,402.4,711.8,439.0,843.1,6.003,0.6615,1
2307,255,467.2,707.4,518.2,868.0,6.003,0.7051,1
2307,208,1046.9,693.6,1122.4,921.0,6.003,0.5935,1
2307,238,355.8,707.0,385.9,800.9,6.003,0.6346,1
2307,217,318.5,710.2,360.7,845.1,6.003,0.1091,0
2307,223,1174.9,687.5,1285.4,991.6,6.003,0.7902,1
2308,196,615.0,700.7,701.4,925.9,6.003,0.7981,1
2308,258,388.3,710.2,425.4,843.8,6.003,0.6659,1
2308,255,451.2,708.3,501.9,867.7,6.003,0.7088,1
2308,208,1027.5,695.1,1103.1,921.9,6.003,0.5935,1
2308,238,342.4,704.9,374.0,803.7,6.003,0.6346,1
2308,217,302.9,710.4,344.9,844.1,6.003,0.1091,0
2308,223,1148.9,685.9,1259.6,992.4,6.003,0.7902,1
2309,196,597.3,700.8,682.8,924.3,6.003,0.7993,1
2309,258,374.2,710.8,409.9,839.1,6.003,0.6669,1
2309,208,1009.5,696.0,1086.2,923.4,6.003,0.5935,1
2309,238,330.1,704.0,362.6,805.7,6.003,0.6346,1
2309,217,284.8,711.5,327.7,845.7,6.003,0.1091,0
2309,223,1122.9,686.6,1234.5,994.0,6.003,0.7902,1
2310,196,578.3,702.3,664.1,926.9,6.003,0.8025,1
2310,258,359.7,709.8,395.6,839.8,6.003,0.6697,1
2310,208,990.9,699.3,1067.9,924.7,6.003,0.7151,1
2310,238,316.7,701.5,349.0,803.9,6.003,0.6346,1
2310,217,270.5,707.2,313.6,842.1,6.003,0.1091,0
2310,223,1096.2,688.5,1210.4,998.5,6.003,0.7902,1
2310,255,421.8,707.1,471.7,866.6,6.003,0.7088,1
2311,196,560.0,703.0,644.7,925.4,6.003,0.8040,1
2311,258,345.5,710.2,381.4,840.3,6.003,0.6730,1
2311,208,973.7,701.5,1051.7,926.1,6.003,0.7241,1
2311,238,300.1,700.3,334.8,809.6,6.003,0.6346,1
2311,217,256.5,703.1,299.3,835.1,6.003,0.1091,0
2311,223,1072.1,691.7,1189.3,1001.0,6.003,0.7902,1
2311,255,406.0,705.1,456.2,865.6,6.003,0.7088,1
2312,196,541.5,702.2,627.0,927.6,6.003,0.8072,1
2312,258,329.3,706.5,366.3,840.3,6.003,0.6764,1
2312,208,959.5,702.5,1038.0,926.8,6.003,0.7322,1
2312,238,287.5,701.6,320.9,807.6,6.003,0.6346,1
2312,217,242.2,702.0,287.6,842.1,6.003,0.1091,0
2312,223,1051.7,693.7,1172.2,1002.5,6.003,0.7902,1
2312,255,390.4,702.2,440.2,862.7,6.003,0.7088,1
2313,196,520.8,695.4,608.7,928.7,6.003,0.8100,1
2313,258,314.2,704.1,351.9,841.2,6.003,0.6805,1
2313,208,942.2,703.6,1021.7,927.7,6.003,0.7398,1
2313,238,273.3,699.0,308.8,812.9,6.003,0.6102,1
2313,217,226.8,698.3,273.5,843.0,6.003,0.1091,0
2313,223,1031.5,693.8,1156.4,1005.7,6.003,0.7902,1
2313,255,367.4,701.1,418.6,862.5,6.003,0.7088,1
2314,196,500.8,693.6,589.3,930.0,6.003,0.8130,1
2314,208,925.4,704.6,1005.5,928.8,6.003,0.7471,1
2314,238,257.5,697.0,292.5,809.5,6.003,0.6180,1
2314,217,212.9,696.5,259.7,841.7,6.003,0.1091,0
2314,223,1008.5,695.3,1135.5,1008.4,6.003,0.7902,1
2314,255,360.9,701.8,404.8,841.2,6.003,0.7088,1
2315,196,479.8,679.5,572.2,929.3,6.003,0.8141,1
2315,208,908.6,705.5,988.8,928.4,6.003,0.7527,1
2315,238,245.7,697.9,280.2,809.4,6.003,0.6252,1
2315,223,986.3,695.2,1115.5,1011.3,6.003,0.7902,1
2315,255,342.0,700.3,389.2,850.2,6.003,0.7088,1
2316,196,460.6,675.0,553.5,929.0,6.003,0.8151,1
2316,208,888.1,704.6,970.7,930.0,6.003,0.7592,1
2316,238,232.8,696.6,266.4,806.1,6.003,0.6305,1
2316,223,966.5,693.4,1097.1,1012.4,6.003,0.7902,1
2316,255,321.7,697.6,370.8,853.3,6.003,0.7088,1
2316,217,183.2,694.7,230.0,840.6,6.003,0.1091,0
2317,196,441.3,670.9,533.8,927.4,6.003,0.8151,1
2317,208,867.2,703.5,951.1,932.1,6.003,0.7661,1
2317,238,219.1,694.8,251.9,802.3,6.003,0.6344,1
2317,223,937.3,692.6,1068.4,1016.9,6.003,0.7902,1
2317,255,307.3,694.6,352.3,834.4,6.003,0.7088,1
2317,217,169.3,694.3,215.3,838.8,6.003,0.1091,0
2317,258,252.5,700.8,289.0,833.1,6.003,0.6805,1
2318,196,420.5,670.0,511.3,924.5,6.003,0.8143,1
2318,208,843.6,702.6,927.9,929.5,6.003,0.7698,1
2318,238,205.0,696.8,237.2,802.6,6.003,0.6386,1
2318,223,903.4,689.5,1036.5,1022.1,6.003,0.7902,1
2318,217,156.0,696.0,201.8,839.8,6.003,0.1091,0
2318,258,235.2,702.4,271.3,834.3,6.003,0.6805,1
2319,196,400.0,668.7,490.0,924.0,6.003,0.8141,1
2319,208,823.1,700.3,909.4,931.2,6.003,0.7750,1
2319,238,189.9,693.6,223.1,803.9,6.003,0.6437,1
2319,223,882.1,686.0,1013.5,1024.2,6.003,0.7902,1
2319,217,140.6,694.3,187.0,840.3,6.003,0.1091,0
2319,255,271.2,691.2,322.2,849.0,6.003,0.7088,1
2320,196,379.5,666.2,469.3,923.3,6.003,0.8142,1
2320,208,802.6,697.8,890.6,931.0,6.003,0.7792,1
2320,223,857.8,685.0,987.3,1024.8,6.003,0.8733,1
2320,217,126.3,691.6,172.1,837.5,6.003,0.1091,0
2321,196,360.2,666.5,447.5,919.6,6.003,0.8132,1
2321,208,780.4,696.4,869.6,933.8,6.003,0.7850,1
2321,223,834.5,684.3,962.6,1025.1,6.003,0.8761,1
2321,255,245.4,692.1,291.4,832.7,6.003,0.7088,1
2322,196,337.8,666.2,424.5,918.2,6.003,0.8129,1
2322,208,756.6,695.8,844.8,933.3,6.003,0.7891,1
2322,223,807.8,685.3,935.8,1026.3,6.003,0.8790,1
2322,255,226.6,692.2,270.0,824.7,6.003,0.7088,1
2322,238,147.0,686.7,182.0,802.7,6.003,0.6437,1
2322,217,98.5,688.1,139.5,817.0,6.003,0.1091,0
2323,196,317.4,676.9,399.9,917.7,6.003,0.8135,1
2323,208,733.8,694.0,822.8,938.3,6.003,0.7960,1
2323,223,777.7,685.7,907.6,1027.2,6.003,0.8818,1
2323,255,204.6,689.5,249.4,822.9,6.003,0.7088,1
2323,217,79.6,677.6,128.3,833.1,6.003,0.1091,0
2323,258,150.5,690.8,188.7,828.7,6.003,0.6805,1
2324,196,294.0,681.7,375.1,918.9,6.003,0.8155,1
2324,208,711.8,694.3,798.8,942.0,6.003,0.8030,1
2324,223,745.9,689.6,876.6,1025.9,6.003,0.8840,1
2324,217,63.9,676.4,112.1,832.6,6.003,0.1091,0
2324,238,113.4,683.7,148.8,802.8,6.003,0.6437,1
2325,196,270.0,681.8,350.9,919.4,6.003,0.8177,1
2325,223,715.0,690.3,848.8,1026.9,6.003,0.8864,1
2325,255,173.8,688.2,216.5,816.3,6.003,0.7088,1
2326,196,247.2,682.0,327.5,918.4,6.003,0.8194,1
2326,223,682.1,688.5,819.6,1027.8,6.003,0.8886,1
2326,255,152.1,683.6,204.3,838.2,6.003,0.7088,1
2326,217,34.0,672.5,79.1,817.7,6.003,0.1091,0
2327,196,224.1,682.3,302.9,914.1,6.003,0.8195,1
2327,223,650.4,694.3,788.5,1027.8,6.003,0.8908,1
2327,414,489.8,713.1,552.3,846.1,6.003,0.6265,1
2327,255,131.8,681.4,180.5,823.2,6.003,0.7088,1
2327,217,23.0,673.6,68.6,819.1,6.003,0.1091,0
2327,258,76.9,686.0,115.8,821.6,6.003,0.6805,1
2327,238,71.7,684.1,107.2,802.2,6.003,0.6437,1
2328,196,202.3,681.7,279.5,907.7,6.003,0.8177,1
2328,223,614.6,689.9,757.0,1028.7,6.003,0.8926,1
2328,414,465.9,709.7,530.0,846.5,6.003,0.6351,1
2328,255,112.9,677.1,164.4,829.0,6.003,0.7088,1
2328,217,4.3,667.9,52.2,819.8,6.003,0.1091,0
2328,258,55.7,674.4,99.0,822.3,6.003,0.6805,1
2329,196,177.7,680.9,255.5,909.4,6.003,0.8189,1
2329,223,577.7,685.1,723.8,1028.1,6.003,0.8938,1
2329,414,450.2,710.7,511.1,841.4,6.003,0.6386,1
2329,255,96.5,675.1,147.4,827.8,6.003,0.7088,1
2329,217,0.0,665.6,39.3,815.9,6.003,0.1091,0
2329,238,39.9,673.0,76.7,797.1,6.003,0.6437,1
2330,196,155.5,678.6,231.3,900.2,6.003,0.8160,1
2330,223,539.5,680.2,688.7,1029.3,6.003,0.8952,1
2330,414,420.8,706.7,485.4,841.1,6.003,0.6442,1
2330,255,78.5,673.2,129.0,827.5,6.003,0.7088,1
2330,258,18.3,669.4,60.9,816.0,6.003,0.6805,1
2331,196,131.0,675.3,206.1,894.0,7.001,0.8098,1
2331,223,512.8,675.5,661.9,1028.2,7.001,0.8944,1
2331,414,404.4,703.2,469.7,839.8,7.001,0.6420,1
2331,255,63.8,667.4,116.0,827.4,7.001,0.7088,1
2331,258,4.2,667.9,46.7,812.8,7.001,0.6805,1
2332,196,107.8,670.1,182.9,889.5,7.998,0.8028,1
2332,223,466.9,670.4,616.4,1026.9,7.998,0.8930,1
2332,414,389.5,704.5,454.1,840.9,7.998,0.6375,1
2332,255,54.0,662.5,106.3,817.7,7.998,0.7088,1
2332,208,560.2,699.0,640.2,936.5,7.998,0.8030,1
2332,238,0.0,664.8,36.5,802.9,7.998,0.6437,1
2333,196,86.2,666.4,160.9,883.8,7.998,0.7973,1
2333,223,436.3,664.4,582.1,1023.4,7.998,0.8917,1
2333,414,373.6,703.7,439.0,843.3,7.998,0.6377,1
2333,255,36.7,659.7,91.9,820.3,7.998,0.7088,1
2333,208,537.9,694.1,615.9,933.9,7.998,0.8030,1
2334,196,62.6,660.5,137.7,881.8,7.998,0.7937,1
2334,223,405.4,662.5,543.8,1013.4,7.998,0.8886,1
2334,255,17.9,654.7,73.6,817.9,7.998,0.7088,1
2334,208,511.4,690.5,589.1,930.9,7.998,0.8030,1
2335,196,43.5,655.6,117.1,876.7,7.998,0.7894,1
2335,223,371.7,655.2,505.6,1004.4,7.998,0.8846,1
2335,255,2.5,651.5,58.3,815.3,7.998,0.7088,1
2335,208,483.3,687.9,560.8,928.8,7.998,0.8030,1
2336,196,22.0,651.6,95.8,877.9,7.998,0.7882,1
2336,223,339.6,649.3,467.5,989.6,7.998,0.8783,1
2336,255,0.0,648.7,43.9,806.2,7.998,0.7088,1
2336,208,456.7,684.0,535.9,928.0,7.998,0.8030,1
2337,196,0.0,646.7,74.1,880.1,7.998,0.7891,1
2337,223,304.8,646.4,428.5,979.4,7.998,0.8721,1
2337,208,430.3,680.1,510.3,927.5,7.998,0.8030,1
2338,196,0.0,642.6,58.7,888.0,7.998,0.7924,1
2338,223,269.0,644.0,390.5,971.6,7.998,0.8666,1
2338,208,406.0,679.1,486.1,928.8,7.998,0.8030,1
2339,223,220.8,640.2,345.0,969.8,7.998,0.8637,1
2339,208,383.6,678.3,464.6,931.6,7.998,0.8030,1
2340,223,176.8,637.1,306.9,979.2,9.004,0.8636,1
2340,208,360.3,678.2,439.7,926.7,9.004,0.8030,1
2341,223,145.8,632.8,277.2,982.3,10.010,0.8625,1
2341,208,332.5,677.9,412.7,927.7,10.010,0.8030,1
2342,223,109.8,626.2,241.7,983.6,10.010,0.8629,1
2342,208,311.4,676.3,392.1,927.0,10.010,0.8030,1
2342,414,211.9,683.2,277.1,824.3,10.010,0.6377,1
2343,223,69.7,616.6,202.9,985.3,10.010,0.8639,1
2343,208,287.9,676.1,369.3,927.0,10.010,0.8030,1
2343,414,187.9,680.0,255.8,826.1,10.010,0.6377,1
2344,223,30.7,609.6,162.8,985.3,10.010,0.8648,1
2344,208,261.8,674.4,343.7,926.7,10.010,0.8030,1
2344,414,170.3,679.7,237.1,826.0,10.010,0.6377,1
2345,223,0.0,600.4,123.6,984.7,10.010,0.8652,1
2345,208,237.8,696.3,311.1,919.0,10.010,0.8030,1
2346,208,212.0,679.6,289.5,914.7,10.010,0.8030,1
2347,208,190.1,669.2,267.2,902.4,10.010,0.7876,1
2348,208,162.2,666.6,243.7,911.9,10.010,0.7899,1
2356,208,0.0,655.9,69.5,907.9,10.010,0.7899,1
2357,208,0.0,641.1,56.4,902.0,10.010,0.7899,1
2358,530,1723.1,601.9,1796.1,843.0,10.010,0.5384,1
2359,530,1724.9,602.1,1799.3,847.5,10.010,0.5457,1
2360,530,1727.0,601.2,1802.9,851.6,10.010,0.5535,1
2361,530,1730.4,598.9,1807.6,855.4,10.010,0.5617,1
2362,530,1735.6,596.1,1813.8,858.4,10.010,0.5699,1
2363,530,1743.6,592.3,1822.8,861.4,10.010,0.5785,1
2364,530,1752.2,587.3,1832.2,864.2,10.010,0.5876,1
2365,530,1761.3,581.5,1841.7,866.0,10.010,0.5969,1
2366,530,1776.0,575.4,1859.0,870.4,10.010,0.6074,1
2367,530,1791.9,572.4,1876.8,874.3,10.010,0.6172,1
2368,530,1808.7,568.2,1897.8,878.6,10.010,0.6267,1
2369,530,1819.3,566.5,1909.5,884.5,10.010,0.6357,1
2370,530,1832.7,564.7,1920.0,887.5,10.010,0.6433,1
2371,530,1843.8,561.9,1920.0,883.8,10.010,0.6482,1
2372,530,1853.2,557.5,1920.0,882.4,10.010,0.6531,1
2397,689,638.2,750.0,658.9,809.9,10.010,0.0968,0
2399,689,624.7,750.1,646.0,811.6,10.010,0.0968,0
2400,689,619.1,751.8,640.1,812.4,10.010,0.0968,0
2402,689,606.9,752.6,628.8,815.4,10.010,0.0968,0
2404,689,594.7,746.3,618.4,813.0,10.010,0.0968,0
2405,689,589.1,743.9,613.5,812.4,10.010,0.0968,0
2406,689,582.1,744.3,607.3,813.8,10.010,0.0968,0
2407,689,575.0,742.8,599.7,811.9,10.010,0.0968,0
2408,689,568.9,740.9,594.1,811.0,10.010,0.0968,0
2409,689,564.1,739.3,589.6,809.3,10.010,0.0968,0
2410,689,556.6,740.9,582.5,812.3,10.010,0.0968,0
2411,689,548.3,738.3,575.0,812.9,10.010,0.0968,0
2412,689,542.5,736.2,569.5,811.6,10.010,0.0968,0
2413,689,535.3,737.9,562.1,812.9,10.010,0.0968,0
2415,689,521.5,736.8,549.2,814.7,10.010,0.0968,0
2416,689,515.5,736.2,543.6,815.4,10.010,0.0968,0
2417,730,702.0,748.1,723.6,803.1,10.010,0.0530,0
2417,689,508.8,738.6,536.6,816.2,10.010,0.0968,0
2418,730,697.4,746.9,720.7,805.2,10.010,0.0545,0
2418,689,500.4,737.2,529.6,818.8,10.010,0.0968,0
2419,730,695.7,747.5,719.3,806.5,10.010,0.0563,0
2419,689,493.6,736.4,523.4,819.5,10.010,0.0968,0
2420,730,692.8,749.6,716.1,806.5,10.010,0.0582,0
2420,689,485.1,735.3,516.0,821.2,10.010,0.0968,0
2421,730,691.5,750.1,715.1,807.5,10.010,0.0604,0
2421,709,575.5,747.9,598.5,814.5,10.010,0.1957,0
2421,689,474.7,736.2,505.5,822.9,10.010,0.0968,0
2422,730,688.7,749.4,712.6,807.2,10.010,0.0626,0
2422,709,571.0,745.4,596.0,817.9,10.010,0.2074,0
2423,709,566.9,745.9,592.0,819.6,10.010,0.2209,0
2423,689,455.6,736.9,486.2,823.5,10.010,0.0968,0
2424,709,563.7,748.4,587.6,818.3,26.007,0.1513,0
2424,689,444.1,736.0,477.0,828.3,26.007,0.0968,0
2425,709,558.5,748.3,582.9,819.8,26.007,0.1085,0
2425,689,435.4,734.8,468.5,827.6,26.007,0.0968,0
2426,709,552.6,748.3,577.6,822.3,26.007,0.0787,0
2426,689,428.6,735.2,461.7,828.5,26.007,0.0968,0
2426,730,677.3,752.3,701.2,809.3,26.007,0.0626,0
2427,709,547.7,748.7,572.8,823.3,28.003,0.0561,0
2427,689,417.4,732.8,451.9,830.0,28.003,0.0968,0
2427,730,675.5,753.7,699.2,810.0,28.003,0.0626,0
2428,689,410.4,733.0,443.2,826.8,28.003,0.0968,0
2429,689,401.3,730.1,435.4,827.9,28.003,0.0968,0
2429,709,540.1,746.8,564.7,820.4,28.003,0.0561,0
2429,730,671.5,751.4,695.4,808.2,28.003,0.0626,0
2430,773,252.3,722.5,287.6,827.7,28.003,0.0841,0
2430,689,394.1,730.1,426.9,826.1,28.003,0.0968,0
2430,709,541.2,739.0,569.2,822.0,28.003,0.0561,0
2430,730,669.9,748.7,693.3,805.5,28.003,0.0626,0
2431,773,238.5,720.6,274.0,828.1,28.003,0.0666,0
2431,689,382.8,725.7,418.5,830.0,28.003,0.0968,0
2431,709,540.4,737.2,569.7,823.7,28.003,0.0561,0
2431,730,668.9,749.5,691.8,806.1,28.003,0.0626,0
2432,773,226.7,719.1,262.5,828.3,28.003,0.0549,0
2432,778,253.8,715.2,296.1,831.3,28.003,0.0558,0
2432,689,373.2,723.7,409.3,830.4,28.003,0.0968,0
2432,709,535.5,739.4,564.4,824.4,28.003,0.0561,0
2432,730,668.5,749.6,690.8,806.6,28.003,0.0626,0
2433,773,212.2,717.3,248.0,828.2,28.003,0.0469,0
2433,778,240.6,714.6,282.7,831.9,28.003,0.0478,0
2433,689,362.6,722.8,399.8,832.4,28.003,0.0968,0
2433,709,530.5,737.0,560.6,824.9,28.003,0.0561,0
2434,773,199.5,715.6,235.7,828.7,28.003,0.0414,0
2434,778,226.9,713.3,269.1,832.2,28.003,0.0422,0
2434,689,349.3,718.4,388.2,832.8,28.003,0.0968,0
2434,709,523.1,735.0,554.2,825.2,28.003,0.0561,0
2435,773,184.8,713.1,221.2,828.5,28.003,0.0375,0
2435,778,212.5,711.7,255.1,833.0,28.003,0.0383,0
2435,689,340.4,719.3,378.6,830.5,28.003,0.0968,0
2435,709,518.5,735.4,549.8,825.4,28.003,0.0561,0
2436,773,170.5,711.7,207.3,828.4,28.003,0.0347,0
2436,778,197.7,710.1,240.6,833.5,28.003,0.0355,0
2436,689,327.2,720.5,363.6,828.7,28.003,0.0968,0
2436,709,514.9,734.8,546.2,825.3,28.003,0.0561,0
2437,773,155.1,710.8,192.6,829.5,28.003,0.0327,0
2437,778,182.3,709.7,225.9,834.3,28.003,0.0335,0
2437,734,539.2,741.1,570.8,827.1,28.003,0.0155,0
2437,689,316.2,722.1,352.4,830.8,28.003,0.0968,0
2437,709,508.6,734.7,539.9,825.7,28.003,0.0561,0
2438,773,138.9,709.4,176.7,828.9,28.003,0.0312,0
2438,778,166.3,707.3,211.2,835.0,28.003,0.0320,0
2438,734,532.7,739.7,565.0,828.4,28.003,0.0151,0
2438,689,302.4,719.5,339.3,832.5,28.003,0.0234,0
2438,709,501.4,732.2,534.0,826.5,28.003,0.0561,0
2439,773,123.0,706.4,161.5,828.5,28.003,0.0300,0
2439,778,149.8,705.3,195.9,834.7,28.003,0.0310,0
2439,734,527.1,737.9,559.8,828.2,28.003,0.0148,0
2439,689,291.1,718.2,328.6,834.3,28.003,0.0229,0
2439,709,494.7,732.3,527.6,828.1,28.003,0.0561,0
2440,773,107.2,704.2,146.6,829.1,28.003,0.0308,0
2440,778,134.5,705.4,181.1,834.9,28.003,0.0318,0
2440,734,520.4,735.6,553.7,828.6,28.003,0.0150,0
2440,689,278.8,716.7,316.5,834.6,28.003,0.0235,0
2440,709,488.1,730.5,521.4,828.6,28.003,0.0561,0
2441,773,91.9,700.0,131.9,828.1,28.003,0.0315,0
2441,778,118.7,700.7,167.0,834.1,28.003,0.0327,0
2441,734,513.4,732.6,547.6,828.5,28.003,0.0151,0
2441,689,264.0,714.4,302.5,835.4,28.003,0.0241,0
2441,709,476.6,728.2,511.7,829.4,28.003,0.0561,0
2441,730,648.6,748.3,672.3,809.5,28.003,0.0626,0
2442,773,76.7,698.0,116.9,827.0,28.003,0.0322,0
2442,778,102.4,696.6,152.2,833.5,28.003,0.0336,0
2442,734,507.5,732.3,542.3,829.4,28.003,0.0153,0
2442,689,249.9,710.1,289.3,834.7,28.003,0.0248,0
2442,709,471.4,727.6,506.3,829.1,28.003,0.0561,0
2442,730,645.8,747.5,669.8,809.4,28.003,0.0626,0
2443,773,61.2,694.3,102.1,827.0,28.003,0.0332,0
2443,778,86.3,694.1,137.3,833.9,28.003,0.0348,0
2443,734,500.1,728.9,535.9,829.0,28.003,0.0155,0
2443,689,236.4,707.1,276.6,834.3,28.003,0.0256,0
2443,730,642.0,749.0,665.5,808.7,28.003,0.0626,0
2444,778,63.0,689.5,116.4,833.1,28.003,0.0362,0
2444,734,491.0,729.0,526.4,828.5,28.003,0.0158,0
2444,689,221.4,706.5,261.7,833.6,28.003,0.0264,0
2444,709,460.2,725.5,494.5,826.6,28.003,0.0561,0
2445,778,45.4,683.2,99.7,829.7,30.014,0.0360,0
2445,734,483.0,729.0,518.6,829.7,30.014,0.0157,0
2445,689,204.8,703.5,246.3,833.4,30.014,0.0264,0
2445,709,449.3,721.4,485.3,827.1,30.014,0.0561,0
2446,778,24.2,680.0,79.3,828.3,30.014,0.0363,0
2446,734,475.8,726.9,511.5,829.1,30.014,0.0157,0
2446,709,446.5,720.2,482.4,827.0,30.014,0.0561,0
2447,734,467.7,728.3,503.2,830.6,30.014,0.0158,0
2447,709,433.7,719.3,471.2,829.4,30.014,0.0561,0
2447,773,11.2,685.9,54.4,826.8,30.014,0.0332,0
2447,689,174.1,701.5,217.2,832.7,30.014,0.0264,0
2448,734,460.2,725.4,497.0,832.5,30.014,0.0160,0
2448,709,429.8,718.3,467.4,829.7,30.014,0.0561,0
2448,773,0.0,674.7,39.9,827.0,30.014,0.0332,0
2448,689,157.8,698.7,202.7,833.6,30.014,0.0264,0
2449,734,452.2,723.2,489.5,832.1,30.014,0.0161,0
2449,709,421.1,717.2,458.7,829.3,30.014,0.0561,0
2449,689,140.4,696.7,185.9,832.7,30.014,0.0264,0
2450,734,444.1,724.0,481.3,833.1,30.014,0.0162,0
2450,709,406.0,714.8,446.2,831.2,30.014,0.0561,0
2450,689,124.1,690.0,172.0,832.3,30.014,0.0264,0
2451,734,437.2,725.8,473.8,833.1,30.014,0.0164,0
2451,709,400.7,716.0,440.7,830.8,30.014,0.0561,0
2451,689,105.9,686.6,153.9,831.7,30.014,0.0264,0
2452,734,429.4,722.5,467.2,833.8,30.014,0.0165,0
2453,734,420.1,719.6,459.5,835.0,30.014,0.0167,0
2453,709,383.0,713.8,424.0,832.5,30.014,0.0561,0
2454,734,410.4,718.3,450.8,836.5,30.014,0.0170,0
2454,709,374.8,713.2,415.5,832.6,30.014,0.0561,0
2455,734,399.6,713.3,441.5,836.1,30.014,0.0172,0
2455,709,364.5,718.0,403.5,832.8,30.014,0.0561,0
2456,734,388.9,710.5,431.4,836.2,30.014,0.0175,0
2456,709,356.0,712.5,396.8,833.4,30.014,0.0561,0
2457,734,379.3,708.7,423.2,838.0,30.014,0.0179,0
2457,709,346.1,706.9,388.3,833.3,30.014,0.0561,0
2458,734,370.3,707.6,414.6,838.5,30.014,0.0182,0
2458,709,337.2,707.3,379.0,834.2,30.014,0.0561,0
2459,734,359.9,708.3,404.5,839.9,30.014,0.0186,0
2459,645,597.6,731.5,628.2,815.1,30.014,0.0111,0
2459,709,327.3,708.8,368.5,834.6,30.014,0.0561,0
2460,734,349.3,708.6,393.3,838.3,30.014,0.0190,0
2460,645,592.2,731.3,622.9,815.8,30.014,0.0112,0
2460,709,313.8,703.2,356.4,835.7,30.014,0.0561,0
2461,734,337.9,707.0,382.9,839.1,30.014,0.0194,0
2461,645,586.5,730.0,617.6,815.9,30.014,0.0112,0
2461,709,302.7,703.5,345.5,838.5,30.014,0.0561,0
2462,734,326.3,706.4,372.9,842.9,30.014,0.0201,0
2462,645,581.1,731.6,611.5,816.4,30.014,0.0113,0
2462,709,290.6,700.4,334.1,840.0,30.014,0.0561,0
2463,734,315.1,708.6,361.9,844.1,30.014,0.0207,0
2463,645,574.8,731.2,605.6,817.3,30.014,0.0114,0
2463,709,279.2,697.0,323.5,840.6,30.014,0.0561,0
2464,734,300.6,704.3,350.1,847.0,30.014,0.0214,0
2464,645,569.7,731.1,600.4,817.5,30.014,0.0115,0
2464,709,266.9,700.8,309.5,841.4,30.014,0.0561,0
2465,734,287.2,709.8,335.7,849.2,30.014,0.0223,0
2465,645,564.5,730.8,596.2,820.0,30.014,0.0117,0
2466,734,272.5,701.8,324.0,851.1,30.014,0.0232,0
2466,645,558.6,732.8,589.9,821.2,30.014,0.0118,0
2467,645,552.6,732.9,584.1,822.6,30.014,0.0119,0
2468,645,545.7,728.7,579.2,825.7,30.014,0.0121,0
2468,798,504.0,738.3,537.3,824.4,30.014,0.0126,0
2468,734,244.7,707.0,295.4,853.7,30.014,0.0232,0
2469,645,539.4,731.5,572.5,827.2,30.014,0.0123,0
2469,798,494.9,737.4,528.1,824.1,30.014,0.0128,0
2469,734,227.6,700.8,280.9,855.3,30.014,0.0232,0
2470,645,532.7,732.2,565.9,828.6,30.014,0.0125,0
2470,798,486.0,734.8,520.2,825.3,30.014,0.0130,0
2470,734,213.7,700.7,267.1,856.3,30.014,0.0232,0
2471,645,526.0,731.6,559.7,829.8,30.014,0.0128,0
2471,798,479.6,735.4,513.9,826.0,30.014,0.0132,0
2471,734,199.9,693.5,255.1,855.2,30.014,0.0232,0
2472,645,518.6,728.7,553.1,829.7,30.014,0.0130,0
2472,798,471.9,733.2,507.4,827.3,30.014,0.0134,0
2472,734,183.6,690.9,240.4,858.0,30.014,0.0232,0
2473,645,512.0,729.9,546.5,830.0,30.014,0.0132,0
2473,798,464.3,730.1,501.3,828.8,30.014,0.0137,0
2473,734,167.0,686.3,224.8,858.9,30.014,0.0232,0
2474,645,504.8,730.5,539.8,831.3,30.014,0.0134,0
2474,798,456.5,730.1,493.4,828.2,30.014,0.0139,0
2474,734,150.5,683.4,209.4,860.6,30.014,0.0232,0
2475,645,498.0,729.2,534.0,832.8,30.014,0.0137,0
2475,798,448.2,730.5,485.4,828.4,30.014,0.0141,0
2475,734,132.6,679.3,192.6,861.5,30.014,0.0232,0
2475,709,134.2,677.5,189.2,861.5,30.014,0.0561,0
2476,645,491.1,726.7,528.2,834.1,30.014,0.0140,0
2476,798,439.7,731.4,477.6,831.8,30.014,0.0145,0
2476,734,116.7,688.5,174.8,863.8,30.014,0.0232,0
2477,645,482.3,726.1,519.5,834.7,30.014,0.0143,0
2477,798,429.9,729.0,469.0,832.8,30.014,0.0148,0
2477,734,95.3,679.5,156.5,865.5,30.014,0.0232,0
2478,645,473.0,724.9,510.9,836.8,30.014,0.0147,0
2478,798,418.0,727.3,458.5,834.9,30.014,0.0152,0
2478,734,74.3,670.2,138.8,867.3,30.014,0.0232,0
2479,645,463.2,724.6,502.0,839.3,30.014,0.0151,0
2479,798,407.6,726.5,449.0,836.8,30.014,0.0156,0
2479,734,52.4,663.3,119.6,868.7,30.014,0.0232,0
2480,645,452.7,723.7,492.5,841.3,30.014,0.0156,0
2480,798,396.8,725.5,439.5,839.0,30.014,0.0161,0
2480,734,35.7,665.8,101.9,871.1,30.014,0.0232,0
2481,645,441.4,721.3,482.5,843.0,30.014,0.0161,0
2481,798,384.7,726.7,427.6,841.4,30.014,0.0166,0
2481,734,16.2,659.6,84.5,872.2,30.014,0.0232,0
2482,645,429.9,719.9,472.8,845.5,30.014,0.0166,0
2482,798,373.8,725.1,417.7,843.7,30.014,0.0172,0
2482,734,0.0,652.1,69.7,874.3,30.014,0.0232,0
2483,645,420.8,722.1,464.0,848.4,30.014,0.0172,0
2483,798,363.1,720.8,408.1,843.4,30.014,0.0178,0
2483,829,513.6,733.3,548.3,832.5,30.014,0.0129,0
2484,645,410.1,720.1,454.6,850.0,30.014,0.0179,0
2484,798,352.3,722.5,397.5,845.5,30.014,0.0185,0
2484,829,507.8,732.9,543.6,833.5,30.014,0.0132,0
2485,645,399.1,716.9,445.5,851.8,30.014,0.0187,0
2485,798,339.3,722.3,384.3,845.9,30.014,0.0192,0
2485,829,509.7,733.6,543.8,831.6,30.014,0.0134,0
2486,645,388.5,715.6,435.7,852.7,30.014,0.0195,0
2486,798,324.0,718.7,370.1,846.9,30.014,0.0200,0
2486,829,503.8,728.3,540.2,832.9,30.014,0.0137,0
2487,645,376.4,713.9,425.0,855.0,30.014,0.0204,0
2487,798,310.3,713.6,358.4,848.9,30.014,0.0209,0
2487,829,503.8,723.0,539.6,827.5,30.014,0.0138,0
2488,645,365.3,715.1,413.8,855.4,30.014,0.0214,0
2488,798,294.9,713.5,343.0,850.4,30.014,0.0219,0
2488,829,501.5,720.8,536.6,823.9,30.014,0.0139,0
2488,875,66.8,659.2,117.4,841.4,30.014,0.0341,0
2489,645,351.9,711.6,402.0,857.3,30.014,0.0225,0
2489,798,281.1,709.7,330.4,851.3,30.014,0.0229,0
2489,829,497.4,721.0,532.3,823.2,30.014,0.0140,0
2489,875,54.4,660.9,103.8,841.7,30.014,0.0355,0
2490,645,336.5,708.4,387.5,858.7,30.014,0.0237,0
2490,798,262.4,704.3,313.3,852.0,30.014,0.0241,0
2490,829,493.8,720.1,528.7,823.1,30.014,0.0142,0
2490,875,43.1,662.5,91.7,842.0,30.014,0.0368,0
2491,645,320.8,705.7,372.9,861.9,30.014,0.0252,0
2491,798,245.7,699.5,297.6,852.0,30.014,0.0254,0
2491,829,489.8,719.0,525.7,824.7,30.014,0.0143,0
2491,875,30.4,658.4,79.8,839.8,30.014,0.0382,0
2492,645,306.5,704.6,357.5,859.3,30.014,0.0265,0
2492,798,228.7,701.4,280.4,853.5,30.014,0.0267,0
2492,829,485.2,717.1,521.7,824.8,30.014,0.0145,0
2492,875,17.2,657.4,67.3,838.4,30.014,0.0394,0
2493,645,292.0,706.7,341.0,856.9,30.014,0.0277,0
2493,798,210.0,696.1,264.0,854.8,30.014,0.0282,0
2493,829,481.1,716.9,517.8,825.3,30.014,0.0146,0
2493,875,5.9,669.0,53.9,837.7,30.014,0.0402,0
2494,645,277.0,704.3,328.4,862.8,30.014,0.0295,0
2494,798,190.3,694.1,246.5,856.4,30.014,0.0300,0
2494,829,476.3,716.3,513.4,825.7,30.014,0.0147,0
2494,868,525.6,723.2,559.9,819.6,30.014,0.0127,0
2495,645,259.1,700.5,312.4,865.6,30.014,0.0315,0
2495,798,169.8,691.8,228.8,858.4,30.014,0.0319,0
2495,829,471.7,716.6,508.9,826.4,30.014,0.0148,0
2495,868,522.1,723.2,556.5,820.6,30.014,0.0128,0
2496,645,240.0,700.4,294.7,869.5,30.014,0.0339,0
2496,798,150.4,692.4,211.3,860.3,30.014,0.0341,0
2496,829,467.1,715.4,504.5,826.6,30.014,0.0149,0
2496,868,518.9,721.8,553.8,821.1,30.014,0.0129,0
2496,892,1218.2,720.7,1245.5,792.8,30.014,0.0080,0
2497,645,222.3,699.2,278.7,871.4,30.014,0.0366,0
2497,798,133.5,698.9,194.7,862.4,30.014,0.0365,0
2497,829,462.9,714.6,500.9,827.9,30.014,0.0151,0
2497,868,515.7,721.4,551.2,823.0,30.014,0.0130,0
2497,892,1221.9,720.9,1249.5,794.1,30.014,0.0080,0
2498,645,202.5,698.0,261.4,874.7,30.014,0.0399,0
2498,798,113.9,692.1,178.9,863.2,30.014,0.0390,0
2498,829,459.3,713.8,498.1,829.7,30.014,0.0152,0
2498,868,513.3,720.4,549.7,825.3,30.014,0.0132,0
2499,645,181.3,695.7,242.8,878.2,30.014,0.0437,0
2499,798,95.6,689.9,162.3,863.9,30.014,0.0418,0
2499,829,453.7,711.9,493.1,830.0,30.014,0.0153,0
2499,868,507.9,719.0,545.5,827.6,30.014,0.0134,0
2499,892,1230.1,721.6,1257.3,794.9,30.014,0.0080,0
2500,645,160.4,692.7,224.2,880.5,30.014,0.0482,0
2500,798,74.7,686.3,143.3,865.3,30.014,0.0450,0
2500,829,448.5,710.3,488.0,829.4,30.014,0.0154,0
2500,868,504.8,718.9,542.5,828.3,30.014,0.0136,0
2501,645,138.7,685.0,205.8,883.4,30.014,0.0536,0
2501,798,53.6,682.0,123.8,865.8,30.014,0.0484,0
2501,829,441.3,710.0,481.6,831.3,30.014,0.0156,0
2501,868,503.1,719.9,542.2,830.0,30.014,0.0138,0
2501,901,326.1,709.1,372.4,855.1,30.014,0.0228,0
2501,892,1237.2,722.0,1264.5,796.2,30.014,0.0080,0
2502,645,116.0,679.8,184.6,885.1,30.014,0.0600,0
2502,798,28.7,672.7,101.6,866.5,30.014,0.0523,0
2502,829,435.8,710.3,477.7,836.0,30.014,0.0159,0
2502,901,311.0,705.8,357.6,855.1,30.014,0.0239,0
2502,892,1242.8,720.7,1271.1,797.2,30.014,0.0080,0
2503,645,91.9,672.8,161.8,886.1,30.014,0.0676,0
2503,829,430.4,707.0,473.3,835.2,30.014,0.0161,0
2503,901,295.0,704.4,341.8,856.8,30.014,0.0251,0
2503,892,1245.9,719.9,1273.8,796.5,30.014,0.0080,0
2504,645,67.5,668.2,137.8,886.8,30.014,0.0766,0
2504,829,426.2,707.3,470.2,835.5,30.014,0.0164,0
2504,901,279.7,702.4,327.5,860.5,30.014,0.0266,0
2505,645,44.2,665.0,112.4,882.0,30.014,0.0853,0
2505,829,419.9,707.3,464.8,835.3,30.014,0.0167,0
2505,901,262.8,697.6,311.7,861.1,30.014,0.0281,0
2505,892,1252.8,719.3,1280.5,796.0,30.014,0.0080,0
2506,645,15.2,654.6,86.4,887.4,30.014,0.0983,0
2506,829,409.3,706.3,455.3,836.6,30.014,0.0171,0
2506,901,245.4,693.0,295.9,863.1,30.014,0.0300,0
2507,829,400.5,704.1,447.7,837.4,30.014,0.0174,0
2507,901,225.3,689.1,277.3,864.3,30.014,0.0322,0
2507,892,1262.3,719.7,1288.5,793.8,30.014,0.0080,0
2508,829,398.9,703.9,448.2,838.6,30.014,0.0178,0
2508,901,204.4,685.7,258.3,865.9,30.014,0.0346,0
2508,892,1267.2,718.6,1292.6,791.0,30.014,0.0080,0
2509,829,392.5,703.8,444.1,839.4,30.014,0.0182,0
2509,901,179.9,682.5,236.9,867.5,30.014,0.0373,0
2509,868,466.2,708.4,512.6,836.1,30.014,0.0138,0
2510,829,385.0,702.8,438.7,840.6,28.003,0.0191,0
2510,901,156.2,680.4,216.3,868.4,28.003,0.0417,0
2510,868,461.5,710.3,507.6,834.7,28.003,0.0138,0
2511,829,376.0,700.3,432.9,844.1,28.003,0.0199,0
2511,901,133.5,677.8,197.5,870.7,28.003,0.0466,0
2512,901,111.5,678.1,178.1,872.1,28.003,0.0523,0
2512,868,450.6,709.4,497.1,836.8,28.003,0.0138,0
2513,901,89.7,673.3,160.0,873.0,28.003,0.0589,0
2513,868,444.4,705.3,491.7,837.5,28.003,0.0138,0
2513,892,1291.9,716.7,1318.3,790.3,28.003,0.0080,0
2513,829,360.3,696.1,418.2,843.3,28.003,0.0199,0
2514,901,67.9,670.9,140.3,873.0,28.003,0.0666,0
2514,868,440.5,702.9,489.3,837.9,28.003,0.0138,0
2514,892,1295.1,723.3,1321.1,795.1,28.003,0.0080,0
2514,829,353.0,693.5,411.6,844.0,28.003,0.0199,0
2515,901,44.9,659.5,121.1,871.2,28.003,0.0755,0
2515,868,428.1,698.3,476.7,837.9,28.003,0.0138,0
2515,829,347.5,690.5,406.3,843.8,28.003,0.0199,0
2516,901,20.6,649.1,99.5,870.5,28.003,0.0867,0
2516,896,211.0,683.3,263.2,842.0,28.003,0.0306,0
2516,868,420.7,696.7,468.8,838.2,28.003,0.0138,0
2516,829,339.2,689.2,397.3,844.4,28.003,0.0199,0
2516,892,1302.4,718.2,1330.5,795.2,28.003,0.0080,0
2517,901,0.0,642.3,75.5,869.0,28.003,0.0996,0
2517,896,201.7,679.8,254.1,841.9,28.003,0.0320,0
2517,918,1274.8,727.5,1306.6,805.6,28.003,0.0082,0
2517,868,413.7,696.3,461.9,839.3,28.003,0.0138,0
2517,829,331.7,687.2,389.4,845.2,28.003,0.0199,0
2517,892,1306.3,716.2,1336.3,799.4,28.003,0.0080,0
2518,896,191.7,677.9,243.7,841.2,28.003,0.0334,0
2518,918,1279.3,727.4,1310.6,804.5,28.003,0.0082,0
2518,868,405.4,696.4,453.5,840.4,28.003,0.0138,0
2518,829,322.2,683.8,380.1,846.0,28.003,0.0199,0
2518,892,1310.5,714.8,1341.0,799.9,28.003,0.0080,0
2519,896,180.3,674.8,233.6,844.3,28.003,0.0352,0
2519,918,1284.1,724.5,1316.7,805.3,28.003,0.0082,0
2519,868,396.6,698.5,443.3,840.3,28.003,0.0138,0
2519,829,313.4,684.4,370.1,846.6,28.003,0.0199,0
2519,892,1315.2,716.3,1346.0,801.0,28.003,0.0080,0
2520,896,169.0,673.3,222.5,846.1,28.003,0.0371,0
2520,918,1287.0,722.4,1320.3,805.9,28.003,0.0082,0
2520,868,390.7,693.6,439.6,841.9,28.003,0.0138,0
2520,829,303.3,681.3,360.9,848.7,28.003,0.0199,0
2520,892,1319.0,718.1,1349.5,801.6,28.003,0.0080,0
2521,896,159.4,672.9,213.9,848.7,28.003,0.0393,0
2521,918,1291.8,723.0,1324.8,806.1,28.003,0.0082,0
2521,868,382.8,694.5,433.4,845.0,28.003,0.0138,0
2521,829,297.4,680.6,356.4,851.3,28.003,0.0199,0
2521,892,1323.1,717.4,1355.0,804.0,28.003,0.0080,0
2522,896,148.1,673.4,203.2,849.9,28.003,0.0417,0
2522,918,1296.1,720.9,1328.2,801.8,28.003,0.0082,0
2522,868,367.9,691.3,419.3,846.9,28.003,0.0138,0
2522,829,287.9,681.6,348.2,854.4,28.003,0.0199,0
2522,892,1328.5,716.6,1360.7,804.2,28.003,0.0080,0
2523,896,136.9,673.5,194.2,852.6,28.003,0.0443,0
2523,918,1300.3,717.7,1334.7,805.4,28.003,0.0082,0
2523,868,365.4,695.5,418.5,849.3,28.003,0.0138,0
2523,829,275.8,681.1,337.9,856.8,28.003,0.0199,0
2523,892,1332.3,715.4,1365.1,804.1,28.003,0.0080,0
2524,896,123.4,672.5,183.1,853.8,28.003,0.0472,0
2524,918,1305.2,717.8,1340.6,807.7,28.003,0.0083,0
2524,868,355.9,690.1,413.6,852.0,28.003,0.0138,0
2524,829,263.9,681.7,327.5,859.0,28.003,0.0199,0
2524,892,1337.7,713.7,1370.2,801.2,28.003,0.0080,0
2525,896,108.4,670.6,171.1,855.6,28.003,0.0504,0
2525,918,1309.1,715.8,1345.3,808.6,28.003,0.0083,0
2525,868,345.2,687.5,405.1,852.7,28.003,0.0138,0
2525,829,250.1,679.2,315.9,860.5,28.003,0.0199,0
2526,896,91.8,669.1,156.7,857.1,28.003,0.0535,0
2526,868,331.2,682.9,393.8,854.1,28.003,0.0138,0
2526,829,237.1,677.3,304.3,861.4,28.003,0.0199,0
2526,892,1345.8,706.4,1381.5,804.0,28.003,0.0080,0
2527,896,75.1,666.0,142.2,858.1,28.003,0.0570,0
2527,868,319.1,683.5,382.4,854.9,28.003,0.0310,0
2527,829,226.1,674.5,293.5,861.8,28.003,0.0199,0
2527,892,1348.7,707.1,1384.9,806.4,28.003,0.0080,0
2528,896,63.6,681.0,126.5,857.9,28.003,0.0605,0
2528,868,304.5,682.0,369.0,855.1,28.003,0.0325,0
2528,829,215.0,672.3,282.3,862.2,28.003,0.0473,0
2528,892,1353.0,703.6,1389.8,806.2,28.003,0.0080,0
2528,918,1321.7,712.9,1359.7,810.5,28.003,0.0083,0
2529,896,46.5,664.8,114.2,858.3,28.003,0.0645,0
2529,868,291.7,678.3,358.6,857.5,28.003,0.0343,0
2529,829,203.1,667.7,270.7,863.3,28.003,0.0505,0
2529,945,891.0,745.3,923.6,808.3,28.003,0.0092,0
2529,892,1358.9,705.7,1395.0,806.5,28.003,0.0080,0
2529,918,1325.5,715.2,1362.0,809.4,28.003,0.0083,0
2530,896,35.4,657.0,103.8,858.7,28.003,0.0693,0
2530,868,274.5,679.9,334.5,842.8,28.003,0.0348,0
2530,829,190.4,663.9,257.7,862.8,28.003,0.0538,0
2530,954,995.4,741.2,1028.6,806.0,28.003,0.0088,0
2530,945,892.6,745.1,924.7,809.2,28.003,0.0092,0
2530,892,1363.3,703.1,1400.1,806.3,28.003,0.0080,0
2530,918,1330.7,713.8,1367.8,810.1,28.003,0.0083,0
2531,896,22.4,649.9,90.8,858.5,28.003,0.0749,0
2531,829,177.5,662.3,244.1,862.9,28.003,0.0575,0
2531,954,994.2,738.7,1028.6,805.5,28.003,0.0088,0
2531,945,894.4,742.9,926.8,809.4,28.003,0.0093,0
2531,892,1368.2,702.0,1405.3,805.8,28.003,0.0080,0
2531,918,1336.1,714.0,1372.8,809.7,28.003,0.0083,0
2532,896,9.5,644.8,77.2,858.5,27.005,0.0834,0
2532,829,164.7,659.1,232.1,864.8,27.005,0.0630,0
2532,945,895.1,740.9,928.0,810.1,27.005,0.0093,0
2532,962,567.5,715.9,603.3,829.9,27.005,0.0150,0
2532,892,1374.3,700.5,1411.5,805.0,27.005,0.0080,0
2532,918,1340.5,713.2,1377.5,809.0,27.005,0.0083,0
2532,868,275.3,676.8,340.5,855.1,27.005,0.0348,0
2533,896,0.0,642.1,64.8,861.1,26.007,0.0959,0
2533,829,153.7,660.4,220.8,867.9,26.007,0.0709,0
2533,892,1378.9,701.0,1416.0,805.5,26.007,0.0080,0
2533,918,1345.1,714.5,1382.2,810.1,26.007,0.0083,0
2533,868,272.6,674.3,340.4,859.9,26.007,0.0348,0
2533,954,989.8,736.2,1025.9,807.2,26.007,0.0088,0
2534,896,0.0,639.4,52.4,861.6,26.007,0.1097,0
2534,829,140.4,657.1,208.5,870.7,26.007,0.0804,0
2534,968,413.7,697.1,459.6,842.1,26.007,0.0214,0
2534,892,1384.7,706.7,1420.1,805.9,26.007,0.0080,0
2534,918,1348.7,713.4,1386.1,809.5,26.007,0.0083,0
2534,868,267.1,673.8,336.5,861.6,26.007,0.0348,0
2534,954,987.2,735.0,1022.6,806.6,26.007,0.0088,0
2534,945,903.2,739.6,936.6,811.0,26.007,0.0093,0
2535,829,129.1,658.0,198.2,873.0,26.007,0.0920,0
2535,968,402.2,699.0,447.3,842.6,26.007,0.0226,0
2535,892,1388.7,705.6,1425.1,807.4,26.007,0.0080,0
2535,918,1353.7,710.8,1392.2,809.9,26.007,0.0083,0
2535,868,257.2,673.8,329.8,864.6,26.007,0.0348,0
2535,954,984.5,734.1,1019.5,806.4,26.007,0.0088,0
2535,945,900.4,738.7,935.2,812.2,26.007,0.0093,0
2535,962,553.3,716.1,589.0,832.0,26.007,0.0150,0
2536,829,118.2,656.5,189.5,874.8,26.007,0.1057,0
2536,968,389.4,697.3,435.4,844.9,26.007,0.0241,0
2536,892,1394.9,702.2,1432.4,807.2,26.007,0.0080,0
2536,918,1358.0,710.7,1397.0,810.5,26.007,0.0083,0
2536,868,246.3,675.6,320.7,865.5,26.007,0.0348,0
2536,954,980.1,735.0,1014.5,807.7,26.007,0.0088,0
2536,945,899.3,736.4,935.8,812.4,26.007,0.0093,0
2536,962,548.5,714.3,584.4,833.3,26.007,0.0150,0
2537,829,106.2,655.0,180.3,874.9,26.007,0.1214,0
2537,968,376.6,694.0,423.5,845.4,26.007,0.0256,0
2537,861,498.3,703.5,547.7,848.3,26.007,0.0219,0
2537,892,1399.4,698.3,1438.0,806.2,26.007,0.0080,0
2537,918,1364.3,712.5,1402.5,809.4,26.007,0.0083,0
2537,868,232.3,673.9,309.7,865.6,26.007,0.0348,0
2537,954,978.3,733.7,1011.8,806.8,26.007,0.0088,0
2537,945,897.8,734.5,935.0,811.7,26.007,0.0093,0
2538,829,93.4,653.0,170.5,874.3,26.007,0.1385,0
2538,968,364.1,692.1,411.6,845.9,26.007,0.0273,0
2538,861,493.7,702.8,543.7,848.6,26.007,0.0230,0
2538,892,1404.2,695.2,1443.8,806.2,26.007,0.0080,0
2538,918,1369.0,708.2,1409.2,810.3,26.007,0.0083,0
2538,868,218.0,672.5,298.4,866.1,26.007,0.0348,0
2538,954,977.9,733.4,1010.6,807.1,26.007,0.0088,0
2538,945,899.1,735.4,935.7,811.6,26.007,0.0093,0
2539,829,78.3,651.1,159.0,876.3,26.007,0.1587,0
2539,968,347.9,687.4,398.0,848.6,26.007,0.0292,0
2539,861,489.2,701.3,540.1,849.8,26.007,0.0242,0
2539,892,1409.8,699.6,1449.2,809.9,26.007,0.0080,0
2539,918,1373.3,707.2,1415.0,813.7,26.007,0.0083,0
2539,868,200.8,668.7,285.7,868.7,26.007,0.0348,0
2539,954,975.5,733.4,1008.7,809.1,26.007,0.0088,0
2539,945,900.1,737.9,935.8,812.9,26.007,0.0093,0
2540,829,62.6,658.0,144.0,877.2,26.007,0.1794,0
2540,968,332.4,689.4,383.5,850.7,26.007,0.0315,0
2540,861,479.9,707.6,530.3,852.4,26.007,0.0255,0
2540,892,1412.8,693.7,1455.6,813.8,26.007,0.0080,0
2540,918,1376.5,708.1,1418.3,814.6,26.007,0.0083,0
2540,868,184.6,669.3,271.5,871.0,26.007,0.0348,0
2540,954,972.9,734.5,1006.0,810.4,26.007,0.0088,0
2540,945,899.3,736.8,936.1,814.0,26.007,0.0093,0
2540,962,524.5,712.9,562.2,840.9,26.007,0.0150,0
2541,829,44.3,648.8,131.1,878.5,26.007,0.2031,0
2541,968,315.7,688.0,369.4,851.8,26.007,0.0339,0
2541,892,1419.0,697.1,1461.1,814.9,26.007,0.0086,0
2541,918,1381.2,710.0,1423.5,816.9,26.007,0.0083,0
2541,868,169.2,669.0,258.2,872.2,26.007,0.0348,0
2541,954,970.3,735.9,1004.9,814.1,26.007,0.0088,0
2541,945,900.5,739.6,936.6,815.3,26.007,0.0093,0
2541,962,521.0,713.3,558.6,842.7,26.007,0.0150,0
2542,829,25.0,641.7,116.5,880.6,26.007,0.2294,0
2542,968,301.7,685.9,358.1,853.2,26.007,0.0368,0
2542,892,1425.8,700.7,1467.0,815.8,26.007,0.0086,0
2542,918,1385.8,710.6,1429.4,820.2,26.007,0.0083,0
2542,868,154.7,668.6,244.9,873.4,26.007,0.0348,0
2542,954,970.3,735.4,1005.7,816.0,26.007,0.0088,0
2542,945,891.8,736.8,929.4,816.3,26.007,0.0093,0
2542,861,466.6,702.7,521.9,855.4,26.007,0.0255,0
2543,829,8.8,635.2,102.8,879.6,24.011,0.2683,0
2543,968,286.3,683.5,345.3,852.8,24.011,0.0413,0
2543,892,1432.1,706.2,1471.6,815.8,24.011,0.0087,0
2543,918,1390.9,709.1,1435.4,820.5,24.011,0.0087,0
2543,868,141.9,666.0,232.5,872.1,24.011,0.0348,0
2543,954,963.2,733.4,1002.5,820.5,24.011,0.0088,0
2543,945,885.4,734.9,923.4,815.4,24.011,0.0093,0
2543,861,459.2,699.2,517.4,855.3,24.011,0.0255,0
2544,829,0.0,630.7,89.6,878.9,24.011,0.3038,0
2544,968,270.9,681.0,332.9,853.4,24.011,0.0462,0
2544,892,1438.2,708.3,1477.7,817.4,24.011,0.0087,0
2544,918,1396.6,709.0,1441.2,820.8,24.011,0.0088,0
2544,868,129.2,664.1,220.2,872.4,24.011,0.0348,0
2544,954,962.1,734.9,1002.0,821.6,24.011,0.0088,0
2544,945,883.5,735.2,922.0,815.2,24.011,0.0093,0
2544,861,451.1,696.8,512.1,856.4,24.011,0.0255,0
2545,829,0.0,622.2,79.5,880.5,24.011,0.3379,0
2545,968,255.7,676.2,321.6,856.0,24.011,0.0522,0
2545,892,1444.8,709.8,1484.0,818.2,24.011,0.0087,0
2545,918,1403.4,710.7,1448.0,822.3,24.011,0.0088,0
2545,868,118.9,656.8,211.1,873.6,24.011,0.0348,0
2545,954,959.5,737.4,1000.2,825.1,24.011,0.0088,0
2545,945,881.0,737.4,920.8,818.0,24.011,0.0093,0
2545,861,443.2,697.2,505.8,859.1,24.011,0.0255,0
2545,962,501.6,711.5,539.1,839.4,24.011,0.0150,0
2546,829,0.0,618.3,67.9,881.1,24.011,0.3677,0
2546,968,240.5,673.8,308.3,856.6,24.011,0.0592,0
2546,892,1448.3,701.8,1490.1,819.0,24.011,0.0088,0
2546,918,1408.5,709.9,1454.1,823.4,24.011,0.0088,0
2546,980,795.4,733.2,838.9,825.3,24.011,0.0120,0
2546,868,96.9,658.2,186.7,872.7,24.011,0.0348,0
2546,954,957.1,738.6,997.9,826.8,24.011,0.0088,0
2546,945,880.1,739.6,919.9,818.6,24.011,0.0093,0
2546,861,437.9,695.2,502.6,862.0,24.011,0.0255,0
2546,962,496.4,711.4,534.5,842.3,24.011,0.0150,0
2547,968,222.9,673.9,291.3,858.8,24.011,0.0678,0
2547,892,1453.9,703.6,1495.3,820.9,24.011,0.0088,0
2547,918,1414.3,712.5,1459.9,826.0,24.011,0.0089,0
2547,980,796.4,734.2,839.3,827.8,24.011,0.0122,0
2547,868,88.2,659.6,178.4,880.2,24.011,0.2346,0
2547,954,955.1,738.0,997.3,829.9,24.011,0.0088,0
2547,945,876.3,741.3,916.4,820.2,24.011,0.0093,0
2547,861,432.0,699.0,496.2,865.6,24.011,0.0255,0
2548,968,199.0,670.6,270.4,862.0,24.011,0.0781,0
2548,892,1459.2,703.7,1500.7,822.6,24.011,0.0089,0
2548,918,1418.4,713.4,1464.5,827.8,24.011,0.0089,0
2548,980,795.7,733.7,839.0,830.6,24.011,0.0124,0
2548,868,73.5,659.1,161.6,880.9,24.011,0.2677,0
2548,954,954.7,738.8,997.6,831.2,24.011,0.0102,0
2548,945,872.3,743.2,913.6,823.4,24.011,0.0093,0
2548,861,424.7,696.5,489.6,866.6,24.011,0.0255,0
2549,968,182.1,662.7,255.1,862.4,24.011,0.0900,0
2549,892,1465.9,700.7,1507.8,822.7,24.011,0.0089,0
2549,918,1424.2,714.5,1470.5,829.1,24.011,0.0089,0
2549,980,798.2,733.2,841.0,831.3,24.011,0.0126,0
2549,868,64.2,653.1,154.6,883.9,24.011,0.3022,0
2549,954,955.9,739.1,999.7,832.0,24.011,0.0103,0
2549,945,868.4,743.7,909.6,823.7,24.011,0.0107,0
2549,861,422.1,691.4,486.3,864.9,24.011,0.0255,0
2549,962,472.4,697.6,514.9,846.4,24.011,0.0150,0
2550,968,162.0,654.5,235.8,862.7,24.011,0.1045,0
2550,892,1471.4,695.4,1514.8,824.0,24.011,0.0090,0
2550,918,1429.8,712.1,1477.2,830.0,24.011,0.0090,0
2550,980,800.4,733.0,842.1,830.7,24.011,0.0128,0
2550,868,50.6,642.0,143.1,883.2,24.011,0.3336,0
2550,954,957.4,738.3,1002.5,833.0,24.011,0.0104,0
2550,945,863.5,743.7,904.7,824.0,24.011,0.0108,0
2550,861,419.1,687.9,482.7,865.0,24.011,0.0255,0
2551,968,136.7,651.3,211.2,863.3,24.011,0.1221,0
2551,892,1477.1,692.4,1521.1,825.3,24.011,0.0090,0
2551,918,1434.9,709.7,1483.5,830.9,24.011,0.0090,0
2551,980,802.2,733.7,843.7,830.9,24.011,0.0129,0
2551,868,43.5,633.6,136.9,883.3,24.011,0.3612,0
2551,954,961.8,737.1,1006.9,833.1,24.011,0.0105,0
2551,945,856.2,737.7,900.0,824.3,24.011,0.0109,0
2551,993,1153.3,731.8,1195.7,823.8,24.011,0.0093,0
2551,861,413.6,688.1,475.8,865.8,24.011,0.0255,0
2551,962,461.0,695.3,507.0,854.0,24.011,0.0150,0
2552,968,117.5,644.5,192.0,862.5,24.011,0.1419,0
2552,892,1483.1,690.1,1527.4,825.5,24.011,0.0091,0
2552,918,1438.6,707.0,1487.7,830.3,24.011,0.0090,0
2552,980,805.5,735.1,847.4,831.4,24.011,0.0131,0
2552,868,33.3,630.0,126.8,882.2,24.011,0.3833,0
2552,954,963.7,738.5,1008.4,833.3,24.011,0.0106,0
2552,945,855.3,741.6,895.5,823.0,24.011,0.0110,0
2552,993,1152.1,731.1,1194.1,823.0,24.011,0.0094,0
2552,861,408.7,686.1,470.5,866.1,24.011,0.0255,0
2552,962,454.8,700.3,499.2,852.7,24.011,0.0150,0
2553,968,99.8,642.7,172.7,861.9,24.011,0.1635,0
2553,892,1489.7,691.5,1533.2,825.7,24.011,0.0091,0
2553,918,1445.1,707.2,1494.5,832.4,24.011,0.0091,0
2553,980,804.1,732.1,848.2,830.8,24.011,0.0132,0
2553,868,22.5,625.9,115.9,878.8,24.011,0.3981,0
2553,954,963.8,734.3,1010.5,834.0,24.011,0.0107,0
2553,945,848.9,735.5,890.8,823.6,24.011,0.0112,0
2553,993,1150.1,729.9,1192.2,824.0,24.011,0.0094,0
2553,831,1340.9,728.0,1375.7,814.8,24.011,0.0087,0
2553,962,446.3,698.4,493.0,857.5,24.011,0.0150,0
2554,968,80.5,636.6,153.5,860.6,24.011,0.1855,0
2554,892,1496.7,693.3,1540.0,828.1,24.011,0.0091,0
2554,918,1451.5,708.5,1501.1,835.0,24.011,0.0091,0
2554,980,803.6,730.8,849.3,831.1,24.011,0.0134,0
2554,868,8.3,622.6,102.7,877.6,24.011,0.4098,0
2554,954,962.4,731.8,1011.1,835.7,24.011,0.0109,0
2554,993,1148.4,728.5,1191.6,827.6,24.011,0.0095,0
2554,831,1347.4,727.8,1382.7,815.7,24.011,0.0087,0
2554,861,395.3,682.5,459.1,867.4,24.011,0.0255,0
2555,968,62.7,636.4,134.7,859.6,24.011,0.2062,0
2555,892,1504.7,695.0,1548.0,830.8,24.011,0.0092,0
2555,918,1459.1,710.4,1508.5,836.3,24.011,0.0092,0
2555,980,803.6,730.7,850.7,832.3,24.011,0.0136,0
2555,954,962.3,731.2,1012.1,837.5,24.011,0.0111,0
2555,993,1147.2,729.8,1189.8,830.3,24.011,0.0096,0
2555,831,1351.7,728.0,1387.9,817.9,24.011,0.0087,0
2555,861,386.7,680.7,452.2,869.0,24.011,0.0255,0
2555,945,841.2,735.1,881.9,823.6,24.011,0.0112,0
2556,968,45.6,635.6,117.0,858.2,24.011,0.2243,0
2556,892,1511.7,694.1,1555.6,832.9,24.011,0.0092,0
2556,918,1466.5,710.8,1516.5,839.0,24.011,0.0092,0
2556,980,801.9,731.7,850.0,834.0,24.011,0.0138,0
2556,954,960.6,731.3,1011.1,838.6,24.011,0.0112,0
2556,993,1146.8,730.2,1189.0,832.5,24.011,0.0096,0
2556,831,1357.3,728.5,1393.8,819.2,24.011,0.0087,0
2556,861,377.5,680.5,444.1,869.9,24.011,0.0255,0
2556,945,838.5,735.1,879.1,826.0,24.011,0.0112,0
2556,868,0.0,615.8,84.2,877.8,24.011,0.4098,0
2557,968,27.9,630.4,100.6,857.9,24.011,0.2412,0
2557,892,1518.2,692.6,1563.2,835.7,24.011,0.0093,0
2557,918,1471.3,710.4,1522.0,840.9,24.011,0.0093,0
2557,980,798.3,732.0,846.5,833.9,24.011,0.0139,0
2557,954,967.0,738.5,1013.8,839.4,24.011,0.0113,0
2557,993,1147.2,730.2,1188.4,831.4,24.011,0.0097,0
2557,831,1364.7,728.4,1400.9,818.8,24.011,0.0087,0
2557,861,367.9,680.9,436.4,871.5,24.011,0.0255,0
2557,945,834.4,735.0,875.1,827.4,24.011,0.0112,0
2557,868,0.0,610.9,75.4,877.1,24.011,0.4098,0
2557,962,423.0,703.4,469.3,863.9,24.011,0.0150,0
2558,892,1524.5,693.1,1569.8,837.1,24.011,0.0093,0
2558,918,1476.9,710.4,1528.1,842.3,24.011,0.0093,0
2558,980,799.7,732.5,849.6,836.3,24.011,0.0141,0
2558,954,970.1,732.0,1019.3,841.0,24.011,0.0115,0
2558,993,1145.8,729.8,1187.4,831.8,24.011,0.0097,0
2558,831,1372.7,727.9,1409.3,819.2,24.011,0.0087,0
2558,861,357.9,680.4,429.3,874.0,24.011,0.0255,0
2558,945,831.5,733.5,872.9,828.7,24.011,0.0112,0
2558,868,0.0,610.7,65.1,877.2,24.011,0.4098,0
2558,962,419.3,706.1,464.2,864.9,24.011,0.0150,0
2559,892,1532.3,691.4,1578.2,836.9,23.006,0.0094,0
2559,918,1481.5,709.6,1533.6,843.7,23.006,0.0094,0
2559,980,799.8,732.3,851.2,838.2,23.006,0.0144,0
2559,954,976.1,736.4,1022.2,841.0,23.006,0.0116,0
2559,993,1145.3,729.7,1187.4,832.0,23.006,0.0098,0
2559,831,1379.5,727.0,1415.7,818.9,23.006,0.0088,0
2559,861,346.9,679.7,421.0,876.5,23.006,0.0255,0
2559,962,414.9,704.2,459.9,864.5,23.006,0.0150,0
2560,892,1539.1,688.9,1585.6,836.5,22.000,0.0095,0
2560,918,1488.8,708.1,1540.8,842.5,22.000,0.0095,0
2560,980,803.4,728.0,857.6,837.3,22.000,0.0147,0
2560,954,981.1,734.1,1026.6,841.0,22.000,0.0118,0
2560,993,1143.2,729.6,1186.5,832.3,22.000,0.0099,0
2560,831,1385.4,724.5,1423.1,821.1,22.000,0.0089,0
2560,861,336.0,678.7,412.9,878.0,22.000,0.0255,0
2560,962,412.5,709.3,453.9,858.4,22.000,0.0150,0
2561,892,1546.3,688.3,1592.8,836.4,22.000,0.0096,0
2561,918,1494.7,703.6,1548.7,842.5,22.000,0.0096,0
2561,980,804.5,725.2,860.6,836.5,22.000,0.0150,0
2561,954,985.3,734.5,1029.7,842.2,22.000,0.0119,0
2561,993,1141.6,729.4,1186.5,832.8,22.000,0.0100,0
2561,831,1391.0,722.5,1428.9,821.0,22.000,0.0089,0
2561,861,323.3,675.7,403.3,879.7,22.000,0.0255,0
2562,892,1553.1,686.1,1599.5,835.0,22.000,0.0096,0
2562,918,1501.3,697.2,1557.6,843.4,22.000,0.0097,0
2562,980,803.9,724.9,860.9,836.8,22.000,0.0153,0
2562,954,988.2,731.1,1033.2,843.6,22.000,0.0121,0
2562,993,1140.4,729.0,1187.0,833.0,22.000,0.0101,0
2562,831,1401.0,720.5,1439.8,820.2,22.000,0.0090,0
2562,861,313.3,674.0,395.9,881.9,22.000,0.0255,0
2563,892,1559.3,684.7,1605.5,833.7,22.000,0.0097,0
2563,918,1509.4,698.8,1564.7,842.9,22.000,0.0097,0
2563,980,802.8,724.1,859.4,836.7,22.000,0.0156,0
2563,954,990.8,730.2,1035.3,844.0,22.000,0.0123,0
2563,993,1138.3,727.8,1187.2,833.4,22.000,0.0102,0
2563,831,1406.6,720.5,1445.0,819.5,22.000,0.0090,0
2563,861,303.0,671.1,387.1,883.0,22.000,0.0255,0
2563,962,377.4,693.9,422.5,857.3,22.000,0.0150,0
2564,892,1565.9,682.7,1612.1,832.4,22.000,0.0097,0
2564,918,1515.7,697.0,1571.7,843.6,22.000,0.0098,0
2564,980,799.3,723.8,855.2,837.8,22.000,0.0159,0
2564,954,995.1,732.2,1038.8,843.7,22.000,0.0124,0
2564,993,1138.1,727.2,1188.2,832.5,22.000,0.0102,0
2564,831,1411.7,721.4,1450.2,819.8,22.000,0.0090,0
2564,956,1471.0,721.0,1506.1,808.1,22.000,0.0087,0
2564,861,295.8,667.8,381.6,882.4,22.000,0.0255,0
2564,962,367.9,690.8,413.4,854.7,22.000,0.0150,0
2565,892,1572.5,681.8,1619.6,834.9,22.000,0.0098,0
2565,918,1521.2,695.5,1578.1,845.4,22.000,0.0099,0
2565,954,999.3,736.5,1043.0,846.2,22.000,0.0125,0
2565,993,1137.4,726.4,1189.1,834.4,22.000,0.0103,0
2565,831,1418.9,725.5,1456.7,820.2,22.000,0.0090,0
2565,956,1477.0,719.6,1512.6,809.2,22.000,0.0087,0
2565,861,284.5,663.4,371.0,882.8,22.000,0.0255,0
2565,945,804.6,723.4,852.4,838.8,22.000,0.0112,0
2566,892,1579.1,681.3,1626.7,837.1,22.000,0.0098,0
2566,918,1531.3,700.8,1586.2,846.3,22.000,0.0099,0
2566,954,1001.6,738.0,1046.8,847.6,22.000,0.0126,0
2566,993,1136.5,726.3,1189.2,836.0,22.000,0.0104,0
2566,831,1425.0,725.2,1464.2,821.6,22.000,0.0090,0
2566,956,1484.6,715.2,1522.1,810.1,22.000,0.0088,0
2566,861,277.2,661.9,363.4,883.6,22.000,0.0255,0
2566,945,805.6,722.0,852.6,840.1,22.000,0.0112,0
2567,892,1587.6,679.9,1635.7,838.7,22.000,0.0099,0
2567,918,1537.2,694.3,1594.0,846.6,22.000,0.0100,0
2567,954,1004.9,734.5,1053.3,849.6,22.000,0.0127,0
2567,993,1135.7,725.1,1188.9,836.3,22.000,0.0105,0
2567,831,1429.8,722.4,1471.3,822.4,22.000,0.0091,0
2567,956,1494.4,718.2,1531.3,809.4,22.000,0.0088,0
2567,861,273.8,660.4,359.9,883.7,22.000,0.0255,0
2567,945,809.2,721.5,854.7,840.6,22.000,0.0112,0
2567,962,342.4,679.5,390.7,853.5,22.000,0.0150,0
2568,892,1595.9,678.9,1644.3,839.9,21.002,0.0100,0
2568,918,1543.8,694.0,1601.2,848.5,21.002,0.0101,0
2568,954,1005.7,729.6,1057.3,851.2,21.002,0.0130,0
2568,993,1134.0,724.1,1186.2,835.6,21.002,0.0106,0
2568,831,1434.1,722.2,1476.9,823.9,21.002,0.0092,0
2568,956,1499.0,710.9,1539.6,810.4,21.002,0.0089,0
2568,861,267.0,656.2,353.1,885.6,21.002,0.0255,0
2568,945,811.5,720.5,857.4,841.1,21.002,0.0112,0
2568,962,334.1,664.0,387.2,852.9,21.002,0.0150,0
2569,892,1603.0,677.8,1651.6,840.6,20.004,0.0102,0
2569,918,1551.3,694.4,1607.9,847.5,20.004,0.0103,0
2569,954,1005.8,727.9,1058.4,850.9,20.004,0.0134,0
2569,993,1131.4,722.5,1183.0,836.6,20.004,0.0108,0
2569,831,1438.8,719.2,1483.5,823.8,20.004,0.0093,0
2569,956,1504.1,714.5,1543.5,810.9,20.004,0.0089,0
2569,861,259.7,651.9,346.4,888.5,20.004,0.4010,0
2569,945,813.7,719.0,860.7,841.7,20.004,0.0112,0
2570,892,1610.5,676.8,1659.7,841.9,20.004,0.0103,0
2570,918,1556.1,697.5,1612.4,848.6,20.004,0.0104,0
2570,954,1006.0,726.9,1060.2,853.4,20.004,0.0137,0
2570,993,1128.5,721.6,1179.1,838.3,20.004,0.0110,0
2570,831,1445.6,722.7,1489.7,824.4,20.004,0.0093,0
2570,956,1510.7,712.9,1551.2,811.8,20.004,0.0090,0
2570,861,248.9,647.2,336.1,890.7,20.004,0.4323,0
2570,945,816.2,723.7,863.2,842.4,20.004,0.0112,0
2570,962,317.6,676.7,367.3,852.4,20.004,0.0150,0
2571,892,1617.4,676.3,1667.2,843.2,20.004,0.0104,0
2571,918,1562.5,693.4,1620.9,849.8,20.004,0.0105,0
2571,954,1008.2,726.2,1063.1,854.1,20.004,0.0141,0
2571,993,1127.7,721.0,1176.8,839.1,20.004,0.0112,0
2571,831,1452.6,720.0,1497.9,823.9,20.004,0.0094,0
2571,956,1516.8,709.3,1558.3,811.2,20.004,0.0091,0
2571,861,237.8,648.1,324.2,893.6,20.004,0.4616,0
2571,1019,514.4,706.3,549.1,811.6,20.004,0.0231,0
2571,945,814.5,723.2,862.8,844.1,20.004,0.0112,0
2571,962,308.3,676.3,357.6,850.7,20.004,0.0150,0
2572,892,1624.7,676.0,1674.6,842.2,20.004,0.0105,0
2572,918,1571.2,692.1,1630.5,851.6,20.004,0.0106,0
2572,954,1011.1,726.5,1066.8,856.2,20.004,0.0144,0
2572,993,1127.6,722.1,1174.9,839.8,20.004,0.0113,0
2572,831,1460.7,720.7,1506.1,824.1,20.004,0.0094,0
2572,956,1522.2,708.5,1563.6,811.2,20.004,0.0091,0
2572,861,227.7,645.1,316.2,897.3,20.004,0.4891,0
2572,1019,509.4,704.5,544.7,810.4,20.004,0.0240,0
2572,945,814.1,725.5,862.8,845.0,20.004,0.0112,0
2572,962,300.8,676.4,350.2,850.3,20.004,0.0150,0
2573,892,1633.3,675.1,1683.8,842.6,20.004,0.0106,0
2573,918,1578.8,693.2,1637.8,852.0,20.004,0.0107,0
2573,954,1016.7,726.0,1072.2,856.5,20.004,0.0147,0
2573,993,1126.9,721.6,1173.2,839.6,20.004,0.0114,0
2573,831,1467.9,713.9,1515.8,823.8,20.004,0.0095,0
2573,861,220.0,643.2,311.7,901.4,20.004,0.5151,1
2573,1019,505.4,704.5,541.1,811.0,20.004,0.0250,0
2573,1024,614.9,708.5,661.3,835.3,20.004,0.0324,0
2573,945,814.0,719.9,867.4,846.0,20.004,0.0112,0
2573,962,291.6,676.8,341.4,851.9,20.004,0.0150,0
2574,892,1641.3,674.7,1692.5,843.2,20.004,0.0107,0
2574,918,1585.8,691.3,1645.4,852.4,20.004,0.0108,0
2574,954,1022.5,723.8,1078.3,856.4,20.004,0.0151,0
2574,993,1124.8,720.6,1171.2,839.7,20.004,0.0116,0
2574,831,1477.7,715.6,1523.9,823.5,20.004,0.0095,0
2574,861,210.0,641.0,305.6,906.7,20.004,0.5409,1
2574,1019,498.8,701.5,536.6,812.9,20.004,0.0262,0
2574,1024,613.5,705.5,661.5,835.7,20.004,0.0342,0
2574,1007,859.7,726.7,908.6,837.8,20.004,0.0152,0
2574,945,812.5,717.9,868.8,846.9,20.004,0.0112,0
2574,962,281.1,669.9,333.4,853.4,20.004,0.0150,0
2575,892,1647.9,672.5,1699.7,841.8,20.004,0.0108,0
2575,918,1594.4,688.5,1655.4,854.0,20.004,0.0109,0
2575,954,1028.3,721.3,1083.5,855.8,20.004,0.0153,0
2575,993,1121.4,719.8,1168.8,839.9,20.004,0.0117,0
2575,831,1485.8,711.6,1532.7,822.6,20.004,0.0096,0
2575,861,199.5,638.5,300.4,911.2,20.004,0.5652,1
2575,1019,492.4,698.7,531.0,810.7,20.004,0.0272,0
2575,1024,612.0,705.8,661.7,837.2,20.004,0.0359,0
2575,1007,855.9,723.2,906.6,837.8,20.004,0.0156,0
2575,945,811.3,718.2,869.0,846.9,20.004,0.0112,0
2575,980,803.2,720.9,864.6,847.4,20.004,0.0159,0
2576,892,1656.3,671.8,1709.3,843.0,20.004,0.0109,0
2576,918,1603.8,690.9,1663.8,853.8,20.004,0.0110,0
2576,954,1033.0,717.9,1088.5,857.8,20.004,0.0157,0
2576,993,1119.4,719.9,1168.3,840.8,20.004,0.0118,0
2576,831,1495.0,708.8,1541.5,821.1,20.004,0.0096,0
2576,861,188.0,637.7,294.4,916.7,20.004,0.5888,1
2576,1019,487.0,693.0,528.1,811.3,20.004,0.0282,0
2576,1024,610.1,705.4,662.2,838.2,20.004,0.0375,0
2576,1007,852.1,720.3,904.8,838.6,20.004,0.0161,0
2576,945,812.1,716.5,872.1,846.5,20.004,0.0112,0
2576,980,802.7,719.6,864.0,847.5,20.004,0.0159,0
2576,962,266.9,670.0,318.9,852.2,20.004,0.0150,0
2577,892,1663.8,671.0,1718.0,844.7,19.006,0.0111,0
2577,918,1610.5,689.5,1670.8,854.9,19.006,0.0112,0
2577,954,1038.9,718.9,1092.6,858.7,19.006,0.0161,0
2577,993,1117.0,719.9,1167.3,840.5,19.006,0.0120,0
2577,831,1500.9,707.6,1547.4,821.9,19.006,0.0097,0
2577,861,174.5,639.7,285.9,922.1,19.006,0.6180,1
2577,1019,483.9,697.0,523.7,809.9,19.006,0.0296,0
2577,1024,606.3,704.3,660.7,838.7,19.006,0.0400,0
2577,1007,844.7,718.9,897.2,841.4,19.006,0.0168,0
2577,939,998.2,728.2,1045.5,846.4,19.006,0.0147,0
2577,945,811.4,716.0,873.2,847.1,19.006,0.0112,0
2577,962,256.9,663.2,310.4,851.1,19.006,0.0150,0
2578,892,1671.5,669.8,1727.0,845.5,18.009,0.0113,0
2578,918,1617.9,688.2,1678.2,855.6,18.009,0.0114,0
2578,954,1044.1,718.3,1096.7,859.2,18.009,0.0167,0
2578,993,1116.0,719.7,1167.5,839.6,18.009,0.0123,0
2578,831,1508.7,705.6,1555.4,822.2,18.009,0.0099,0
2578,861,161.4,641.8,277.3,926.4,18.009,0.6479,1
2578,1019,479.8,690.9,521.4,809.6,18.009,0.0315,0
2578,1024,603.7,704.5,660.0,839.3,18.009,0.0432,0
2578,939,1003.4,729.7,1049.7,847.0,18.009,0.0150,0
2578,945,811.4,713.6,875.7,848.0,18.009,0.0112,0
2578,962,249.4,662.0,303.8,851.9,18.009,0.0150,0
2579,892,1679.0,669.4,1735.7,846.1,18.009,0.0116,0
2579,918,1624.5,685.2,1685.1,855.2,18.009,0.0116,0
2579,954,1047.7,716.7,1100.0,859.6,18.009,0.0172,0
2579,993,1115.1,719.4,1167.8,839.4,18.009,0.0125,0
2579,831,1515.4,704.4,1561.9,822.7,18.009,0.0100,0
2579,861,145.7,639.3,267.2,930.3,18.009,0.6722,1
2579,1019,475.7,687.7,518.1,809.1,18.009,0.0333,0
2579,1024,599.2,704.6,657.1,839.5,18.009,0.0465,0
2579,939,1006.9,731.1,1053.0,848.5,18.009,0.0153,0
2579,945,813.0,713.8,877.9,848.4,18.009,0.0112,0
2579,962,241.3,660.3,296.0,851.0,18.009,0.0150,0
2580,892,1685.4,668.1,1743.6,847.3,18.009,0.0118,0
2580,918,1630.8,684.6,1691.7,857.0,18.009,0.0118,0
2580,954,1053.2,717.1,1106.4,861.6,18.009,0.0178,0
2580,993,1113.0,718.9,1167.7,842.8,18.009,0.0127,0
2580,831,1522.8,706.0,1568.4,823.2,18.009,0.0101,0
2580,861,132.5,640.5,257.8,934.7,18.009,0.6928,1
2580,1019,471.4,689.3,513.5,810.4,18.009,0.0353,0
2580,1024,596.3,705.3,655.4,840.3,18.009,0.0501,0
2580,939,1009.6,730.4,1056.7,849.0,18.009,0.0156,0
2580,945,812.3,712.4,877.3,848.7,18.009,0.0273,0
2581,892,1693.6,666.5,1753.0,848.0,18.009,0.0120,0
2581,954,1058.5,716.9,1112.6,862.7,18.009,0.0183,0
2581,993,1110.6,718.2,1165.5,842.0,18.009,0.0130,0
2581,831,1530.8,703.5,1576.3,822.5,18.009,0.0102,0
2581,861,120.7,640.5,249.0,937.8,18.009,0.7096,1
2581,1019,467.2,689.3,509.0,810.7,18.009,0.0374,0
2581,1024,595.0,704.2,655.5,841.6,18.009,0.0542,0
2581,939,1011.6,728.3,1061.6,852.1,18.009,0.0160,0
2581,945,813.8,713.6,877.4,849.3,18.009,0.0286,0
2582,892,1700.9,664.4,1761.1,847.6,18.009,0.0123,0
2582,954,1062.6,717.0,1118.7,864.1,18.009,0.0189,0
2582,993,1107.6,716.7,1162.9,842.6,18.009,0.0132,0
2582,831,1536.4,704.4,1581.4,823.6,18.009,0.0102,0
2582,861,111.0,638.8,241.9,941.9,18.009,0.7244,1
2582,1019,463.2,694.8,504.0,813.0,18.009,0.0396,0
2582,1024,593.6,704.2,654.4,842.5,18.009,0.0588,0
2582,939,1013.0,726.9,1064.5,852.2,18.009,0.0164,0
2582,1007,823.9,714.2,880.4,851.1,18.009,0.0168,0
2583,892,1707.6,662.2,1768.8,847.5,18.009,0.0125,0
2583,954,1064.9,718.3,1122.7,866.8,18.009,0.0195,0
2583,993,1104.7,714.9,1159.8,843.2,18.009,0.0134,0
2583,831,1542.5,703.5,1587.7,823.9,18.009,0.0103,0
2583,861,101.7,635.0,233.9,945.2,18.009,0.7371,1
2583,1019,458.5,688.9,500.8,813.1,18.009,0.0419,0
2583,1024,593.9,703.4,654.1,842.5,18.009,0.0636,0
2583,939,1014.4,725.1,1068.5,854.3,18.009,0.0168,0
2583,1007,825.6,713.4,880.4,852.1,18.009,0.0168,0
2583,918,1651.3,682.1,1713.7,859.0,18.009,0.0118,0
2583,945,812.5,711.9,877.3,851.4,18.009,0.0286,0
2584,892,1713.4,661.6,1775.2,848.3,18.009,0.0127,0
2584,954,1067.8,719.2,1127.2,870.3,18.009,0.0202,0
2584,993,1102.4,715.1,1157.1,845.2,18.009,0.0137,0
2584,831,1547.6,701.4,1593.7,825.2,18.009,0.0104,0
2584,861,95.0,629.9,228.3,949.2,18.009,0.7486,1
2584,1019,454.0,688.8,496.2,813.3,18.009,0.0442,0
2584,1024,593.8,700.5,654.2,844.7,18.009,0.0689,0
2584,939,1016.8,726.2,1074.4,860.3,18.009,0.0173,0
2584,1007,828.4,712.1,882.4,853.9,18.009,0.0168,0
2585,892,1719.5,661.6,1781.3,849.4,18.009,0.0129,0
2585,954,1069.8,718.8,1131.2,871.3,18.009,0.0208,0
2585,993,1078.9,715.5,1141.1,861.7,18.009,0.0144,0
2585,831,1554.6,703.2,1600.0,826.3,18.009,0.0105,0
2585,861,91.9,625.6,224.4,953.0,18.009,0.7585,1
2585,1019,450.5,689.1,492.1,813.3,18.009,0.0462,0
2585,1024,596.2,699.8,655.5,845.9,18.009,0.0743,0
2585,939,1017.1,723.9,1075.9,859.3,18.009,0.0177,0
2585,1007,830.3,711.8,883.5,855.1,18.009,0.0168,0
2585,980,798.6,718.5,852.9,836.6,18.009,0.0159,0
2585,918,1664.4,685.3,1727.1,862.1,18.009,0.0118,0
2586,892,1724.4,659.8,1786.5,850.3,18.009,0.0132,0
2586,954,1071.2,715.1,1136.0,873.5,18.009,0.0216,0
2586,831,1561.1,704.2,1605.9,826.6,18.009,0.0105,0
2586,861,93.1,623.0,222.5,955.9,18.009,0.7663,1
2586,1019,447.1,692.1,488.1,813.4,18.009,0.0481,0
2586,1024,599.1,699.1,657.4,847.6,18.009,0.0802,0
2586,939,1021.2,726.7,1079.3,857.7,18.009,0.0181,0
2586,1007,831.6,708.7,885.8,856.9,18.009,0.0168,0
2586,980,797.1,715.0,850.4,836.8,18.009,0.0159,0
2586,918,1671.2,685.8,1734.2,862.7,18.009,0.0118,0
2586,962,178.8,640.5,239.1,855.4,18.009,0.0150,0
2587,892,1728.7,658.8,1790.5,850.9,15.997,0.0138,0
2587,954,1073.4,714.5,1140.1,875.5,15.997,0.0231,0
2587,831,1568.4,704.6,1612.3,825.2,15.997,0.0107,0
2587,861,89.9,620.8,216.2,958.6,15.997,0.7805,1
2587,1019,441.5,692.1,482.8,814.4,15.997,0.0526,0
2587,1024,598.8,698.2,657.5,851.8,15.997,0.0923,0
2587,939,1026.0,729.6,1083.3,857.3,15.997,0.0188,0
2587,1007,833.5,705.9,889.3,858.9,15.997,0.0168,0
2587,980,793.6,713.3,848.5,843.1,15.997,0.0159,0
2587,918,1677.7,686.7,1740.9,863.0,15.997,0.0118,0
2587,962,172.2,639.3,231.7,857.1,15.997,0.0150,0
2588,892,1733.3,657.7,1794.4,851.3,15.997,0.0143,0
2588,954,1075.8,714.2,1143.6,876.9,15.997,0.0244,0
2588,831,1575.0,699.7,1620.4,826.1,15.997,0.0109,0
2588,861,85.6,616.8,210.6,961.2,15.997,0.7893,1
2588,1019,438.1,694.1,478.5,813.7,15.997,0.0568,0
2588,1024,598.3,697.3,656.4,852.1,15.997,0.1053,0
2588,939,1030.9,728.6,1089.5,859.3,15.997,0.0195,0
2588,1007,837.3,707.1,895.0,861.4,15.997,0.0168,0
2588,918,1683.4,685.5,1747.8,864.9,15.997,0.0118,0
2589,892,1738.8,655.9,1799.7,852.2,15.997,0.0149,0
2589,954,1078.6,713.2,1147.4,878.1,15.997,0.0260,0
2589,831,1582.7,700.1,1627.1,826.1,15.997,0.0110,0
2589,861,83.3,616.5,208.4,964.4,15.997,0.7964,1
2589,1019,432.8,694.0,473.5,814.6,15.997,0.0615,0
2589,1024,599.8,698.8,657.5,853.1,15.997,0.1206,0
2589,939,1036.8,724.4,1096.6,859.0,15.997,0.0203,0
2589,1007,841.1,707.9,901.4,863.1,15.997,0.0168,0
2589,918,1688.4,683.5,1753.6,864.7,15.997,0.0118,0
2590,954,1087.7,716.0,1155.4,879.1,15.997,0.0276,0
2590,831,1592.2,698.4,1637.1,825.4,15.997,0.0112,0
2590,861,79.1,614.5,206.5,967.3,15.997,0.8023,1
2590,1019,428.1,692.2,469.4,814.8,15.997,0.0665,0
2590,1024,600.3,698.5,658.8,853.4,15.997,0.1376,0
2590,939,1044.5,719.9,1105.8,860.1,15.997,0.0211,0
2590,1057,1636.2,686.0,1682.2,825.4,15.997,0.0116,0
2590,1007,844.2,709.4,907.2,863.6,15.997,0.0168,0
2590,918,1692.4,680.2,1759.7,865.8,15.997,0.0118,0
2591,954,1093.1,713.9,1162.0,882.5,15.997,0.0297,0
2591,831,1597.2,698.3,1642.0,824.9,15.997,0.0113,0
2591,861,72.7,614.6,203.7,971.3,15.997,0.8078,1
2591,1019,423.2,691.0,465.3,816.6,15.997,0.0722,0
2591,1024,599.5,700.8,658.4,854.6,15.997,0.1562,0
2591,939,1053.0,720.6,1113.4,862.2,15.997,0.0219,0
2591,1057,1642.3,686.5,1688.1,826.2,15.997,0.0117,0
2591,1007,846.2,710.8,912.6,866.4,15.997,0.0168,0
2591,918,1698.0,677.9,1766.5,866.1,15.997,0.0118,0
2591,892,1751.6,652.1,1811.9,851.7,15.997,0.0149,0
2592,954,1101.2,712.9,1169.7,883.3,15.997,0.0319,0
2592,831,1602.8,698.6,1648.7,826.4,15.997,0.0114,0
2592,861,63.6,617.2,197.4,974.2,15.997,0.8125,1
2592,1019,418.2,692.5,460.3,818.3,15.997,0.0786,0
2592,1024,597.9,701.1,658.4,857.0,15.997,0.1769,0
2592,939,1059.1,719.5,1119.7,864.7,15.997,0.0229,0
2592,1057,1647.8,686.9,1694.2,828.3,15.997,0.0119,0
2592,1016,379.8,697.7,416.8,805.7,15.997,0.0615,0
2592,1007,845.8,710.7,916.0,868.5,15.997,0.0168,0
2592,918,1703.0,680.0,1771.8,868.3,15.997,0.0118,0
2592,892,1757.8,652.2,1817.0,852.1,15.997,0.0149,0
2593,954,1105.5,711.8,1174.4,885.7,15.997,0.0345,0
2593,831,1607.6,701.2,1653.7,826.6,15.997,0.0115,0
2593,861,52.4,620.0,188.9,976.9,15.997,0.8167,1
2593,1019,414.3,690.8,456.9,818.3,15.997,0.0851,0
2593,939,1062.2,722.5,1121.5,866.1,15.997,0.0238,0
2593,1057,1651.3,688.1,1696.6,826.4,15.997,0.0121,0
2593,1016,375.1,697.2,412.5,806.3,15.997,0.0657,0
2593,1007,845.6,708.9,919.4,869.5,15.997,0.0168,0
2593,918,1708.3,680.7,1777.4,869.5,15.997,0.0118,0
2593,892,1764.1,652.4,1822.1,852.2,15.997,0.0149,0
2593,962,133.2,639.2,193.9,861.5,15.997,0.0150,0
2594,954,1111.5,712.9,1180.1,889.2,15.997,0.0373,0
2594,831,1613.4,702.1,1660.5,827.8,15.997,0.0116,0
2594,861,40.5,619.3,180.3,978.2,15.997,0.8203,1
2594,1019,410.3,691.6,452.5,818.0,15.997,0.0913,0
2594,939,1063.7,719.5,1125.0,867.5,15.997,0.0248,0
2594,1057,1655.1,688.8,1700.4,827.9,15.997,0.0122,0
2594,1016,369.7,697.4,407.4,807.4,15.997,0.0702,0
2594,1007,843.9,710.7,919.9,871.6,15.997,0.0168,0
2594,918,1713.1,679.9,1782.8,870.1,15.997,0.0118,0
2594,892,1769.3,651.8,1827.0,854.1,15.997,0.0149,0
2594,1024,597.4,714.1,655.6,855.7,15.997,0.1769,0
2595,954,1116.0,715.7,1183.2,890.7,15.997,0.0405,0
2595,831,1617.6,702.3,1665.9,827.8,15.997,0.0117,0
2595,861,30.3,615.2,174.0,980.2,15.997,0.8237,1
2595,1019,407.2,693.9,448.3,817.5,15.997,0.0976,0
2595,939,1071.6,720.7,1131.6,867.0,15.997,0.0256,0
2595,1057,1659.1,687.9,1705.2,830.8,15.997,0.0123,0
2595,1016,367.1,696.1,405.3,807.2,15.997,0.0748,0
2595,1007,842.7,711.7,921.0,873.7,15.997,0.0168,0
2595,918,1717.8,679.6,1788.0,870.8,15.997,0.0118,0
2595,892,1774.7,651.7,1832.1,854.9,15.997,0.0149,0
2595,1024,591.7,704.3,656.2,860.3,15.997,0.1769,0
2596,954,1121.1,713.2,1188.9,891.0,15.997,0.0441,0
2596,831,1620.2,701.6,1669.7,828.0,15.997,0.0118,0
2596,861,20.4,610.2,166.7,981.4,15.997,0.8265,1
2596,1019,402.1,691.4,444.2,817.7,15.997,0.1040,0
2596,939,1073.1,719.2,1133.9,868.9,15.997,0.0266,0
2596,1057,1662.1,686.6,1708.4,831.4,15.997,0.0125,0
2596,1016,362.4,695.4,399.8,805.3,15.997,0.0792,0
2596,1007,841.3,710.2,922.0,874.5,15.997,0.0168,0
2596,918,1722.2,678.7,1792.8,870.7,15.997,0.0118,0
2596,892,1780.5,651.7,1837.4,855.2,15.997,0.0149,0
2596,1024,589.1,698.4,656.3,862.0,15.997,0.1769,0
2597,954,1125.6,712.3,1194.1,892.1,15.997,0.0482,0
2597,831,1633.3,702.7,1679.4,822.0,15.997,0.0118,0
2597,861,14.5,607.4,160.6,981.3,15.997,0.8284,1
2597,1019,398.5,691.0,440.5,817.4,15.997,0.1104,0
2597,939,1076.6,720.8,1135.8,867.1,15.997,0.0274,0
2597,1057,1665.9,683.7,1712.5,831.3,15.997,0.0126,0
2597,1016,356.9,693.2,394.4,805.3,15.997,0.0837,0
2597,1007,841.7,708.3,924.0,874.2,15.997,0.1073,0
2597,918,1726.0,676.2,1797.6,871.8,15.997,0.0118,0
2597,892,1786.0,651.9,1842.7,855.7,15.997,0.0149,0
2597,1024,588.5,697.8,656.1,863.7,15.997,0.1769,0
2598,954,1132.3,711.5,1202.6,894.2,14.001,0.0554,0
2598,831,1639.6,698.8,1686.9,824.6,14.001,0.0121,0
2598,861,9.6,600.3,156.0,983.2,14.001,0.8354,1
2598,1019,394.4,688.1,437.9,818.5,14.001,0.1247,0
2598,939,1080.1,722.1,1140.2,869.6,14.001,0.0293,0
2598,1057,1669.9,682.8,1716.4,832.7,14.001,0.0131,0
2598,1016,352.0,691.6,390.0,805.4,14.001,0.0939,0
2598,1007,842.7,707.0,926.1,875.0,14.001,0.1264,0
2598,918,1732.1,680.1,1801.0,869.7,14.001,0.0118,0
2598,892,1792.5,651.9,1849.4,856.9,14.001,0.0149,0
2598,1024,585.0,695.4,653.4,864.7,14.001,0.1769,0
2599,954,1137.9,710.9,1209.8,895.0,14.001,0.0633,0
2599,831,1643.1,705.9,1689.2,828.4,14.001,0.0123,0
2599,861,8.6,595.1,152.6,984.8,14.001,0.8389,1
2599,1019,390.6,686.8,434.4,818.0,14.001,0.1390,0
2599,939,1084.1,722.0,1145.4,871.5,14.001,0.0312,0
2599,1057,1673.4,683.1,1719.2,832.2,14.001,0.0135,0
2599,1016,348.4,689.7,386.8,804.7,14.001,0.1040,0
2599,1007,846.6,706.2,929.6,875.7,14.001,0.1470,0
2599,918,1736.7,676.2,1806.0,869.2,14.001,0.0118,0
2599,892,1797.2,650.2,1855.0,857.3,14.001,0.0149,0
2599,1024,590.3,694.2,657.0,864.6,14.001,0.1769,0
2599,945,790.2,692.4,867.3,878.8,14.001,0.0286,0
2600,954,1141.8,710.6,1215.1,895.0,14.001,0.0719,0
2600,831,1646.2,697.3,1696.3,830.3,14.001,0.0126,0
2600,861,7.7,589.2,148.6,985.9,14.001,0.8415,1
2600,1019,386.2,683.3,431.1,817.1,14.001,0.1542,0
2600,939,1087.4,720.4,1150.9,873.1,14.001,0.0331,0
2600,1016,344.2,688.7,382.7,804.3,14.001,0.1150,0
2600,1007,850.3,709.4,930.9,876.8,14.001,0.1696,0
2600,918,1741.2,672.6,1810.6,867.6,14.001,0.0210,0
2600,892,1802.3,649.5,1860.8,857.7,14.001,0.0149,0
2600,1024,595.0,693.0,660.1,865.7,14.001,0.1769,0
2600,945,794.8,691.4,866.2,880.0,14.001,0.0286,0
2601,954,1144.4,710.6,1218.9,895.9,14.001,0.0820,0
2601,831,1650.4,696.4,1700.0,829.4,14.001,0.0129,0
2601,861,7.7,585.6,145.3,986.5,14.001,0.8433,1
2601,1019,382.3,684.3,426.6,815.7,14.001,0.1692,0
2601,939,1092.0,718.8,1157.2,874.4,14.001,0.0354,0
2601,1016,340.4,687.9,378.9,803.0,14.001,0.1262,0
2601,1007,854.9,710.7,933.0,876.6,14.001,0.1920,0
2601,918,1746.9,670.4,1815.9,867.5,14.001,0.0224,0
2601,892,1806.7,646.8,1866.1,857.0,14.001,0.0149,0
2601,1024,598.7,691.5,662.6,866.4,14.001,0.1769,0
2601,945,796.9,690.1,866.4,883.8,14.001,0.0286,0
2601,1057,1681.6,682.1,1726.8,831.0,14.001,0.0135,0
2602,954,1146.3,710.1,1222.4,897.5,12.006,0.1000,0
2602,831,1656.7,690.2,1706.3,826.7,12.006,0.0135,0
2602,861,5.5,583.0,139.9,987.5,12.006,0.8488,1
2602,1019,377.5,681.1,423.2,815.8,12.006,0.1972,0
2602,939,1098.2,718.0,1163.7,873.2,12.006,0.0393,0
2602,1016,336.8,687.0,375.6,803.0,12.006,0.1479,0
2602,1007,860.4,708.0,937.0,876.7,12.006,0.2262,0
2602,918,1750.4,668.2,1820.0,870.1,12.006,0.0250,0
2602,892,1811.2,645.4,1871.2,857.0,12.006,0.0149,0
2602,1024,601.6,689.1,664.9,866.5,12.006,0.1769,0
2602,945,801.8,689.4,869.4,885.0,12.006,0.0286,0
2602,1057,1685.3,682.8,1730.0,831.7,12.006,0.0135,0
2603,954,1149.4,709.0,1227.0,898.4,12.006,0.1190,0
2603,861,6.2,581.5,138.7,986.5,12.006,0.8508,1
2603,1019,372.9,680.0,419.4,816.1,12.006,0.2235,0
2603,939,1105.6,717.2,1170.9,872.0,12.006,0.0427,0
2603,1016,334.4,686.7,373.1,802.8,12.006,0.1685,0
2603,1007,868.5,706.8,942.9,877.4,12.006,0.2568,0
2603,918,1755.5,667.4,1824.8,871.9,12.006,0.0275,0
2603,892,1815.4,643.3,1875.3,855.7,12.006,0.0149,0
2603,1024,604.5,688.7,668.0,866.4,12.006,0.1769,0
2603,945,812.1,688.1,876.6,883.4,12.006,0.0286,0
2603,1057,1688.9,683.0,1732.8,831.9,12.006,0.0135,0
2604,954,1155.6,707.3,1234.8,900.3,12.006,0.1423,0
2604,861,13.2,581.8,146.3,987.4,12.006,0.8522,1
2604,1019,368.1,675.7,416.4,817.3,12.006,0.2525,0
2604,939,1114.3,718.1,1178.6,871.3,12.006,0.0463,0
2604,1016,330.7,685.4,370.1,803.7,12.006,0.1917,0
2604,1007,873.1,700.2,948.0,878.8,12.006,0.2890,0
2604,918,1758.3,665.8,1827.5,872.3,12.006,0.0305,0
2604,892,1818.2,640.7,1877.9,853.4,12.006,0.0149,0
2604,1024,607.5,689.2,673.0,868.3,12.006,0.1769,0
2604,945,813.4,687.4,880.4,885.1,12.006,0.0286,0
2604,1057,1691.8,681.8,1735.7,831.4,12.006,0.0135,0
2605,954,1161.6,706.5,1241.6,901.8,12.006,0.1690,0
2605,861,16.4,583.7,151.0,986.7,12.006,0.8529,1
2605,1019,365.2,677.4,412.9,817.5,12.006,0.2801,0
2605,939,1122.4,716.7,1186.9,872.2,12.006,0.0505,0
2605,1016,327.7,684.6,367.2,803.7,12.006,0.2158,0
2605,1007,876.8,697.5,951.0,879.0,12.006,0.3188,0
2605,918,1760.1,664.7,1829.3,872.2,12.006,0.0343,0
2605,892,1820.2,639.4,1879.7,852.6,12.006,0.0149,0
2605,1024,610.0,689.9,677.9,868.9,12.006,0.1769,0
2605,945,816.3,687.5,887.7,888.1,12.006,0.0286,0
2605,1057,1693.7,682.2,1737.5,831.2,12.006,0.0135,0
2606,954,1168.4,706.2,1248.3,901.8,12.006,0.1966,0
2606,861,14.7,584.4,152.9,987.9,12.006,0.8539,1
2606,1019,362.5,676.3,410.2,817.3,12.006,0.3056,0
2606,939,1133.2,713.1,1197.8,873.8,12.006,0.0554,0
2606,1016,324.5,683.7,363.8,803.6,12.006,0.2396,0
2606,1007,882.2,697.2,955.6,878.3,12.006,0.3431,0
2606,918,1760.4,664.5,1829.9,871.2,12.006,0.0389,0
2606,892,1823.6,638.1,1882.7,852.4,12.006,0.0681,0
2606,1024,610.0,690.7,681.2,870.6,12.006,0.1769,0
2606,945,819.3,690.1,896.0,890.1,12.006,0.0286,0
2606,1057,1695.6,681.6,1739.9,832.5,12.006,0.0135,0
2607,954,1176.2,705.4,1256.0,903.5,10.010,0.2373,0
2607,861,12.2,584.9,153.1,988.2,10.010,0.8585,1
2607,1019,359.9,676.0,407.3,816.4,10.010,0.3464,0
2607,939,1141.0,708.7,1206.1,877.2,10.010,0.0653,0
2607,1016,320.2,683.5,359.9,802.8,10.010,0.2787,0
2607,1007,890.1,697.8,964.2,878.9,10.010,0.3790,0
2607,918,1760.9,664.4,1831.2,870.9,10.010,0.0478,0
2607,892,1826.6,637.3,1885.7,852.3,10.010,0.0912,0
2607,1024,606.8,690.8,681.0,871.7,10.010,0.1769,0
2607,945,819.4,691.2,901.3,890.7,10.010,0.0286,0
2607,1057,1699.7,680.3,1744.4,832.0,10.010,0.0135,0
2608,954,1185.0,705.7,1263.1,904.0,10.010,0.2758,0
2608,861,4.1,583.9,145.3,987.5,10.010,0.8602,1
2608,1019,357.3,677.4,404.1,816.3,10.010,0.3795,0
2608,939,1148.5,708.2,1212.1,878.4,10.010,0.0767,0
2608,1016,316.7,682.2,356.4,802.1,10.010,0.3137,0
2608,1007,897.6,698.8,973.2,880.0,10.010,0.4082,0
2608,918,1763.5,663.7,1834.4,868.7,10.010,0.0599,0
2608,892,1829.3,635.7,1888.5,853.1,10.010,0.1248,0
2608,1024,604.7,691.2,681.8,873.3,10.010,0.1769,0
2608,945,818.6,692.8,905.1,892.5,10.010,0.0286,0
2608,1057,1701.3,678.8,1746.3,831.9,10.010,0.0135,0
2609,954,1193.7,705.3,1270.2,903.6,10.010,0.3095,0
2609,861,0.0,584.9,138.3,986.8,10.010,0.8614,1
2609,1019,354.8,676.0,402.0,816.7,10.010,0.4087,0
2609,939,1154.3,708.7,1216.8,880.1,10.010,0.0912,0
2609,1016,312.9,681.6,353.2,802.3,10.010,0.3457,0
2609,1007,901.3,699.5,979.1,881.3,10.010,0.4337,0
2609,918,1766.5,663.9,1838.6,870.3,10.010,0.0781,0
2609,892,1831.6,634.3,1891.1,853.7,10.010,0.1721,0
2609,1024,602.7,690.8,682.6,874.2,10.010,0.5654,1
2609,945,814.7,690.2,907.1,894.1,10.010,0.0286,0
2609,1057,1704.1,678.2,1748.9,831.0,10.010,0.0135,0
2610,954,1198.0,704.1,1273.6,905.7,10.010,0.3401,0
2610,861,0.0,584.8,132.5,985.7,10.010,0.8619,1
2610,1019,351.6,679.7,397.6,816.3,10.010,0.4307,0
2610,939,1159.5,708.7,1221.3,880.3,10.010,0.1084,0
2610,1016,308.8,681.9,349.2,802.7,10.010,0.3732,0
2610,1007,903.6,700.6,984.0,884.5,10.010,0.4577,0
2610,918,1770.3,664.0,1842.9,870.6,10.010,0.1043,0
2610,892,1834.1,634.6,1893.7,855.1,10.010,0.2290,0
2610,1024,601.6,689.7,684.4,875.6,10.010,0.5811,1
2610,945,814.0,689.7,909.9,894.9,10.010,0.0286,0
2610,1057,1707.0,677.9,1752.5,833.0,10.010,0.0135,0
2611,954,1203.0,704.5,1277.0,907.3,10.010,0.3667,0
2611,861,0.0,581.2,126.7,984.1,10.010,0.8618,1
2611,1019,349.4,681.3,394.9,816.5,10.010,0.4480,0
2611,939,1163.4,709.4,1225.1,881.4,10.010,0.1292,0
2611,1016,306.8,681.3,347.3,802.9,10.010,0.3960,0
2611,1007,906.2,701.6,988.5,886.0,10.010,0.4776,0
2611,918,1773.1,662.6,1845.9,870.5,10.010,0.1399,0
2611,892,1837.1,635.0,1896.6,855.6,10.010,0.2873,0
2611,1024,601.9,688.8,686.4,876.7,10.010,0.5937,1
2611,1084,992.3,711.5,1051.0,863.5,10.010,0.1019,0
2611,945,813.4,689.1,912.6,896.3,10.010,0.0286,0
2611,1057,1710.1,678.6,1755.9,833.5,10.010,0.0135,0
2612,954,1208.1,706.0,1280.7,908.8,10.010,0.3897,0
2612,861,0.0,578.3,120.9,983.2,10.010,0.8617,1
2612,1019,346.0,679.4,392.2,816.6,10.010,0.4624,0
2612,939,1167.0,713.5,1227.5,882.4,10.010,0.1515,0
2612,1016,304.1,681.7,345.2,804.4,10.010,0.4156,0
2612,1007,908.5,703.1,992.6,888.2,10.010,0.4956,0
2612,918,1776.5,665.5,1849.0,872.4,10.010,0.1819,0
2612,892,1839.8,635.3,1899.4,857.1,10.010,0.3407,0
2612,1024,604.3,689.1,688.9,877.4,10.010,0.6036,1
2612,1084,984.6,709.3,1043.9,862.7,10.010,0.1231,0
2612,945,816.9,688.2,917.9,896.6,10.010,0.0286,0
2612,1057,1711.7,677.6,1758.4,833.5,10.010,0.0135,0
2613,954,1215.0,706.2,1287.6,909.5,7.998,0.4254,0
2613,861,0.0,575.5,116.6,983.2,7.998,0.8652,1
2613,1019,343.1,680.2,389.5,817.7,7.998,0.4946,0
2613,939,1169.1,716.7,1229.2,882.9,7.998,0.1882,0
2613,1016,301.8,681.7,343.2,806.2,7.998,0.4525,0
2613,1007,910.8,705.6,995.4,889.6,7.998,0.5256,1
2613,918,1779.5,665.0,1852.4,873.4,7.998,0.2432,0
2613,892,1841.6,635.1,1901.0,856.0,7.998,0.4068,0
2613,1024,607.7,688.0,692.3,878.8,7.998,0.6249,1
2613,1084,974.1,707.7,1035.1,866.9,7.998,0.1623,0
2613,945,822.9,688.3,924.7,898.9,7.998,0.0286,0
2613,1057,1712.9,678.1,1759.4,833.7,7.998,0.0135,0
2614,954,1220.3,707.0,1294.2,912.2,7.998,0.4547,0
2614,861,0.0,573.6,112.1,983.1,7.998,0.8662,1
2614,1019,340.5,676.4,388.4,819.0,7.998,0.5194,1
2614,939,1172.3,717.5,1233.5,885.3,7.998,0.2241,0
2614,1016,300.6,682.2,341.9,806.9,7.998,0.4794,0
2614,1007,910.5,703.5,997.0,890.3,7.998,0.5474,1
2614,918,1781.5,664.0,1854.3,873.9,7.998,0.2974,0
2614,892,1841.6,635.8,1901.9,858.3,7.998,0.4532,0
2614,1024,613.7,685.5,697.6,879.2,7.998,0.6384,1
2614,1084,966.0,706.2,1026.6,868.0,7.998,0.2049,0
2614,945,831.6,687.6,932.4,900.0,7.998,0.6429,1
2614,1057,1713.3,676.7,1759.8,834.3,7.998,0.0135,0
2615,954,1224.6,707.3,1299.9,912.8,7.998,0.4794,0
2615,861,0.0,577.0,111.2,982.4,7.998,0.8669,1
2615,1019,339.1,677.1,386.8,819.3,7.998,0.5390,1
2615,939,1175.4,717.6,1237.6,885.8,7.998,0.2604,0
2615,1016,297.9,681.8,339.0,806.2,7.998,0.5011,1
2615,1007,910.3,708.4,996.7,893.1,7.998,0.5675,1
2615,918,1782.9,663.5,1855.0,873.4,7.998,0.3470,0
2615,892,1841.5,635.7,1902.8,858.7,7.998,0.4914,0
2615,1024,619.7,683.8,702.1,880.9,7.998,0.6499,1
2615,1084,959.4,706.9,1018.0,866.6,7.998,0.2490,0
2615,945,839.8,685.6,939.3,901.8,7.998,0.6550,1
2615,1057,1714.6,676.2,1760.8,834.5,7.998,0.0135,0
2616,954,1226.3,707.3,1303.9,914.5,7.998,0.5014,1
2616,861,0.0,569.2,111.7,982.2,7.998,0.8671,1
2616,1019,336.7,679.2,383.8,819.5,7.998,0.5539,1
2616,939,1179.3,717.8,1243.1,887.9,7.998,0.2968,0
2616,1016,294.8,681.7,335.4,805.1,7.998,0.5176,1
2616,1007,911.0,712.5,995.2,892.6,7.998,0.5816,1
2616,918,1785.5,664.6,1856.6,873.5,7.998,0.3892,0
2616,892,1844.8,635.9,1906.1,857.1,7.998,0.5211,1
2616,1024,626.3,684.6,706.2,882.4,7.998,0.6590,1
2616,1084,958.1,705.2,1015.9,867.4,7.998,0.2936,0
2616,945,840.5,684.5,937.7,901.4,7.998,0.6632,1
2616,1057,1715.8,675.2,1761.8,834.4,7.998,0.0865,0
2616,831,1741.2,681.9,1787.6,817.7,7.998,0.0135,0
2617,954,1229.6,709.2,1308.0,914.4,7.998,0.5184,1
2617,861,0.0,563.8,110.0,982.6,7.998,0.8674,1
2617,1019,334.1,681.7,380.6,819.6,7.998,0.5650,1
2617,939,1184.8,717.0,1249.6,887.4,7.998,0.3279,0
2617,1016,293.6,681.8,334.2,805.5,7.998,0.5308,1
2617,1007,914.2,702.5,1002.4,892.6,7.998,0.5928,1
2617,918,1786.9,665.6,1856.7,873.1,7.998,0.4232,0
2617,892,1847.8,636.5,1908.8,855.4,7.998,0.5436,1
2617,1024,629.8,685.6,707.9,885.0,7.998,0.6677,1
2617,945,841.7,682.9,938.2,903.4,7.998,0.6715,1
2617,1093,446.7,692.5,506.8,850.5,7.998,0.6024,1
2617,1057,1717.4,674.9,1763.3,834.7,7.998,0.1160,0
2617,831,1746.4,680.8,1790.7,815.4,7.998,0.0135,0
2618,954,1232.3,709.2,1311.6,913.8,7.998,0.5298,1
2618,861,0.0,561.7,114.2,983.8,7.998,0.8679,1
2618,1019,332.0,679.9,379.6,819.4,7.998,0.5734,1
2618,939,1192.0,716.7,1256.6,885.1,7.998,0.3487,0
2618,1016,294.1,682.4,333.8,805.1,7.998,0.5396,1
2618,1007,917.1,699.9,1006.8,894.0,7.998,0.6021,1
2618,918,1787.7,666.1,1857.2,874.0,7.998,0.4461,0
2618,892,1848.9,636.8,1910.7,856.2,7.998,0.5586,1
2618,1024,633.8,685.7,711.6,886.5,7.998,0.6749,1
2618,945,848.3,683.8,942.0,904.9,7.998,0.6775,1
2618,1093,441.2,697.5,499.8,849.7,7.998,0.6103,1
2618,1057,1718.2,672.4,1764.5,834.9,7.998,0.1462,0
2618,1072,261.3,672.3,307.7,830.1,7.998,0.6345,1
2618,831,1749.7,684.7,1792.2,816.6,7.998,0.0135,0
2619,954,1234.5,707.9,1315.7,915.4,7.998,0.5409,1
2619,861,2.2,562.1,122.2,984.0,7.998,0.8680,1
2619,1019,328.8,680.2,376.9,820.0,7.998,0.5805,1
2619,939,1200.1,714.2,1265.0,884.5,7.998,0.3656,0
2619,1016,295.8,682.9,334.5,803.8,7.998,0.5452,1
2619,1007,921.3,699.1,1010.4,894.5,7.998,0.6089,1
2619,918,1789.4,662.9,1859.8,875.2,7.998,0.4678,0
2619,892,1850.3,636.8,1913.0,856.2,7.998,0.5709,1
2619,1024,640.0,686.2,718.3,887.7,7.998,0.6808,1
2619,945,856.0,688.0,945.5,906.9,7.998,0.6824,1
2619,1093,431.7,702.7,490.5,850.6,7.998,0.6182,1
2619,1057,1719.6,672.3,1765.9,835.2,7.998,0.1814,0
2619,831,1752.2,684.5,1793.9,817.5,7.998,0.0135,0
2620,954,1237.8,707.0,1319.9,915.8,7.998,0.5499,1
2620,861,10.5,565.2,130.6,984.9,7.998,0.8681,1
2620,1019,325.8,679.4,374.2,819.5,7.998,0.5859,1
2620,939,1208.6,718.8,1271.6,885.5,7.998,0.3795,0
2620,1007,930.3,699.2,1015.7,891.0,7.998,0.6093,1
2620,918,1790.4,661.7,1860.8,875.5,7.998,0.4864,0
2620,892,1852.0,636.9,1915.4,856.3,7.998,0.5812,1
2620,1024,645.1,687.3,724.3,887.4,7.998,0.6844,1
2620,945,874.1,695.8,959.6,908.5,7.998,0.6849,1
2620,1093,424.4,706.5,484.7,852.1,7.998,0.6258,1
2620,1057,1720.9,672.5,1766.6,834.5,7.998,0.2183,0
2621,954,1243.2,707.4,1324.6,915.1,6.003,0.5719,1
2621,861,17.4,567.0,139.1,984.9,6.003,0.8718,1
2621,1019,323.6,679.4,372.5,820.7,6.003,0.6066,1
2621,939,1219.6,721.7,1280.7,886.9,6.003,0.4104,0
2621,1007,937.6,699.6,1021.4,894.6,6.003,0.6272,1
2621,918,1791.4,660.8,1861.8,875.8,6.003,0.5200,1
2621,892,1853.1,636.7,1917.2,857.4,6.003,0.6064,1
2621,1024,648.3,688.4,729.6,889.0,6.003,0.6995,1
2621,945,883.9,700.8,966.5,910.4,6.003,0.6993,1
2621,1057,1722.0,671.0,1768.1,836.0,6.003,0.2764,0
2621,1072,264.8,682.0,313.2,839.6,6.003,0.6345,1
2621,831,1760.3,684.0,1800.9,814.2,6.003,0.0135,0
2622,954,1250.9,708.4,1331.8,915.8,6.003,0.5878,1
2622,861,23.0,571.0,146.2,984.8,6.003,0.8729,1
2622,1019,321.3,680.0,370.4,821.9,6.003,0.6203,1
2622,1007,945.2,698.1,1027.9,897.9,6.003,0.6411,1
2622,918,1792.4,659.7,1862.6,875.4,6.003,0.5453,1
2622,892,1853.7,636.9,1918.3,858.2,6.003,0.6236,1
2622,1024,649.0,689.5,732.7,891.2,6.003,0.7098,1
2622,945,888.8,688.8,974.7,912.8,6.003,0.7107,1
2622,1057,1721.7,672.4,1767.9,837.9,6.003,0.3308,0
2622,1072,264.6,681.8,314.6,840.2,6.003,0.6345,1
2622,831,1762.2,684.7,1802.4,814.6,6.003,0.0135,0
2622,1093,414.1,694.4,480.4,849.5,6.003,0.6258,1
2623,954,1258.6,708.5,1339.2,916.6,6.003,0.6006,1
2623,861,27.1,575.0,152.5,985.2,6.003,0.8739,1
2623,1019,320.6,678.8,370.4,823.6,6.003,0.6315,1
2623,1007,951.3,697.1,1032.3,898.9,6.003,0.6513,1
2623,918,1790.9,660.3,1861.5,876.3,6.003,0.5633,1
2623,892,1853.6,636.5,1918.7,858.8,6.003,0.6356,1
2623,1024,649.2,690.2,734.8,892.0,6.003,0.7174,1
2623,945,897.2,684.3,984.3,914.8,6.003,0.7188,1
2623,1057,1721.9,670.1,1768.5,838.0,6.003,0.3728,0
2623,1072,265.9,681.3,317.1,841.4,6.003,0.6345,1
2623,831,1765.1,682.6,1806.3,816.1,6.003,0.0135,0
2623,1093,409.7,699.2,476.5,851.5,6.003,0.6258,1
2623,939,1233.6,728.8,1291.4,890.9,6.003,0.4104,0
2624,954,1265.4,707.5,1345.8,918.3,6.003,0.6122,1
2624,861,29.1,576.9,157.2,985.7,6.003,0.8748,1
2624,1019,321.6,681.4,370.9,823.4,6.003,0.6392,1
2624,1007,958.8,697.9,1037.4,898.4,6.003,0.6577,1
2624,918,1785.5,661.5,1857.3,876.7,6.003,0.5778,1
2624,892,1853.6,636.8,1919.0,859.5,6.003,0.6453,1
2624,1024,648.9,690.5,736.6,893.5,6.003,0.7239,1
2624,945,907.3,686.8,994.2,915.5,6.003,0.7240,1
2624,1057,1723.2,668.6,1770.3,838.2,6.003,0.4112,0
2624,1072,268.7,683.5,319.9,841.8,6.003,0.6345,1
2624,831,1766.6,680.0,1809.5,816.9,6.003,0.0135,0
2624,939,1238.5,731.3,1293.9,892.6,6.003,0.4104,0
2625,954,1272.2,708.2,1350.3,917.9,6.003,0.6205,1
2625,861,29.8,576.9,160.8,986.0,6.003,0.8754,1
2625,1019,319.2,680.9,368.9,824.3,6.003,0.6457,1
2625,1007,968.0,699.3,1047.5,901.3,6.003,0.6647,1
2625,918,1780.5,661.2,1854.4,876.6,6.003,0.5898,1
2625,892,1853.1,637.2,1918.8,860.0,6.003,0.6530,1
2625,1024,649.0,690.1,738.3,894.4,6.003,0.7291,1
2625,945,906.6,688.4,995.9,915.6,6.003,0.7278,1
2625,1057,1722.3,668.4,1770.3,839.3,6.003,0.4447,0
2625,1080,854.7,682.5,938.2,911.3,6.003,0.7226,1
2625,1072,273.7,683.3,324.4,840.4,6.003,0.6345,1
2625,939,1242.8,728.3,1298.0,892.8,6.003,0.4104,0
2625,1093,402.2,704.0,466.4,849.1,6.003,0.6258,1
2626,954,1277.4,708.9,1354.5,919.5,6.003,0.6286,1
2626,861,30.0,575.7,163.7,985.9,6.003,0.8756,1
2626,1019,317.9,680.9,367.4,824.8,6.003,0.6509,1
2626,1007,975.9,699.8,1056.9,902.5,6.003,0.6700,1
2626,918,1779.7,659.4,1855.9,877.9,6.003,0.6011,1
2626,892,1852.7,637.0,1918.6,859.9,6.003,0.6593,1
2626,1024,651.7,692.0,741.2,895.6,6.003,0.7334,1
2626,945,907.1,687.9,1000.2,915.3,6.003,0.7303,1
2626,1057,1721.8,668.9,1770.1,839.5,6.003,0.4720,0
2626,1080,861.5,681.1,944.5,911.4,6.003,0.7268,1
2626,1089,1589.7,712.1,1641.0,842.7,6.003,0.1781,0
2626,1072,278.0,683.6,327.8,840.5,6.003,0.6345,1
2626,1093,395.8,702.0,459.2,847.0,6.003,0.6258,1
2627,954,1282.9,708.9,1359.3,921.1,6.003,0.6360,1
2627,861,27.8,575.9,163.5,986.1,6.003,0.8760,1
2627,1019,317.3,680.9,366.2,824.2,6.003,0.6546,1
2627,1007,983.8,701.9,1066.0,902.3,6.003,0.6728,1
2627,918,1786.2,659.0,1862.1,878.7,6.003,0.6104,1
2627,892,1852.5,636.4,1918.5,859.5,6.003,0.6645,1
2627,1024,655.1,690.3,745.6,897.6,6.003,0.7378,1
2627,945,904.7,686.8,1002.6,916.0,6.003,0.7327,1
2627,1080,866.6,679.3,948.7,911.6,6.003,0.7295,1
2627,1089,1586.6,713.0,1637.0,842.8,6.003,0.2004,0
2627,1072,280.6,684.9,328.8,840.9,6.003,0.6345,1
2627,1093,391.3,708.1,451.3,847.3,6.003,0.6258,1
2628,954,1288.8,709.3,1364.5,921.5,6.003,0.6417,1
2628,861,29.6,575.4,165.9,985.8,6.003,0.8760,1
2628,1019,316.7,680.7,365.4,825.4,6.003,0.6580,1
2628,1007,988.6,703.0,1072.7,902.5,6.003,0.6749,1
2628,918,1788.5,661.1,1863.6,878.9,6.003,0.6175,1
2628,892,1852.5,635.8,1918.0,859.2,6.003,0.6689,1
2628,1024,659.9,689.1,749.7,898.0,6.003,0.7407,1
2628,945,903.7,689.4,1004.8,916.4,6.003,0.7347,1
2628,1080,870.8,678.9,951.9,912.8,6.003,0.7319,1
2628,1089,1582.9,711.5,1632.7,842.5,6.003,0.2208,0
2628,1072,280.8,681.7,330.9,844.3,6.003,0.6345,1
2628,1093,386.8,708.5,445.4,846.9,6.003,0.6258,1
2628,939,1252.5,729.6,1308.7,895.9,6.003,0.4104,0
2628,1057,1725.2,672.8,1772.4,839.0,6.003,0.4720,0
2629,954,1294.2,708.4,1369.5,921.3,6.003,0.6454,1
2629,861,34.5,574.7,169.6,985.6,6.003,0.8758,1
2629,1019,316.6,682.6,364.3,825.3,6.003,0.6600,1
2629,1007,993.1,703.9,1079.1,904.2,6.003,0.6776,1
2629,918,1789.2,660.2,1864.5,879.8,6.003,0.6225,1
2629,892,1850.9,635.6,1915.6,859.6,6.003,0.6715,1
2629,1024,666.1,688.0,754.3,898.8,6.003,0.7430,1
2629,945,917.4,692.4,1017.9,916.4,6.003,0.7349,1
2629,1080,874.5,680.7,954.5,915.6,6.003,0.7352,1
2629,1089,1577.5,708.4,1627.6,843.5,6.003,0.2332,0
2629,1072,280.4,682.5,331.4,848.9,6.003,0.6345,1
2629,1093,377.2,695.6,440.1,847.0,6.003,0.6258,1
2629,1057,1726.2,675.6,1772.3,836.9,6.003,0.4720,0
2630,954,1300.4,709.4,1375.9,921.6,6.003,0.6485,1
2630,861,42.2,573.3,174.5,984.7,6.003,0.8754,1
2630,1019,316.7,683.4,363.8,825.7,6.003,0.6615,1
2630,1007,997.0,706.6,1083.5,904.2,6.003,0.6791,1
2630,918,1786.7,661.6,1861.9,880.1,6.003,0.6261,1
2630,892,1849.5,635.7,1913.4,860.2,6.003,0.6738,1
2630,1024,675.9,685.6,762.1,898.4,6.003,0.7438,1
2630,945,919.8,695.2,1020.8,917.7,6.003,0.7361,1
2630,1080,878.2,682.8,957.3,916.2,6.003,0.7374,1
2630,1089,1573.2,706.7,1623.6,846.2,6.003,0.2480,0
2630,1093,372.5,692.6,436.2,849.1,6.003,0.6258,1
2630,939,1258.3,725.7,1316.7,895.7,6.003,0.4104,0
2631,954,1304.2,709.2,1380.4,921.2,4.007,0.6636,1
2631,861,48.9,572.0,178.9,985.1,4.007,0.8789,1
2631,1019,313.4,684.4,360.4,827.2,4.007,0.6770,1
2631,1007,1000.2,705.6,1088.4,905.5,4.007,0.6926,1
2631,918,1785.2,663.0,1860.2,879.8,4.007,0.6421,1
2631,892,1848.1,635.3,1911.6,861.1,4.007,0.6885,1
2631,1024,683.1,684.5,766.6,898.0,4.007,0.7523,1
2631,1080,882.0,686.1,960.3,916.7,4.007,0.7483,1
2631,1089,1570.1,705.7,1619.8,845.8,4.007,0.2784,0
2631,1093,369.5,695.7,430.3,847.5,4.007,0.6258,1
2631,1072,281.9,683.2,335.2,854.3,4.007,0.6345,1
2631,1057,1728.3,681.5,1772.5,834.4,4.007,0.4720,0
2632,954,1307.3,709.4,1384.1,921.5,4.007,0.6731,1
2632,861,59.1,572.7,186.5,984.9,4.007,0.8797,1
2632,1007,996.6,703.9,1089.3,912.1,4.007,0.7062,1
2632,918,1786.6,662.2,1861.8,879.8,4.007,0.6527,1
2632,892,1848.3,634.8,1911.0,861.4,4.007,0.6972,1
2632,1024,690.5,684.2,771.2,897.6,4.007,0.7558,1
2632,1080,884.4,687.9,961.9,913.9,4.007,0.7519,1
2632,1089,1567.5,707.3,1616.7,847.3,4.007,0.3080,0
2632,1093,364.9,700.9,422.7,845.9,4.007,0.6258,1
2632,1072,284.7,687.1,338.1,856.9,4.007,0.6345,1
2632,1057,1729.9,681.2,1775.1,836.4,4.007,0.4720,0
2632,945,915.0,693.5,1017.5,919.4,4.007,0.7361,1
2633,954,1307.8,711.3,1385.0,922.7,4.007,0.6817,1
2633,861,68.9,573.3,194.6,985.7,4.007,0.8804,1
2633,1007,1001.5,704.4,1093.1,910.1,4.007,0.7127,1
2633,918,1787.8,661.6,1862.5,879.8,4.007,0.6614,1
2633,892,1848.0,635.4,1909.9,861.7,4.007,0.7038,1
2633,1024,697.9,684.7,778.1,899.0,4.007,0.7589,1
2633,1080,887.7,687.9,966.8,914.0,4.007,0.7549,1
2633,1089,1564.0,708.3,1613.6,848.5,4.007,0.3376,0
2633,1093,358.4,701.5,416.3,847.0,4.007,0.6258,1
2633,1072,287.4,689.9,340.3,857.7,4.007,0.6345,1
2633,1057,1731.7,681.4,1777.4,837.4,4.007,0.4720,0
2633,945,932.3,690.0,1033.1,918.9,4.007,0.7361,1
2633,1016,272.9,682.0,314.0,810.6,4.007,0.5452,1
2634,954,1308.3,711.6,1386.3,923.2,1.996,0.7007,1
2634,861,77.5,574.0,202.1,986.5,1.996,0.8844,1
2634,1007,1004.2,704.1,1095.4,909.3,1.996,0.7273,1
2634,918,1786.6,660.4,1861.1,879.0,1.996,0.6810,1
2634,892,1848.4,636.6,1909.3,861.5,1.996,0.7195,1
2634,1024,705.3,683.7,787.0,899.8,1.996,0.7693,1
2634,1080,894.5,690.1,976.1,914.0,1.996,0.7653,1
2634,1089,1558.8,712.5,1609.3,850.8,1.996,0.3845,0
2634,1093,353.8,696.8,413.7,847.4,1.996,0.6258,1
2634,1072,289.4,691.7,342.0,859.2,1.996,0.6345,1
2634,1057,1734.7,679.1,1781.1,838.1,1.996,0.4720,0
2634,945,930.2,687.5,1031.0,919.2,1.996,0.7361,1
2634,1016,271.3,682.7,312.3,811.1,1.996,0.5452,1
2635,954,1310.3,713.1,1388.1,922.9,1.996,0.7122,1
2635,861,86.1,575.1,210.1,987.2,1.996,0.8858,1
2635,1007,1006.5,704.3,1096.9,908.4,1.996,0.7347,1
2635,918,1788.8,664.0,1860.7,876.7,1.996,0.6915,1
2635,892,1850.0,637.3,1909.6,861.3,1.996,0.7284,1
2635,1024,710.0,685.7,793.8,900.1,1.996,0.7746,1
2635,1080,901.8,691.0,987.0,914.9,1.996,0.7707,1
2635,1089,1554.3,716.2,1605.9,852.5,1.996,0.4254,0
2635,1093,349.3,695.5,408.8,844.3,1.996,0.6258,1
2635,1072,294.0,685.2,349.0,861.4,1.996,0.6345,1
2635,1057,1735.2,678.7,1781.7,838.9,1.996,0.4720,0
2635,945,935.2,690.7,1033.7,919.4,1.996,0.7361,1
2635,1016,269.7,682.5,310.8,810.9,1.996,0.5452,1
2636,954,1311.6,713.7,1389.7,923.5,1.996,0.7214,1
2636,861,96.8,579.2,220.2,986.6,1.996,0.8865,1
2636,1007,1008.5,702.1,1099.2,909.1,1.996,0.7406,1
2636,918,1790.0,664.9,1860.4,874.8,1.996,0.6994,1
2636,892,1848.7,637.7,1908.0,862.6,1.996,0.7354,1
2636,1024,714.5,687.8,801.0,900.9,1.996,0.7786,1
2636,1080,907.8,691.1,998.2,919.0,1.996,0.7765,1
2636,1089,1550.7,716.6,1604.9,855.2,1.996,0.4623,0
2636,1083,466.4,698.5,534.4,864.1,1.996,0.7460,1
2636,1093,344.6,695.0,404.7,843.8,1.996,0.6258,1
2636,1057,1739.1,680.2,1784.5,838.8,1.996,0.4720,0
2636,945,916.9,690.4,1019.8,921.5,1.996,0.7361,1
2636,1016,271.4,689.1,310.6,811.4,1.996,0.5452,1
2636,1019,300.7,677.9,358.1,857.4,1.996,0.6770,1
2637,954,1315.9,714.6,1393.9,924.7,1.996,0.7289,1
2637,861,103.9,583.4,228.2,986.2,1.996,0.8870,1
2637,1007,1010.3,701.2,1100.4,910.0,1.996,0.7453,1
2637,918,1790.3,665.2,1859.7,873.0,1.996,0.7046,1
2637,892,1847.7,638.0,1906.7,862.9,1.996,0.7401,1
2637,1024,716.6,687.9,806.7,902.1,1.996,0.7820,1
2637,1089,1548.6,718.3,1604.6,857.6,1.996,0.4886,0
2637,1083,461.7,700.4,528.2,863.6,1.996,0.7501,1
2637,1093,342.3,694.4,401.4,839.8,1.996,0.6258,1
2637,1057,1741.8,677.9,1787.4,839.2,1.996,0.4720,0
2637,945,914.2,688.6,1020.0,922.1,1.996,0.7361,1
2637,1016,272.9,690.0,311.7,811.6,1.996,0.5452,1
2637,1019,302.9,679.4,359.2,860.5,1.996,0.6770,1
2638,954,1321.3,715.8,1398.4,924.6,1.996,0.7343,1
2638,861,110.3,587.9,235.4,985.9,1.996,0.8873,1
2638,1007,1013.8,701.2,1102.2,910.6,1.996,0.7486,1
2638,918,1785.8,659.1,1857.2,873.2,1.996,0.7111,1
2638,892,1846.0,639.0,1904.7,863.3,1.996,0.7435,1
2638,1024,716.9,690.7,809.1,902.8,1.996,0.7846,1
2638,1089,1546.6,719.0,1603.3,858.2,1.996,0.5109,1
2638,1083,457.6,700.6,523.4,863.2,1.996,0.7530,1
2638,1106,1685.2,699.0,1713.1,823.2,1.996,0.5525,1
2638,1093,338.4,691.8,399.8,842.7,1.996,0.6258,1
2638,945,912.4,688.0,1017.0,918.8,1.996,0.7361,1
2638,1016,272.0,688.7,310.9,811.1,1.996,0.5452,1
2638,1019,306.1,680.8,361.1,861.1,1.996,0.6770,1
2639,954,1327.5,715.0,1403.6,924.3,1.996,0.7381,1
2639,861,114.3,592.6,240.9,985.8,1.996,0.8877,1
2639,1007,1021.4,699.3,1107.7,911.1,1.996,0.7507,1
2639,918,1783.6,655.7,1856.2,873.6,1.996,0.7170,1
2639,892,1845.4,640.0,1903.9,863.1,1.996,0.7459,1
2639,1024,718.1,692.8,812.2,903.6,1.996,0.7868,1
2639,1089,1543.8,720.5,1600.7,859.8,1.996,0.5305,1
2639,1083,454.4,700.8,520.4,864.0,1.996,0.7557,1
2639,1106,1685.3,699.5,1713.4,823.1,1.996,0.5653,1
2639,1016,270.8,685.3,310.8,811.7,1.996,0.5452,1
2639,1072,306.1,694.5,357.3,863.9,1.996,0.6345,1
2639,1080,918.3,687.9,1006.9,914.5,1.996,0.7765,1
2639,1057,1747.7,680.9,1791.6,838.6,1.996,0.4720,0
2640,954,1330.7,714.9,1405.8,923.9,1.996,0.7410,1
2640,861,118.7,594.9,248.1,986.1,1.996,0.8881,1
2640,1007,1032.6,699.5,1115.6,910.9,1.996,0.7514,1
2640,918,1785.1,656.8,1856.6,873.0,1.996,0.7209,1
2640,892,1845.4,640.4,1903.7,863.3,1.996,0.7478,1
2640,1024,718.6,693.4,814.7,904.5,1.996,0.7888,1
2640,1089,1541.2,720.1,1597.2,858.9,1.996,0.5457,1
2640,1083,453.2,697.4,520.8,864.0,1.996,0.7578,1
2640,1106,1685.2,698.0,1713.9,823.0,1.996,0.5773,1
2640,1016,270.2,683.0,310.4,811.9,1.996,0.5452,1
2640,1072,307.2,692.4,358.5,863.9,1.996,0.6345,1
2640,1080,925.2,685.7,1013.3,914.2,1.996,0.7765,1
2640,1057,1751.2,684.2,1794.0,839.0,1.996,0.4720,0
2640,1093,332.2,697.6,392.5,848.1,1.996,0.6258,1
2640,1019,304.3,680.6,361.1,868.4,1.996,0.6770,1
2641,954,1330.8,714.1,1406.0,923.9,1.996,0.7432,1
2641,861,123.3,596.8,255.9,986.8,1.996,0.8885,1
2641,1007,1041.1,699.9,1120.7,910.5,1.996,0.7512,1
2641,918,1784.9,656.1,1856.6,874.6,1.996,0.7249,1
2641,892,1845.0,640.4,1903.2,863.9,1.996,0.7495,1
2641,1024,720.5,693.3,817.6,904.7,1.996,0.7901,1
2641,1089,1537.7,722.0,1590.6,855.8,1.996,0.5558,1
2641,1083,445.3,695.8,512.5,863.7,1.996,0.7597,1
2641,1106,1684.9,697.8,1713.8,822.9,1.996,0.5873,1
2641,1016,269.6,681.7,309.7,812.1,1.996,0.5452,1
2641,1072,313.8,691.4,368.0,867.9,1.996,0.6345,1
2641,1080,935.5,684.0,1022.9,915.5,1.996,0.7765,1
2641,1057,1757.8,684.3,1795.8,822.7,1.996,0.4720,0
2642,954,1330.9,713.1,1406.7,923.8,0.000,0.7543,1
2642,861,127.1,599.1,262.6,987.0,0.000,0.8917,1
2642,1007,1048.3,699.8,1124.3,906.6,0.000,0.7569,1
2642,918,1783.8,657.1,1855.0,875.3,0.000,0.7373,1
2642,892,1843.9,640.5,1902.3,864.2,0.000,0.7597,1
2642,1024,723.3,691.4,821.6,904.8,0.000,0.7983,1
2642,1089,1530.3,719.9,1583.2,858.2,0.000,0.5833,1
2642,1083,439.2,698.8,505.1,863.1,0.000,0.7705,1
2642,1106,1684.4,698.6,1713.2,822.6,0.000,0.6133,1
2642,1016,269.3,683.9,308.6,812.1,0.000,0.5452,1
2642,1072,318.2,694.4,374.5,870.0,0.000,0.6345,1
2642,1080,942.8,684.2,1029.5,918.2,0.000,0.7765,1
2643,954,1336.7,710.6,1412.7,923.5,0.000,0.7598,1
2643,861,130.0,597.2,268.6,985.7,0.000,0.8922,1
2643,1007,1056.5,701.9,1130.6,906.3,0.000,0.7591,1
2643,918,1783.6,657.3,1855.3,878.3,0.000,0.7449,1
2643,892,1842.5,642.0,1900.9,864.6,0.000,0.7646,1
2643,1024,729.7,690.0,827.5,904.0,0.000,0.8013,1
2643,1089,1526.2,717.4,1579.3,859.7,0.000,0.6040,1
2643,1083,431.4,699.2,498.6,863.6,0.000,0.7762,1
2643,1106,1685.1,699.8,1713.8,821.7,0.000,0.6301,1
2643,1016,270.3,684.5,309.3,812.8,0.000,0.5452,1
2643,1072,320.1,696.6,378.8,873.1,0.000,0.6345,1
2643,1080,949.5,683.7,1035.0,919.4,0.000,0.7765,1
2644,954,1339.6,711.1,1414.7,922.3,0.000,0.7632,1
2644,861,136.6,597.6,277.5,986.5,0.000,0.8929,1
2644,1007,1065.2,701.8,1140.0,906.3,0.000,0.7604,1
2644,918,1782.1,663.3,1851.9,878.7,0.000,0.7488,1
2644,892,1843.2,643.7,1901.3,864.7,0.000,0.7678,1
2644,1024,737.8,689.0,834.6,903.4,0.000,0.8028,1
2644,1089,1521.9,717.9,1574.0,860.1,0.000,0.6204,1
2644,1083,425.6,699.0,494.7,864.6,0.000,0.7808,1
2644,1106,1685.2,700.3,1714.1,821.2,0.000,0.6434,1
2644,1016,270.1,684.2,309.0,812.4,0.000,0.5452,1
2644,1072,321.8,699.3,382.9,876.6,0.000,0.6345,1
2644,1080,956.2,685.0,1039.2,919.3,0.000,0.7765,1
2645,954,1340.2,711.0,1416.2,922.8,0.000,0.7664,1
2645,861,148.1,596.3,289.7,986.6,0.000,0.8931,1
2645,1007,1074.2,702.9,1150.0,906.1,0.000,0.7610,1
2645,918,1778.0,664.3,1847.8,879.4,0.000,0.7521,1
2645,892,1843.2,644.0,1901.6,864.9,0.000,0.7703,1
2645,1024,747.4,687.9,842.6,903.8,0.000,0.8039,1
2645,1089,1514.8,718.7,1566.2,859.9,0.000,0.6327,1
2645,1106,1685.5,701.1,1714.6,821.3,0.000,0.6538,1
2645,1016,270.7,684.0,308.8,811.5,0.000,0.5452,1
2645,1072,324.0,701.9,386.7,878.5,0.000,0.6345,1
2645,1080,960.5,686.9,1042.1,919.8,0.000,0.7765,1
2645,939,1339.3,713.3,1413.3,922.3,0.000,0.4104,0
2646,861,160.6,594.5,301.6,986.4,0.000,0.8930,1
2646,1007,1081.7,703.7,1158.4,905.9,0.000,0.7611,1
2646,918,1775.0,666.7,1844.4,878.5,0.000,0.7539,1
2646,892,1844.1,644.3,1902.5,865.1,0.000,0.7722,1
2646,1089,1509.1,719.3,1560.9,860.6,0.000,0.6426,1
2646,1106,1685.9,702.1,1715.0,821.5,0.000,0.6616,1
2646,1110,21.6,625.8,74.7,847.1,0.000,0.8353,1
2646,1072,326.9,701.2,392.1,880.4,0.000,0.6345,1
2646,1080,964.7,689.4,1045.2,920.4,0.000,0.7765,1
2646,939,1352.4,714.7,1425.8,924.4,0.000,0.4104,0
2647,861,178.1,592.9,316.4,985.5,0.000,0.8926,1
2647,1007,1085.4,703.9,1163.4,906.7,0.000,0.7617,1
2647,918,1772.0,668.0,1841.5,878.1,0.000,0.7548,1
2647,892,1843.6,644.1,1902.5,865.4,0.000,0.7735,1
2647,1089,1500.2,719.9,1553.9,861.7,0.000,0.6497,1
2647,1106,1685.1,700.6,1714.9,822.4,0.000,0.6678,1
2647,1110,21.7,624.1,75.5,846.6,0.000,0.8359,1
2647,1072,331.0,704.3,396.4,881.1,0.000,0.6345,1
2647,1080,967.3,692.0,1045.5,917.0,0.000,0.7765,1
2647,939,1358.9,716.3,1432.1,925.6,0.000,0.4104,0
2647,1093,300.8,682.1,358.1,831.0,0.000,0.6258,1
2648,861,192.6,590.9,326.2,976.6,0.000,0.8903,1
2648,1007,1088.5,704.9,1167.6,908.3,0.000,0.7628,1
2648,918,1770.1,665.4,1840.6,876.8,0.000,0.7560,1
2648,892,1842.9,643.4,1902.3,865.9,0.000,0.7748,1
2648,1089,1494.6,720.5,1550.6,863.4,0.000,0.6562,1
2648,1106,1684.6,699.8,1714.7,822.0,0.000,0.6727,1
2648,1110,22.5,623.2,76.3,844.5,0.000,0.8360,1
2648,1072,336.9,704.6,402.4,881.5,0.000,0.6345,1
2648,1080,968.6,693.2,1046.8,917.8,0.000,0.7765,1
2648,939,1362.1,717.5,1435.6,925.5,0.000,0.4104,0
2648,1024,768.2,688.1,861.8,908.3,0.000,0.8039,1
2649,861,205.8,588.4,336.7,972.1,0.000,0.8883,1
2649,1007,1090.5,705.6,1170.6,909.2,0.000,0.7640,1
2649,918,1769.3,664.7,1840.2,876.5,0.000,0.7569,1
2649,892,1841.4,643.2,1901.1,866.8,0.000,0.7758,1
2649,1089,1492.6,721.8,1550.2,864.2,0.000,0.6613,1
2649,1106,1685.0,699.1,1715.1,821.2,0.000,0.6767,1
2649,1110,24.1,622.8,78.1,843.8,0.000,0.8359,1
2649,1072,343.8,704.4,408.5,881.1,0.000,0.6345,1
2649,1080,970.9,692.7,1049.3,916.6,0.000,0.7765,1
2649,939,1364.1,717.8,1438.7,925.5,0.000,0.4104,0
2649,1024,777.2,687.5,869.7,908.2,0.000,0.8039,1
2650,861,218.1,590.3,346.6,969.4,0.000,0.8866,1
2650,1007,1092.4,705.7,1173.3,910.1,0.000,0.7652,1
2650,918,1767.3,662.0,1839.6,876.9,0.000,0.7581,1
2650,892,1840.3,642.8,1899.9,866.7,0.000,0.7764,1
2650,1089,1488.3,719.9,1548.9,865.2,0.000,0.6654,1
2650,1106,1685.0,699.2,1715.2,821.0,0.000,0.6791,1
2650,1110,24.8,623.7,78.9,843.6,0.000,0.8358,1
2650,1072,348.7,702.6,411.8,880.4,0.000,0.6345,1
2650,1080,974.3,691.4,1053.9,916.2,0.000,0.7765,1
2650,939,1365.7,717.6,1441.4,925.7,0.000,0.4104,0
2650,1024,785.9,687.9,879.1,907.9,0.000,0.8039,1
2650,1083,407.7,698.0,474.8,860.7,0.000,0.7808,1
2651,861,231.1,593.4,358.2,969.2,0.000,0.8855,1
2651,1007,1097.6,706.0,1177.5,909.0,0.000,0.7649,1
2651,918,1765.8,663.4,1838.5,877.4,0.000,0.7587,1
2651,892,1839.4,644.2,1898.7,866.4,0.000,0.7764,1
2651,1089,1486.6,720.8,1548.2,865.9,0.000,0.6689,1
2651,1106,1685.1,700.8,1715.1,821.2,0.000,0.6806,1
2651,1110,25.0,625.2,78.8,840.9,0.000,0.8351,1
2651,1072,356.1,702.9,418.5,881.9,0.000,0.6345,1
2651,1080,978.3,692.4,1058.6,917.4,0.000,0.7765,1
2651,939,1367.2,717.1,1443.5,927.0,0.000,0.4104,0
2651,1024,792.3,688.9,886.8,907.6,0.000,0.8039,1
2651,1083,403.0,697.8,467.8,860.7,0.000,0.7808,1
2652,861,244.7,595.0,372.4,969.8,0.000,0.8847,1
2652,1007,1101.2,704.9,1180.5,908.6,0.000,0.7646,1
2652,918,1764.7,667.6,1836.6,877.3,0.000,0.7581,1
2652,892,1838.3,644.9,1897.0,865.2,0.000,0.7762,1
2652,1089,1485.3,721.4,1547.6,867.1,0.000,0.6720,1
2652,1106,1684.9,700.1,1715.1,821.5,0.000,0.6824,1
2652,1110,26.3,627.5,79.4,836.8,0.000,0.8335,1
2652,1072,359.3,703.8,419.9,880.9,0.000,0.6345,1
2652,1080,981.6,694.1,1063.0,918.5,0.000,0.7765,1
2652,1024,795.6,690.8,891.9,908.6,0.000,0.8039,1
2652,1083,399.1,697.2,461.5,860.0,0.000,0.7808,1
2652,954,1366.5,717.1,1441.5,925.5,0.000,0.7664,1
2653,861,255.1,600.5,382.5,969.8,0.000,0.8841,1
2653,1007,1103.2,703.0,1182.2,908.4,0.000,0.7642,1
2653,918,1761.1,663.7,1835.5,877.2,0.000,0.7589,1
2653,892,1837.2,645.8,1895.2,863.5,0.000,0.7756,1
2653,1089,1481.4,721.1,1544.0,868.5,0.000,0.6753,1
2653,1106,1683.9,698.1,1715.1,822.3,0.000,0.6850,1
2653,1110,28.9,628.7,82.8,838.8,0.000,0.8331,1
2653,1072,364.8,702.5,427.2,885.9,0.000,0.6345,1
2653,1080,985.2,693.7,1068.5,920.9,0.000,0.7765,1
2653,1024,797.4,693.6,895.5,910.0,0.000,0.8039,1
2653,1083,395.7,695.8,457.6,863.3,0.000,0.7808,1
2653,954,1369.6,715.9,1445.0,926.7,0.000,0.7664,1
2654,861,264.9,605.4,393.6,971.0,0.000,0.8840,1
2654,1007,1102.4,701.4,1181.7,909.9,0.000,0.7650,1
2654,918,1759.9,669.3,1833.3,877.6,0.000,0.7580,1
2654,892,1834.0,645.8,1891.6,861.3,0.000,0.7750,1
2654,1089,1477.8,720.2,1539.6,868.5,0.000,0.6777,1
2654,1106,1683.4,699.3,1714.7,822.7,0.000,0.6865,1
2654,1110,29.7,630.0,83.3,837.0,0.000,0.8321,1
2654,1114,1047.8,692.7,1132.9,927.9,0.000,0.8008,1
2654,1072,374.1,705.9,432.4,876.3,0.000,0.8167,1
2654,1080,990.8,692.7,1075.5,923.2,0.000,0.7975,1
2654,1024,798.0,694.8,898.0,910.4,0.000,0.8039,1
2654,1083,381.7,696.5,446.5,871.4,0.000,0.7808,1
2654,954,1374.7,714.3,1449.8,927.0,0.000,0.7664,1
2655,861,272.8,608.3,403.7,971.9,0.000,0.8840,1
2655,1007,1103.2,701.9,1182.8,914.2,0.000,0.7680,1
2655,918,1755.8,667.6,1830.7,877.3,0.000,0.7580,1
2655,892,1830.5,644.9,1888.4,860.9,0.000,0.7749,1
2655,1089,1473.3,719.7,1533.5,867.1,0.000,0.6787,1
2655,1106,1683.8,701.7,1714.2,821.7,0.000,0.6865,1
2655,1110,31.4,631.5,85.3,839.1,0.000,0.8318,1
2655,1114,1056.3,691.2,1139.8,928.3,0.000,0.7998,1
2655,1080,998.6,692.6,1082.8,922.7,0.000,0.7976,1
2655,1024,799.1,693.3,901.3,910.3,0.000,0.8039,1
2655,1083,374.4,697.5,442.5,881.8,0.000,0.7808,1
2655,954,1380.7,714.0,1454.5,925.6,0.000,0.7664,1
2656,861,281.0,610.2,413.6,972.8,0.000,0.8842,1
2656,1007,1110.6,701.7,1187.9,912.6,0.000,0.7680,1
2656,918,1753.0,668.4,1828.7,877.3,0.000,0.7577,1
2656,892,1829.0,644.4,1887.5,862.4,0.000,0.7753,1
2656,1089,1469.7,718.7,1527.7,865.0,0.000,0.6784,1
2656,1106,1684.8,703.0,1714.6,821.5,0.000,0.6864,1
2656,1110,35.1,632.1,89.4,840.3,0.000,0.8316,1
2656,1114,1064.0,687.6,1146.9,928.8,0.000,0.7987,1
2656,1080,1006.0,691.5,1088.7,919.4,0.000,0.7955,1
2656,1024,801.6,692.7,904.9,910.5,0.000,0.8039,1
2656,1083,372.3,697.5,443.9,890.6,0.000,0.7808,1
2656,939,1389.9,712.9,1465.4,923.2,0.000,0.4104,0
2657,861,289.4,611.6,423.7,974.2,0.000,0.8845,1
2657,1007,1117.2,700.8,1192.2,911.6,0.000,0.7675,1
2657,918,1752.6,669.9,1828.3,877.2,0.000,0.7571,1
2657,892,1828.0,643.6,1886.9,864.0,0.000,0.7760,1
2657,1089,1465.8,718.1,1522.6,865.4,0.000,0.6789,1
2657,1106,1684.3,701.3,1714.7,821.8,0.000,0.6870,1
2657,1110,37.4,632.3,90.6,837.4,0.000,0.8307,1
2657,1114,1071.6,685.2,1153.0,929.6,0.000,0.7978,1
2657,1080,1013.6,692.0,1094.7,918.5,0.000,0.7937,1
2657,1024,806.3,691.5,909.8,910.6,0.000,0.8039,1
2657,939,1394.8,712.4,1469.8,920.5,0.000,0.4104,0
2657,1093,256.3,681.7,320.3,857.2,0.000,0.6258,1
2657,1072,387.8,700.1,453.1,893.3,0.000,0.8167,1
2658,861,300.2,615.1,435.6,977.3,0.000,0.8856,1
2658,1007,1123.9,700.1,1196.5,909.8,0.000,0.7658,1
2658,918,1752.9,673.7,1827.7,877.2,0.000,0.7557,1
2658,892,1827.8,644.1,1886.6,865.6,0.000,0.7763,1
2658,1089,1461.8,719.9,1516.9,866.2,0.000,0.6788,1
2658,1106,1685.2,703.5,1714.9,821.3,0.000,0.6859,1
2658,1110,38.8,631.9,91.6,835.1,0.000,0.8297,1
2658,1114,1078.1,684.4,1157.7,929.6,0.000,0.7968,1
2658,1080,1021.2,689.9,1101.3,918.1,0.000,0.7918,1
2658,1024,812.4,692.2,914.0,910.5,0.000,0.8039,1
2658,939,1399.0,714.1,1474.2,919.3,0.000,0.4104,0
2658,1093,262.6,677.7,319.6,833.9,0.000,0.6258,1
2659,861,310.5,614.4,446.1,977.1,0.000,0.8857,1
2659,1007,1130.4,700.1,1201.3,909.9,0.000,0.7646,1
2659,918,1756.2,677.1,1829.3,877.5,0.000,0.7542,1
2659,892,1828.7,645.2,1886.9,866.6,0.000,0.7763,1
2659,1089,1457.7,721.0,1512.3,869.7,0.000,0.6807,1
2659,1106,1685.8,704.4,1715.4,821.3,0.000,0.6850,1
2659,1110,41.6,630.2,93.5,832.4,0.000,0.8285,1
2659,1114,1085.4,684.1,1164.4,928.8,0.000,0.7953,1
2659,1080,1027.8,689.0,1106.6,918.4,0.000,0.7903,1
2659,1024,820.7,690.4,920.7,910.3,0.000,0.8039,1
2659,1093,263.2,675.8,316.5,825.7,0.000,0.6258,1
2659,954,1394.3,714.3,1464.7,917.6,0.000,0.7664,1
2659,1072,403.4,705.1,465.3,896.5,0.000,0.8167,1
2660,861,321.1,613.5,456.2,978.2,0.000,0.8859,1
2660,1007,1137.0,700.2,1206.0,907.9,0.000,0.7623,1
2660,918,1756.6,680.4,1827.7,877.6,0.000,0.7527,1
2660,892,1827.5,645.4,1885.3,866.8,0.000,0.7763,1
2660,1089,1454.1,722.5,1507.6,869.5,0.000,0.6811,1
2660,1106,1685.6,701.4,1716.2,822.3,0.000,0.6856,1
2660,1110,43.3,629.4,94.9,831.4,0.000,0.8276,1
2660,1114,1093.4,685.2,1173.4,928.5,0.000,0.7940,1
2660,1080,1033.3,688.8,1110.8,919.3,0.000,0.7895,1
2660,1024,827.7,689.9,925.6,910.3,0.000,0.8039,1
2660,1093,262.2,677.2,313.8,824.7,0.000,0.6258,1
2660,954,1396.6,714.5,1466.9,917.9,0.000,0.7664,1
2660,1019,301.3,684.2,346.0,841.9,0.000,0.6770,1
2661,861,329.2,613.4,463.4,978.9,0.000,0.8861,1
2661,1007,1143.8,702.6,1211.4,908.3,0.000,0.7609,1
2661,918,1757.4,679.3,1828.6,877.6,0.000,0.7520,1
2661,892,1825.6,645.2,1883.1,865.5,0.000,0.7759,1
2661,1089,1454.4,723.9,1507.9,872.8,0.000,0.6833,1
2661,1106,1686.7,703.8,1716.7,822.0,0.000,0.6850,1
2661,1110,44.8,628.7,96.2,831.4,0.000,0.8270,1
2661,1114,1100.1,687.5,1182.8,929.2,0.000,0.7935,1
2661,1080,1038.4,689.0,1114.4,918.5,0.000,0.7880,1
2661,1024,835.9,689.2,931.2,910.2,0.000,0.8039,1
2661,1093,261.4,678.4,311.5,822.6,0.000,0.6258,1
2661,954,1399.9,715.3,1470.6,919.1,0.000,0.7664,1
2661,1019,305.6,684.2,347.9,832.2,0.000,0.6770,1
2662,861,339.5,611.4,472.5,978.5,0.000,0.8858,1
2662,1007,1153.8,703.1,1221.9,908.4,0.000,0.7595,1
2662,918,1754.5,680.2,1824.9,877.6,0.000,0.7512,1
2662,892,1823.8,644.5,1881.5,864.8,0.000,0.7757,1
2662,1089,1451.3,723.2,1507.3,881.3,0.000,0.6901,1
2662,1106,1686.8,703.2,1717.1,821.7,0.000,0.6847,1
2662,1110,46.1,628.7,97.4,831.5,0.000,0.8265,1
2662,1114,1104.5,690.2,1190.2,929.2,0.000,0.7931,1
2662,1080,1045.5,689.5,1122.6,922.2,0.000,0.7889,1
2662,1024,845.5,688.9,937.3,910.0,0.000,0.8039,1
2662,1093,260.7,677.3,309.5,820.0,0.000,0.6258,1
2662,954,1403.0,716.8,1473.6,919.8,0.000,0.7664,1
2662,1019,305.7,682.3,348.5,829.4,0.000,0.6770,1
2663,861,348.5,610.3,479.8,978.1,0.000,0.8854,1
2663,1007,1163.1,703.9,1232.1,907.3,0.000,0.7578,1
2663,918,1753.7,680.4,1822.9,877.2,0.000,0.7504,1
2663,892,1822.3,644.6,1880.1,864.4,0.000,0.7755,1
2663,1089,1452.2,724.8,1505.0,875.3,0.000,0.6894,1
2663,1106,1686.6,703.9,1716.7,821.9,0.000,0.6843,1
2663,1110,48.9,630.9,99.3,832.3,0.000,0.8261,1
2663,1114,1106.7,693.4,1195.2,928.5,0.000,0.7925,1
2663,1080,1048.4,691.2,1124.7,921.4,0.000,0.7886,1
2663,1024,853.8,688.8,943.0,910.6,0.000,0.8053,1
2663,1093,259.3,675.5,308.1,820.7,0.000,0.6258,1
2663,954,1408.6,718.3,1479.1,919.5,0.000,0.7664,1
2663,1019,305.4,681.2,349.0,828.6,0.000,0.6770,1
2664,861,358.3,610.6,488.8,979.1,0.000,0.8854,1
2664,1007,1169.8,706.0,1240.1,907.7,0.000,0.7570,1
2664,918,1752.4,679.3,1821.0,877.2,0.000,0.7500,1
2664,892,1817.6,644.9,1876.5,864.6,0.000,0.7753,1
2664,1106,1686.0,702.3,1716.6,821.9,0.000,0.6844,1
2664,1114,1107.6,697.3,1198.5,927.9,0.000,0.7922,1
2664,1080,1049.6,692.9,1125.0,920.4,0.000,0.7881,1
2664,1024,863.2,690.1,951.2,910.8,0.000,0.8044,1
2664,1093,257.7,677.3,305.0,818.1,0.000,0.6258,1
2664,954,1413.5,720.2,1483.5,918.7,0.000,0.7664,1
2664,1019,305.1,680.4,349.5,828.5,0.000,0.6770,1
2665,861,367.0,613.0,498.3,987.3,0.000,0.8876,1
2665,1007,1174.1,707.1,1246.7,910.3,0.000,0.7581,1
2665,918,1751.2,678.0,1818.8,877.0,0.000,0.7499,1
2665,892,1818.2,653.4,1875.3,863.4,0.000,0.7729,1
2665,1106,1686.2,702.0,1716.8,821.9,0.000,0.6845,1
2665,1114,1107.7,697.3,1202.9,928.4,0.000,0.7924,1
2665,1080,1051.5,694.8,1127.1,921.2,0.000,0.7885,1
2665,1024,869.7,691.2,958.5,911.4,0.000,0.8037,1
2665,1112,660.3,715.4,729.9,885.0,0.000,0.7875,1
2665,1093,258.5,680.3,304.9,817.8,0.000,0.6258,1
2665,954,1416.3,720.9,1486.6,918.7,0.000,0.7664,1
2665,1019,305.3,680.5,350.1,828.9,0.000,0.6770,1
2665,1057,1804.1,674.8,1847.1,840.9,0.000,0.4720,0
2666,861,375.4,614.3,509.9,1001.7,0.000,0.8920,1
2666,1007,1177.3,707.3,1250.7,910.2,0.000,0.7583,1
2666,918,1749.5,677.6,1816.2,876.3,0.000,0.7495,1
2666,892,1816.1,652.0,1874.3,863.7,0.000,0.7723,1
2666,1106,1685.8,702.6,1716.6,823.2,0.000,0.6848,1
2666,1114,1120.8,697.0,1216.7,928.0,0.000,0.7917,1
2666,1080,1053.8,696.5,1131.2,924.9,0.000,0.7909,1
2666,1024,877.3,693.1,967.7,911.9,0.000,0.8032,1
2666,1112,655.5,713.2,728.4,884.8,0.000,0.7889,1
2666,1093,256.7,683.0,303.7,820.5,0.000,0.6258,1
2666,954,1416.6,720.0,1487.3,918.0,0.000,0.7664,1
2666,1019,305.6,681.7,350.1,828.4,0.000,0.6770,1
2666,1057,1801.7,678.8,1845.8,847.2,0.000,0.4720,0
2666,1083,340.8,687.1,399.2,850.2,0.000,0.7808,1
2667,861,386.7,614.5,525.2,1015.1,0.000,0.8967,1
2667,1007,1180.0,707.3,1253.3,909.3,0.000,0.7579,1
2667,918,1749.0,679.3,1814.3,876.5,0.000,0.7489,1
2667,892,1813.9,650.3,1873.4,863.6,0.000,0.7721,1
2667,1106,1686.0,708.1,1715.7,824.1,0.000,0.6836,1
2667,1114,1129.3,695.9,1225.5,926.5,0.000,0.7902,1
2667,1080,1055.9,698.5,1134.9,927.6,0.000,0.7937,1
2667,1024,881.8,694.9,974.1,912.0,0.000,0.8028,1
2667,1112,651.9,712.5,727.2,885.0,0.000,0.7903,1
2667,1093,255.5,683.5,303.1,820.8,0.000,0.6258,1
2667,954,1417.5,719.7,1488.8,917.6,0.000,0.7664,1
2667,1019,305.4,683.0,349.6,827.9,0.000,0.6770,1
2667,1057,1800.8,680.4,1845.4,848.7,0.000,0.4720,0
2667,1083,341.1,689.5,395.8,846.6,0.000,0.7808,1
2667,1110,52.5,634.6,101.4,832.1,0.000,0.8261,1
2668,861,409.1,616.8,553.9,1021.8,0.000,0.8998,1
2668,1007,1183.1,706.8,1256.8,910.0,0.000,0.7582,1
2668,918,1749.7,682.2,1813.1,876.4,0.000,0.7478,1
2668,892,1812.9,649.8,1872.9,864.2,0.000,0.7721,1
2668,1106,1686.8,709.8,1716.0,824.3,0.000,0.6824,1
2668,1114,1119.1,694.9,1219.8,929.7,0.000,0.7916,1
2668,1080,1059.9,699.9,1138.8,924.3,0.000,0.7934,1
2668,1024,883.3,695.5,978.0,912.1,0.000,0.8025,1
2668,1112,649.7,719.1,722.2,880.5,0.000,0.7885,1
2668,1093,254.7,682.8,303.0,820.0,0.000,0.6258,1
2668,954,1417.9,717.3,1490.2,917.5,0.000,0.7664,1
2668,1019,305.8,683.8,350.4,828.2,0.000,0.6770,1
2668,1057,1799.1,680.1,1845.0,852.8,0.000,0.4720,0
2668,1083,340.6,690.4,393.1,843.2,0.000,0.7808,1
2668,1110,54.3,634.8,102.5,832.1,0.000,0.8261,1
2669,861,423.1,619.2,574.4,1025.7,0.000,0.9021,1
2669,1007,1187.3,707.0,1260.4,910.9,0.000,0.7587,1
2669,918,1748.4,682.6,1811.1,877.1,0.000,0.7473,1
2669,892,1812.4,649.4,1873.1,864.9,0.000,0.7721,1
2669,1114,1124.7,694.2,1225.3,927.5,0.000,0.7905,1
2669,1080,1063.7,699.2,1144.6,925.1,0.000,0.7940,1
2669,1024,884.3,694.1,981.8,912.2,0.000,0.8022,1
2669,1112,645.0,717.4,717.5,877.2,0.000,0.7864,1
2669,1093,253.7,682.4,303.5,823.3,0.000,0.6258,1
2669,954,1420.7,716.2,1493.9,917.4,0.000,0.7664,1
2669,1019,305.6,683.9,350.9,829.4,0.000,0.6770,1
2669,1083,339.9,690.6,392.1,845.5,0.000,0.7808,1
2669,1110,55.3,636.5,102.6,832.0,0.000,0.8261,1
2670,861,431.7,620.5,589.5,1026.9,0.000,0.9035,1
2670,1007,1187.1,706.8,1260.9,915.5,0.000,0.7619,1
2670,918,1747.3,683.2,1809.9,879.2,0.000,0.7473,1
2670,892,1810.1,651.3,1871.1,865.5,0.000,0.7717,1
2670,1114,1130.7,693.1,1227.4,920.8,0.000,0.7859,1
2670,1080,1068.8,698.2,1151.3,926.4,0.000,0.7947,1
2670,1024,885.8,695.2,985.0,912.1,0.000,0.8019,1
2670,1112,637.7,709.6,713.0,878.8,0.000,0.7867,1
2670,1093,253.8,682.6,303.8,822.6,0.000,0.6258,1
2670,954,1422.8,716.5,1496.4,918.3,0.000,0.7664,1
2670,1019,304.1,683.5,350.3,833.1,0.000,0.6770,1
2670,1083,339.3,691.1,390.2,844.4,0.000,0.7808,1
2671,861,435.2,619.7,599.0,1027.1,0.000,0.9043,1
2671,1007,1192.2,707.4,1263.4,913.5,0.000,0.7620,1
2671,892,1809.8,653.0,1870.6,865.5,0.000,0.7710,1
2671,1114,1136.6,691.9,1233.9,925.2,0.000,0.7860,1
2671,1080,1075.3,697.2,1157.9,924.2,0.000,0.7933,1
2671,1024,888.0,694.4,988.7,911.5,0.000,0.8013,1
2671,1112,631.9,704.9,706.3,878.2,0.000,0.7865,1
2671,1093,262.4,684.0,309.2,818.4,0.000,0.6258,1
2671,954,1424.7,717.0,1496.9,916.7,0.000,0.7664,1
2671,1019,303.0,683.7,349.3,835.6,0.000,0.6770,1
2671,1083,336.7,692.5,386.8,844.9,0.000,0.7808,1
2671,939,1471.8,725.1,1524.7,883.8,0.000,0.4104,0
2672,861,439.4,623.7,606.7,1026.5,0.000,0.9048,1
2672,1007,1195.8,705.8,1265.4,912.1,0.000,0.7615,1
2672,892,1809.1,652.7,1870.4,865.2,0.000,0.7705,1
2672,1114,1142.5,691.2,1238.4,927.1,0.000,0.7861,1
2672,1080,1083.3,695.9,1165.1,919.9,0.000,0.7899,1
2672,1024,891.9,696.1,992.3,911.2,0.000,0.8006,1
2672,1093,259.6,683.8,306.6,818.6,0.000,0.7735,1
2672,954,1428.6,718.1,1499.0,914.7,0.000,0.7664,1
2672,1019,301.2,683.4,347.0,835.6,0.000,0.6770,1
2672,939,1478.3,723.5,1528.4,882.2,0.000,0.4104,0
2672,1110,57.5,638.3,104.2,832.4,0.000,0.8261,1
2672,918,1745.0,682.6,1807.2,879.7,0.000,0.7473,1
2673,861,433.6,625.7,602.1,1025.3,0.000,0.9052,1
2673,1007,1199.8,704.9,1267.3,911.5,0.000,0.7609,1
2673,892,1809.9,655.5,1870.5,865.0,0.000,0.7695,1
2673,1114,1147.5,688.6,1241.9,928.3,0.000,0.7862,1
2673,1080,1091.0,695.1,1171.6,916.7,0.000,0.7860,1
2673,1024,898.1,695.9,998.1,910.3,0.000,0.7994,1
2673,954,1433.6,718.7,1502.7,914.2,0.000,0.7664,1
2673,939,1483.7,723.8,1532.3,881.4,0.000,0.4104,0
2673,1110,59.0,639.2,105.5,832.8,0.000,0.8261,1
2673,918,1742.7,684.2,1804.1,881.7,0.000,0.7473,1
2673,1112,619.4,702.3,691.0,876.0,0.000,0.7865,1
2673,1083,319.0,692.1,372.4,845.2,0.000,0.7808,1
2674,861,434.1,629.1,603.2,1024.6,0.000,0.9054,1
2674,1007,1202.9,703.7,1269.2,913.2,0.000,0.7614,1
2674,892,1809.0,653.8,1870.5,865.3,0.000,0.7694,1
2674,1114,1151.5,688.2,1242.8,928.0,0.000,0.7858,1
2674,1080,1098.1,694.5,1177.7,915.7,0.000,0.7829,1
2674,1024,906.7,694.8,1006.4,910.2,0.000,0.7982,1
2674,954,1438.7,720.5,1505.6,912.7,0.000,0.7630,1
2674,939,1486.1,723.6,1534.6,884.1,0.000,0.4104,0
2674,918,1742.9,688.0,1802.3,881.2,0.000,0.7473,1
2674,1112,615.0,701.9,685.6,877.6,0.000,0.7865,1
2674,1083,313.2,691.7,369.6,845.7,0.000,0.7808,1
2674,1093,264.4,682.0,309.8,814.8,0.000,0.7735,1
2675,861,436.4,632.3,606.7,1025.7,0.000,0.9059,1
2675,1007,1207.4,704.2,1270.5,909.7,0.000,0.7595,1
2675,892,1808.3,655.1,1870.0,865.5,0.000,0.7688,1
2675,1114,1167.1,689.1,1255.6,926.3,0.000,0.7841,1
2675,1080,1104.1,693.2,1183.6,915.6,0.000,0.7803,1
2675,1024,914.5,693.6,1012.2,909.9,0.000,0.7968,1
2675,954,1442.1,720.3,1507.3,910.8,0.000,0.7609,1
2675,918,1742.5,685.0,1802.0,881.0,0.000,0.7473,1
2675,1112,611.0,702.8,680.5,877.7,0.000,0.7865,1
2675,1083,309.7,690.3,368.3,845.8,0.000,0.7808,1
2675,1093,265.6,685.0,308.6,813.3,0.000,0.7735,1
2676,861,440.9,631.4,613.0,1026.4,0.000,0.9062,1
2676,1007,1210.4,701.7,1272.4,910.0,0.000,0.7586,1
2676,892,1807.2,653.7,1869.9,865.7,0.000,0.7689,1
2676,1114,1169.6,688.8,1254.5,926.2,0.000,0.7831,1
2676,1080,1109.2,691.6,1189.1,917.4,0.000,0.7792,1
2676,1024,923.1,692.5,1018.0,910.0,0.000,0.7955,1
2676,954,1444.8,720.7,1509.1,911.0,0.000,0.7599,1
2676,918,1742.5,683.8,1801.5,880.9,0.000,0.7473,1
2676,1112,601.2,701.5,672.4,879.0,0.000,0.7865,1
2676,1083,307.2,689.1,367.2,845.5,0.000,0.7808,1
2676,1093,263.9,684.7,307.2,814.2,0.000,0.7735,1
2676,939,1493.7,725.3,1541.0,884.5,0.000,0.4104,0
2677,861,446.9,631.6,618.9,1026.8,0.000,0.9064,1
2677,1007,1214.6,701.6,1275.3,910.9,0.000,0.7584,1
2677,892,1804.4,654.5,1867.7,865.9,0.000,0.7686,1
2677,1114,1173.9,689.1,1255.3,925.6,0.000,0.7819,1
2677,1080,1113.8,691.2,1193.5,918.5,0.000,0.7785,1
2677,1024,931.6,692.6,1023.1,910.4,0.000,0.7943,1
2677,954,1447.6,722.3,1511.0,911.4,0.000,0.7594,1
2677,918,1742.2,681.9,1800.6,879.4,0.000,0.7473,1
2677,1112,597.3,702.8,668.9,879.2,0.000,0.7865,1
2677,1083,304.2,687.7,363.4,841.0,0.000,0.7808,1
2677,1093,263.7,684.6,307.0,815.4,0.000,0.7735,1
2677,939,1495.0,725.7,1541.8,885.8,0.000,0.4104,0
2678,861,454.3,633.4,624.7,1026.5,0.000,0.9064,1
2678,1007,1219.7,701.7,1279.4,913.6,0.000,0.7595,1
2678,892,1802.6,654.7,1866.4,865.7,0.000,0.7682,1
2678,1114,1178.6,690.1,1257.1,925.3,0.000,0.7809,1
2678,1080,1117.2,691.7,1195.4,915.9,0.000,0.7763,1
2678,1024,939.2,690.7,1028.6,911.0,0.000,0.7932,1
2678,954,1450.8,722.0,1513.5,911.6,0.000,0.7590,1
2678,918,1741.8,682.6,1799.2,878.8,0.000,0.7473,1
2678,1112,597.9,703.8,669.0,879.3,0.000,0.7865,1
2678,1083,300.6,684.6,359.7,838.8,0.000,0.7808,1
2678,1093,260.9,684.1,305.0,816.3,0.000,0.7735,1
2678,939,1494.1,724.7,1540.6,886.2,0.000,0.4104,0
2679,861,467.5,631.9,636.9,1027.0,0.000,0.9063,1
2679,1007,1224.0,704.5,1283.4,919.0,0.000,0.7632,1
2679,892,1801.5,653.6,1866.2,865.9,0.000,0.7683,1
2679,1114,1180.4,691.5,1256.9,926.2,0.000,0.7809,1
2679,1080,1119.9,692.2,1197.9,915.4,0.000,0.7748,1
2679,1024,946.7,687.7,1036.1,911.2,0.000,0.7921,1
2679,954,1452.6,721.5,1514.6,911.2,0.000,0.7585,1
2679,918,1741.6,683.6,1798.0,878.5,0.000,0.7473,1
2679,1112,601.6,703.1,672.1,878.4,0.000,0.7865,1
2679,1093,259.3,683.1,304.2,816.6,0.000,0.7735,1
2679,939,1495.5,724.5,1541.1,886.6,0.000,0.4104,0
2679,1019,301.7,682.7,348.4,836.1,0.000,0.6770,1
2680,861,486.4,628.7,654.7,1027.8,0.000,0.9061,1
2680,1007,1231.8,705.0,1290.3,918.0,0.000,0.7643,1
2680,892,1798.7,653.7,1864.0,866.3,0.000,0.7683,1
2680,1114,1180.9,692.3,1256.4,927.2,0.000,0.7814,1
2680,1080,1120.1,692.9,1197.9,916.2,0.000,0.7742,1
2680,1024,956.4,687.4,1046.3,910.5,0.000,0.7904,1
2680,954,1455.1,720.6,1517.0,911.3,0.000,0.7581,1
2680,918,1741.3,684.5,1796.7,878.0,0.000,0.7473,1
2680,1093,259.2,684.4,304.1,816.6,0.000,0.7735,1
2680,939,1501.0,725.4,1546.9,886.8,0.000,0.4104,0
2680,1019,301.5,682.4,348.7,835.6,0.000,0.6770,1
2681,861,497.7,627.8,662.2,1027.2,0.000,0.9057,1
2681,1007,1239.3,704.2,1298.2,915.6,0.000,0.7638,1
2681,892,1796.6,654.9,1861.9,866.2,0.000,0.7679,1
2681,1114,1184.6,694.0,1259.6,927.7,0.000,0.7819,1
2681,1080,1124.5,693.2,1202.6,915.9,0.000,0.7733,1
2681,1024,963.3,692.7,1052.3,910.0,0.000,0.7887,1
2681,954,1457.4,719.3,1519.4,911.9,0.000,0.7582,1
2681,918,1740.4,688.5,1793.9,878.0,0.000,0.7473,1
2681,1093,258.6,684.1,303.9,816.0,0.000,0.7735,1
2681,939,1504.1,725.2,1550.0,886.9,0.000,0.4104,0
2681,1019,301.9,683.5,349.1,835.0,0.000,0.6770,1
2682,861,510.4,628.4,672.2,1026.8,0.000,0.9054,1
2682,892,1796.9,654.8,1862.1,866.5,0.000,0.7677,1
2682,1114,1201.0,695.7,1279.7,927.5,0.000,0.7817,1
2682,1080,1127.2,694.2,1205.0,914.8,0.000,0.7720,1
2682,1024,968.0,696.6,1057.6,909.8,0.000,0.7877,1
2682,954,1459.4,717.5,1521.6,911.8,0.000,0.7579,1
2682,918,1740.3,688.4,1792.9,877.2,0.000,0.7473,1
2682,1093,263.9,683.4,309.2,817.0,0.000,0.7735,1
2682,939,1507.4,721.3,1553.8,887.0,0.000,0.4104,0
2682,1019,301.8,683.7,349.4,835.1,0.000,0.6770,1
2683,861,525.9,630.4,684.5,1026.9,0.000,0.9051,1
2683,892,1798.7,654.5,1862.7,866.6,0.000,0.7676,1
2683,1114,1203.3,698.0,1284.8,928.1,0.000,0.7822,1
2683,1080,1131.4,694.0,1210.3,914.3,0.000,0.7708,1
2683,1024,968.6,698.4,1060.2,911.1,0.000,0.7879,1
2683,954,1460.4,716.6,1522.6,911.0,0.000,0.7571,1
2683,918,1740.2,685.6,1792.4,875.8,0.000,0.7473,1
2683,1093,267.1,682.7,312.5,818.1,0.000,0.7735,1
2683,939,1512.8,729.7,1556.6,886.2,0.000,0.4104,0
2683,1019,302.2,682.5,350.3,835.1,0.000,0.6770,1
2684,861,539.6,631.2,696.2,1027.5,0.000,0.9049,1
2684,892,1799.4,655.3,1862.2,866.4,0.000,0.7673,1
2684,1114,1204.1,697.1,1288.7,927.8,0.000,0.7822,1
2684,1080,1135.1,695.2,1214.9,913.8,0.000,0.7695,1
2684,1024,969.6,700.2,1063.2,911.4,0.000,0.7882,1
2684,954,1461.5,716.8,1523.6,910.9,0.000,0.7566,1
2684,918,1740.6,686.0,1791.7,875.2,0.000,0.7473,1
2684,1093,268.3,682.9,314.4,819.6,0.000,0.7735,1
2684,939,1516.0,737.1,1557.7,884.1,0.000,0.4104,0
2684,1019,304.7,683.8,352.0,834.9,0.000,0.6770,1
2684,1007,1234.0,701.5,1300.1,923.4,0.000,0.7638,1
2685,861,554.7,634.1,709.3,1027.0,0.000,0.9047,1
2685,892,1798.9,655.2,1861.2,866.6,0.000,0.7671,1
2685,1114,1207.8,697.6,1295.6,928.2,0.000,0.7825,1
2685,1080,1136.7,695.4,1219.2,917.1,0.000,0.7708,1
2685,1024,971.1,700.1,1067.0,911.6,0.000,0.7884,1
2685,954,1463.6,717.0,1525.3,911.2,0.000,0.7563,1
2685,1139,1333.5,723.0,1385.0,879.4,0.000,0.6945,1
2685,918,1740.2,686.2,1790.6,875.4,0.000,0.7473,1
2685,1093,268.6,683.5,317.8,828.4,0.000,0.7735,1
2685,939,1518.6,738.0,1561.1,883.3,0.000,0.4104,0
2685,1019,306.2,684.2,352.8,835.0,0.000,0.6770,1
2685,1106,1693.0,685.6,1729.3,835.8,0.000,0.6824,1
2686,861,568.2,635.8,723.2,1026.8,0.000,0.9045,1
2686,892,1798.5,655.0,1860.1,866.8,0.000,0.7671,1
2686,1114,1208.3,697.1,1299.3,928.7,0.000,0.7830,1
2686,1080,1140.5,694.5,1224.9,917.4,0.000,0.7710,1
2686,1024,973.1,698.4,1071.2,911.4,0.000,0.7881,1
2686,954,1466.7,716.6,1528.3,911.0,0.000,0.7559,1
2686,1139,1328.9,724.1,1379.9,879.8,0.000,0.6954,1
2686,918,1740.5,685.7,1790.2,875.1,0.000,0.7473,1
2686,1093,267.5,683.8,318.0,830.8,0.000,0.7735,1
2686,939,1520.0,725.6,1568.3,886.0,0.000,0.4104,0
2686,1019,307.4,684.5,353.2,834.3,0.000,0.6770,1
2687,861,576.6,638.0,732.8,1026.3,0.000,0.9042,1
2687,892,1797.5,654.6,1858.5,866.5,0.000,0.7670,1
2687,1114,1212.8,695.9,1304.5,926.4,0.000,0.7816,1
2687,1080,1144.4,694.2,1231.8,923.2,0.000,0.7746,1
2687,1024,975.8,698.1,1074.6,911.0,0.000,0.7876,1
2687,954,1469.8,715.9,1530.9,910.2,0.000,0.7551,1
2687,1139,1321.6,725.4,1373.1,880.4,0.000,0.6965,1
2687,918,1740.8,686.1,1789.8,875.3,0.000,0.7401,1
2687,1093,264.7,683.2,316.1,831.1,0.000,0.7735,1
2687,939,1524.8,730.6,1574.3,885.5,0.000,0.4104,0
2687,1019,306.7,684.9,352.2,833.2,0.000,0.6770,1
2687,1106,1691.7,685.6,1727.6,836.8,0.000,0.6824,1
2688,861,581.2,640.3,738.7,1025.5,0.000,0.9040,1
2688,892,1795.6,655.2,1856.4,866.2,0.000,0.7668,1
2688,1114,1218.4,694.9,1309.6,924.5,0.000,0.7797,1
2688,1080,1150.3,692.3,1238.3,922.1,0.000,0.7752,1
2688,1024,980.6,698.5,1078.7,910.4,0.000,0.7868,1
2688,954,1473.4,715.3,1533.8,908.5,0.000,0.7536,1
2688,1139,1315.3,724.9,1367.9,880.2,0.000,0.6972,1
2688,918,1741.1,686.9,1789.4,875.5,0.000,0.7398,1
2688,1093,264.5,683.9,315.3,829.8,0.000,0.7735,1
2688,939,1525.2,730.0,1578.7,888.6,0.000,0.4104,0
2688,1019,306.4,685.6,351.8,832.5,0.000,0.6770,1
2688,1106,1692.3,690.0,1726.8,836.6,0.000,0.6824,1
2689,861,584.8,644.2,743.4,1025.6,0.000,0.9040,1
2689,892,1795.6,654.4,1856.8,866.5,0.000,0.7669,1
2689,1114,1223.0,694.4,1313.3,923.6,0.000,0.7781,1
2689,1080,1157.7,692.1,1245.3,921.4,0.000,0.7752,1
2689,1024,987.3,696.8,1084.5,910.1,0.000,0.7856,1
2689,954,1476.5,715.0,1536.0,906.9,0.000,0.7519,1
2689,1139,1311.5,727.6,1365.1,881.3,0.000,0.6983,1
2689,918,1741.8,686.3,1790.0,876.5,0.000,0.7402,1
2689,1093,262.4,683.0,314.0,830.4,0.000,0.7798,1
2689,939,1525.0,727.2,1582.4,889.3,0.000,0.4104,0
2689,1019,307.0,685.6,352.5,831.9,0.000,0.6770,1
2689,1106,1693.6,688.9,1727.9,836.6,0.000,0.6824,1
2690,861,586.6,645.3,748.1,1026.6,0.000,0.9043,1
2690,892,1795.0,653.7,1856.2,866.9,0.000,0.7672,1
2690,1114,1229.9,694.4,1318.4,923.0,0.000,0.7765,1
2690,1080,1166.1,691.9,1251.7,918.8,0.000,0.7736,1
2690,1024,994.2,695.6,1089.4,910.2,0.000,0.7844,1
2690,954,1479.3,715.5,1537.1,903.6,0.000,0.7491,1
2690,1139,1303.9,720.1,1364.3,890.5,0.000,0.7058,1
2690,918,1744.3,686.8,1792.8,875.9,0.000,0.7400,1
2690,939,1522.2,720.3,1583.2,888.9,0.000,0.4104,0
2690,1019,306.0,685.9,351.9,832.5,0.000,0.6770,1
2690,1106,1693.3,690.1,1727.1,837.2,0.000,0.6824,1
2690,1072,577.3,713.4,637.8,913.7,0.000,0.8167,1
2690,1083,255.6,682.0,310.7,825.5,0.000,0.7808,1
2690,1112,542.4,704.3,603.2,867.3,0.000,0.7865,1
2691,861,587.0,645.4,751.6,1027.8,0.000,0.9046,1
2691,1114,1237.4,693.5,1324.5,922.3,0.000,0.7749,1
2691,1080,1173.9,691.2,1257.5,916.9,0.000,0.7715,1
2691,1024,1003.1,695.4,1095.2,910.1,0.000,0.7831,1
2691,954,1482.1,714.6,1539.2,902.6,0.000,0.7471,1
2691,1139,1301.3,712.4,1364.5,888.6,0.000,0.7091,1
2691,918,1744.0,687.9,1792.0,874.6,0.000,0.7393,1
2691,939,1523.4,718.5,1586.0,886.4,0.000,0.7173,1
2691,1019,304.9,686.2,350.8,831.0,0.000,0.6770,1
2691,1083,251.4,682.4,307.1,827.6,0.000,0.7808,1
2691,1112,536.5,704.4,596.3,867.9,0.000,0.7865,1
2692,861,589.1,643.6,756.7,1027.9,0.000,0.9046,1
2692,1080,1178.4,690.0,1260.7,917.3,0.000,0.7705,1
2692,1024,1010.9,693.8,1100.5,910.3,0.000,0.7817,1
2692,954,1483.8,713.4,1540.9,903.5,0.000,0.7463,1
2692,1139,1299.1,708.5,1362.8,885.1,0.000,0.7097,1
2692,918,1743.6,687.9,1791.3,873.7,0.000,0.7386,1
2692,939,1525.4,715.3,1589.6,885.1,0.000,0.7168,1
2692,1019,305.7,686.5,351.3,828.8,0.000,0.6770,1
2692,1083,249.3,681.1,306.1,828.9,0.000,0.7808,1
2692,1112,531.1,703.3,592.5,870.8,0.000,0.7865,1
2692,1007,1257.6,695.5,1324.3,920.1,0.000,0.7638,1
2692,892,1792.7,662.1,1851.0,865.9,0.000,0.7672,1
2692,1106,1691.9,686.7,1726.6,838.0,0.000,0.6824,1
2693,861,594.5,643.0,763.2,1027.2,0.000,0.9044,1
2693,1080,1184.8,690.0,1265.1,917.1,0.000,0.7693,1
2693,1024,1019.3,694.3,1105.3,909.6,0.000,0.7800,1
2693,954,1486.1,712.0,1542.9,903.4,0.000,0.7456,1
2693,918,1743.7,688.4,1791.3,873.7,0.000,0.7381,1
2693,939,1530.8,719.4,1592.6,881.0,0.000,0.7138,1
2693,1019,305.9,685.6,351.8,828.0,0.000,0.6770,1
2693,1083,248.7,681.0,305.5,829.3,0.000,0.7808,1
2693,1112,524.6,703.1,587.4,869.8,0.000,0.7865,1
2693,1007,1262.1,693.1,1329.9,922.9,0.000,0.7638,1
2693,892,1793.9,658.3,1853.5,865.8,0.000,0.7672,1
2693,1106,1691.2,685.6,1726.4,837.2,0.000,0.6824,1
2693,1072,595.9,719.0,657.8,914.0,0.000,0.8167,1
2694,861,603.0,645.0,770.3,1026.6,0.000,0.9042,1
2694,1080,1191.6,691.0,1270.1,915.1,0.000,0.7672,1
2694,1024,1027.0,695.4,1110.7,909.2,0.000,0.7783,1
2694,954,1488.5,712.5,1544.5,903.0,0.000,0.7449,1
2694,939,1536.0,721.4,1596.4,878.0,0.000,0.7104,1
2694,1019,305.4,685.4,351.6,828.1,0.000,0.7750,1
2694,1083,248.5,681.9,304.5,827.1,0.000,0.7808,1
2694,1112,519.4,704.7,582.8,866.6,0.000,0.7865,1
2694,1007,1268.0,692.0,1336.6,923.9,0.000,0.7638,1
2694,892,1794.0,657.2,1853.8,866.1,0.000,0.7672,1
2694,1106,1691.0,685.6,1726.2,836.0,0.000,0.6824,1
2694,1072,608.5,723.3,675.7,913.8,0.000,0.8167,1
2695,861,614.7,645.5,779.3,1026.3,0.000,0.9039,1
2695,1080,1195.3,692.1,1273.0,915.3,0.000,0.7660,1
2695,1024,1036.0,695.3,1119.5,909.2,0.000,0.7767,1
2695,954,1491.0,711.8,1546.5,902.7,0.000,0.7443,1
2695,939,1540.4,718.1,1601.7,876.4,0.000,0.7079,1
2695,1019,304.9,685.3,351.2,828.3,0.000,0.7747,1
2695,1083,247.8,680.0,304.4,827.0,0.000,0.7808,1
2695,1112,515.2,705.4,579.1,866.1,0.000,0.7865,1
2695,1007,1271.4,691.0,1340.0,924.2,0.000,0.7638,1
2695,892,1794.5,657.8,1854.2,866.2,0.000,0.7672,1
2695,1106,1691.1,686.1,1726.8,837.4,0.000,0.6824,1
2695,1072,618.0,723.8,689.5,914.3,0.000,0.8167,1
2695,918,1742.0,688.3,1789.4,875.4,0.000,0.7381,1
2696,861,627.9,645.4,788.3,1026.1,0.000,0.9035,1
2696,1080,1200.1,693.0,1277.4,915.0,0.000,0.7649,1
2696,1024,1044.2,697.5,1128.2,909.1,0.000,0.7751,1
2696,954,1493.5,712.5,1548.4,901.9,0.000,0.7434,1
2696,939,1545.5,716.1,1606.4,875.4,0.000,0.7060,1
2696,1019,305.0,685.0,351.6,828.2,0.000,0.7744,1
2696,1083,246.8,679.4,303.7,826.5,0.000,0.7808,1
2696,1112,512.5,703.4,579.6,868.9,0.000,0.7865,1
2696,1007,1275.6,691.1,1344.2,922.7,0.000,0.7638,1
2696,892,1794.0,656.6,1854.8,866.4,0.000,0.7672,1
2696,1106,1691.2,686.6,1726.7,837.1,0.000,0.6824,1
2696,1072,623.2,723.5,695.7,914.0,0.000,0.8167,1
2696,918,1740.8,687.4,1787.3,875.2,0.000,0.7381,1
2697,861,644.2,646.5,798.9,1024.2,0.000,0.9027,1
2697,1080,1203.5,694.0,1281.0,914.9,0.000,0.7641,1
2697,1024,1049.5,699.3,1134.8,909.0,0.000,0.7738,1
2697,954,1497.4,712.8,1552.0,899.7,0.000,0.7417,1
2697,939,1552.8,715.1,1612.6,874.8,0.000,0.7045,1
2697,1019,304.7,685.1,351.3,828.0,0.000,0.7741,1
2697,1112,505.5,706.5,569.6,865.5,0.000,0.7865,1
2697,892,1790.3,665.1,1849.8,866.7,0.000,0.7672,1
2697,1106,1690.3,688.1,1726.1,838.4,0.000,0.6824,1
2697,1072,632.8,730.6,701.7,913.1,0.000,0.8167,1
2697,918,1740.7,687.2,1786.2,874.3,0.000,0.7381,1
2697,1114,1271.1,692.7,1357.4,921.6,0.000,0.7749,1
2698,861,661.8,643.7,812.9,1024.3,0.000,0.9020,1
2698,1080,1205.5,694.7,1282.9,914.5,0.000,0.7634,1
2698,1024,1051.7,699.7,1139.3,909.1,0.000,0.7729,1
2698,954,1500.4,713.1,1555.4,898.6,0.000,0.7403,1
2698,939,1557.9,713.1,1616.4,873.6,0.000,0.7032,1
2698,1019,304.9,685.6,351.2,827.2,0.000,0.7736,1
2698,1112,501.2,707.7,562.8,863.2,0.000,0.7865,1
2698,892,1792.7,668.9,1852.3,867.1,0.000,0.7672,1
2698,1106,1690.5,688.6,1726.5,839.5,0.000,0.6824,1
2698,1072,640.6,719.2,712.9,913.7,0.000,0.8167,1
2698,918,1740.5,686.4,1785.1,873.1,0.000,0.7381,1
2698,1114,1274.9,692.1,1363.1,922.0,0.000,0.7749,1
2698,1083,246.4,679.7,303.8,827.0,0.000,0.7808,1
2699,861,674.8,641.4,822.8,1024.1,0.000,0.9013,1
2699,1080,1208.5,694.9,1288.2,919.1,0.000,0.7653,1
2699,1024,1053.2,700.2,1143.0,908.6,0.000,0.7718,1
2699,954,1502.1,713.7,1557.6,898.2,0.000,0.7392,1
2699,939,1562.1,711.5,1619.4,872.9,0.000,0.7024,1
2699,1019,305.1,685.3,351.5,826.8,0.000,0.7732,1
2699,1112,498.4,707.2,558.3,862.5,0.000,0.7865,1
2699,892,1791.7,672.6,1850.2,866.7,0.000,0.7672,1
2699,1106,1688.8,687.7,1725.4,839.8,0.000,0.6824,1
2699,918,1740.4,687.7,1783.6,872.9,0.000,0.7381,1
2699,1114,1282.1,694.6,1371.9,922.4,0.000,0.7749,1
2699,1083,249.6,681.1,306.4,827.2,0.000,0.7808,1
2700,861,686.1,642.7,831.4,1024.6,0.000,0.9009,1
2700,1080,1212.4,696.0,1293.9,921.3,0.000,0.7674,1
2700,1024,1054.4,700.3,1145.8,907.9,0.000,0.7706,1
2700,954,1502.4,715.0,1558.3,899.0,0.000,0.7389,1
2700,939,1566.0,706.1,1623.6,872.1,0.000,0.7023,1
2700,1019,302.8,684.3,349.5,827.5,0.000,0.7734,1
2700,1112,495.6,705.6,555.6,864.2,0.000,0.7865,1
2700,892,1790.3,674.9,1848.8,867.3,0.000,0.7672,1
2700,1106,1688.5,687.0,1725.6,839.8,0.000,0.6824,1
2700,918,1740.1,688.4,1782.5,873.5,0.000,0.7381,1
2700,1114,1285.2,694.8,1378.9,922.2,0.000,0.7749,1
2700,1083,252.6,680.9,308.2,826.3,0.000,0.7808,1
2700,1072,658.6,719.6,727.4,914.7,0.000,0.8167,1
2701,861,699.3,643.9,844.2,1023.8,0.000,0.9002,1
2701,1080,1214.9,696.4,1297.7,921.6,0.000,0.7687,1
2701,1024,1055.6,699.7,1148.8,907.9,0.000,0.7698,1
2701,954,1502.0,714.8,1558.3,899.0,0.000,0.7386,1
2701,939,1569.6,705.8,1626.7,872.5,0.000,0.7027,1
2701,1019,302.1,684.4,348.8,828.0,0.000,0.7736,1
2701,1112,490.4,704.3,549.8,864.6,0.000,0.7865,1
2701,892,1786.6,675.3,1845.7,867.6,0.000,0.7672,1
2701,1106,1687.7,686.7,1725.1,839.5,0.000,0.6824,1
2701,918,1739.9,687.0,1781.8,873.7,0.000,0.7381,1
2701,1114,1288.1,696.6,1384.5,922.0,0.000,0.7749,1
2701,1072,665.7,719.8,733.1,916.3,0.000,0.8167,1
2701,1093,264.2,682.7,312.2,822.5,0.000,0.7798,1
2702,861,711.1,645.9,858.6,1024.1,0.000,0.8999,1
2702,1080,1220.3,696.9,1304.3,922.2,0.000,0.7699,1
2702,1024,1058.2,699.4,1152.9,908.8,0.000,0.7697,1
2702,954,1503.1,715.1,1559.9,898.5,0.000,0.7381,1
2702,939,1573.4,711.1,1629.6,874.1,0.000,0.7034,1
2702,1019,303.7,685.2,350.2,827.3,0.000,0.7733,1
2702,1112,483.9,702.8,542.6,863.9,0.000,0.7865,1
2702,892,1786.4,672.0,1846.8,867.7,0.000,0.7672,1
2702,1106,1687.8,687.3,1724.8,838.3,0.000,0.6824,1
2702,918,1739.6,681.4,1781.8,873.7,0.000,0.7381,1
2702,1114,1295.4,697.5,1391.3,918.1,0.000,0.7749,1
2702,1072,670.1,721.1,736.0,915.9,0.000,0.8167,1
2702,1093,265.1,683.8,311.1,820.7,0.000,0.7798,1
2703,861,720.7,647.5,872.0,1023.4,0.000,0.8994,1
2703,1080,1221.3,697.9,1306.1,921.8,0.000,0.7706,1
2703,1024,1063.2,699.7,1157.3,908.0,0.000,0.7687,1
2703,954,1504.5,716.6,1561.8,898.4,0.000,0.7377,1
2703,939,1576.0,709.9,1633.4,874.5,0.000,0.7043,1
2703,1019,304.0,685.5,350.5,827.4,0.000,0.7731,1
2703,1112,478.2,702.3,536.2,863.7,0.000,0.7865,1
2703,892,1786.0,665.3,1848.6,867.6,0.000,0.7672,1
2703,1106,1687.9,687.0,1724.9,837.7,0.000,0.6824,1
2703,1114,1298.2,699.2,1394.4,916.9,0.000,0.7749,1
2703,1072,674.9,723.9,740.5,916.2,0.000,0.8167,1
2703,1093,265.5,684.1,310.4,820.2,0.000,0.7798,1
2704,861,726.4,649.7,882.4,1023.1,0.000,0.8991,1
2704,1080,1220.7,697.8,1306.8,921.2,0.000,0.7708,1
2704,1024,1069.2,699.0,1161.5,905.6,0.000,0.7664,1
2704,939,1577.0,702.9,1637.3,874.1,0.000,0.7055,1
2704,1019,303.9,686.0,349.9,826.3,0.000,0.7726,1
2704,1112,473.4,702.1,530.2,861.6,0.000,0.7865,1
2704,892,1785.3,657.8,1850.1,868.0,0.000,0.7672,1
2704,1106,1687.8,687.2,1725.0,837.3,0.000,0.6824,1
2704,1114,1300.1,699.6,1396.7,915.8,0.000,0.7749,1
2704,1072,679.1,727.1,745.0,916.6,0.000,0.8167,1
2704,1093,267.6,684.0,311.3,818.2,0.000,0.7798,1
2705,861,728.1,651.7,888.7,1023.0,0.000,0.8990,1
2705,1080,1230.4,697.3,1315.6,920.4,0.000,0.7704,1
2705,1024,1075.8,698.1,1166.2,905.0,0.000,0.7645,1
2705,939,1579.2,709.2,1638.4,873.4,0.000,0.7053,1
2705,1019,304.2,686.0,350.4,826.6,0.000,0.7724,1
2705,1112,468.6,699.8,526.3,861.3,0.000,0.7829,1
2705,892,1786.4,659.0,1850.4,867.9,0.000,0.7672,1
2705,1106,1687.9,687.7,1725.1,837.6,0.000,0.6824,1
2705,1114,1299.4,699.2,1396.9,916.3,0.000,0.7749,1
2705,1072,681.6,727.9,748.8,917.2,0.000,0.8167,1
2705,1093,267.2,684.0,310.6,817.9,0.000,0.7798,1
2705,918,1739.1,684.0,1779.9,873.4,0.000,0.7381,1
2705,954,1509.3,714.5,1567.2,897.5,0.000,0.7377,1
2706,861,728.5,655.0,892.8,1021.5,0.000,0.8987,1
2706,1080,1239.2,696.8,1323.1,921.1,0.000,0.7704,1
2706,1024,1084.9,697.4,1172.4,904.6,0.000,0.7627,1
2706,939,1581.4,713.8,1640.4,874.6,0.000,0.7057,1
2706,1019,304.2,686.5,350.5,826.6,0.000,0.7722,1
2706,1112,464.9,699.8,523.3,861.5,0.000,0.7831,1
2706,892,1785.6,658.1,1849.8,868.1,0.000,0.7672,1
2706,1106,1688.0,687.9,1725.1,836.7,0.000,0.6824,1
2706,1114,1304.4,703.0,1399.0,915.2,0.000,0.7749,1
2706,1072,685.9,728.7,754.4,916.8,0.000,0.8167,1
2706,1093,267.8,684.5,310.5,817.0,0.000,0.7798,1
2706,954,1511.9,711.6,1570.3,896.5,0.000,0.7377,1
2706,1139,1215.0,725.9,1275.9,887.9,0.000,0.7097,1
2707,861,728.8,658.5,896.7,1020.1,0.000,0.8984,1
2707,1080,1247.9,695.1,1328.1,913.3,0.000,0.7663,1
2707,1024,1094.3,697.0,1179.5,905.1,0.000,0.7615,1
2707,939,1581.9,714.3,1641.5,874.6,0.000,0.7059,1
2707,1019,303.1,687.4,349.3,826.9,0.000,0.7721,1
2707,1112,457.5,701.4,517.2,860.5,0.000,0.7829,1
2707,892,1784.0,668.5,1846.0,868.0,0.000,0.7591,1
2707,1106,1688.8,688.5,1725.8,836.3,0.000,0.7151,1
2707,1114,1303.3,700.4,1399.4,917.2,0.000,0.7749,1
2707,1072,693.8,729.0,763.9,916.6,0.000,0.8167,1
2707,1093,269.0,684.3,311.3,816.3,0.000,0.7798,1
2707,954,1515.9,710.9,1573.7,895.0,0.000,0.7377,1
2707,1139,1209.9,725.1,1272.2,884.7,0.000,0.7097,1
2708,861,729.4,660.2,901.1,1019.5,0.000,0.8982,1
2708,1080,1255.1,693.5,1334.1,913.4,0.000,0.7644,1
2708,1024,1101.4,696.4,1184.7,905.6,0.000,0.7606,1
2708,939,1583.4,711.8,1644.3,873.3,0.000,0.7055,1
2708,1019,304.7,685.9,352.1,827.9,0.000,0.7724,1
2708,1112,452.1,701.4,514.0,859.8,0.000,0.7827,1
2708,892,1784.4,673.0,1845.5,868.2,0.000,0.7574,1
2708,1106,1689.0,688.3,1725.8,835.4,0.000,0.7146,1
2708,1114,1307.5,698.0,1403.3,917.5,0.000,0.7749,1
2708,1072,703.0,728.1,774.5,916.7,0.000,0.8167,1
2708,1093,269.1,684.4,311.5,816.6,0.000,0.7798,1
2708,954,1519.0,711.4,1576.1,894.4,0.000,0.7377,1
2708,1139,1208.4,725.3,1271.6,882.6,0.000,0.7097,1
2709,861,731.8,659.3,907.3,1019.3,0.000,0.8980,1
2709,1080,1258.9,693.5,1336.3,912.8,0.000,0.7626,1
2709,1024,1107.3,696.1,1188.8,905.3,0.000,0.7595,1
2709,939,1587.1,712.4,1647.4,870.4,0.000,0.7038,1
2709,1019,305.5,685.3,353.1,827.7,0.000,0.7725,1
2709,1112,447.6,701.3,511.7,858.9,0.000,0.7823,1
2709,892,1784.3,674.2,1845.3,868.2,0.000,0.7561,1
2709,1106,1688.2,687.9,1725.2,835.0,0.000,0.7143,1
2709,1072,711.6,724.5,785.0,917.4,0.000,0.8167,1
2709,1093,268.7,684.5,311.3,816.9,0.000,0.7798,1
2709,1139,1206.0,724.3,1269.6,882.6,0.000,0.7097,1
2709,1007,1325.6,694.8,1393.6,916.6,0.000,0.7638,1
2710,861,737.6,658.4,915.2,1019.3,0.000,0.8977,1
2710,1080,1261.9,693.5,1338.3,912.9,0.000,0.7614,1
2710,1024,1116.0,697.3,1196.6,905.2,0.000,0.7583,1
2710,939,1590.6,712.5,1650.5,867.9,0.000,0.7016,1
2710,1019,304.3,685.8,351.6,828.1,0.000,0.7728,1
2710,1112,445.4,701.5,511.9,858.7,0.000,0.7821,1
2710,1106,1687.7,687.9,1725.1,836.2,0.000,0.7145,1
2710,1072,720.0,725.1,792.9,918.6,0.000,0.8167,1
2710,1093,268.4,684.8,311.5,818.0,0.000,0.7798,1
2710,1139,1202.8,723.2,1265.4,881.5,0.000,0.7097,1
2710,1007,1331.6,695.2,1399.9,916.0,0.000,0.7638,1
2710,954,1522.3,711.5,1579.1,894.2,0.000,0.7377,1
2711,861,745.9,659.2,922.8,1018.8,0.000,0.8974,1
2711,1080,1265.4,692.7,1340.6,911.4,0.000,0.7598,1
2711,1024,1123.6,699.5,1203.9,904.4,0.000,0.7564,1
2711,939,1595.5,712.9,1654.3,865.1,0.000,0.6989,1
2711,1019,303.6,687.0,350.6,828.9,0.000,0.7731,1
2711,1112,441.0,701.1,509.8,857.5,0.000,0.7816,1
2711,1106,1687.6,688.5,1725.3,837.5,0.000,0.7147,1
2711,1072,729.6,722.9,801.9,919.3,0.000,0.8167,1
2711,1093,267.6,684.8,310.9,818.7,0.000,0.7798,1
2711,1139,1198.4,722.4,1259.7,882.2,0.000,0.7097,1
2711,1007,1339.1,695.5,1406.3,916.0,0.000,0.7638,1
2711,954,1525.9,712.0,1582.2,893.8,0.000,0.7377,1
2711,892,1778.9,677.7,1840.1,868.1,0.000,0.7561,1
2712,861,754.5,657.2,930.5,1018.5,0.000,0.8969,1
2712,1080,1269.5,693.2,1344.4,911.8,0.000,0.7589,1
2712,1024,1127.3,699.8,1208.6,903.7,0.000,0.7548,1
2712,939,1600.7,707.3,1660.2,862.9,0.000,0.6967,1
2712,1019,303.2,687.2,349.9,829.1,0.000,0.7733,1
2712,1112,435.7,702.9,505.8,858.5,0.000,0.7819,1
2712,1106,1687.1,688.5,1724.8,836.8,0.000,0.7145,1
2712,1072,739.9,720.3,811.4,919.1,0.000,0.8167,1
2712,1093,268.0,685.1,310.4,817.8,0.000,0.7798,1
2712,1139,1193.6,722.8,1252.9,880.1,0.000,0.7097,1
2712,1007,1346.4,694.6,1412.5,916.8,0.000,0.7638,1
2712,954,1528.4,710.8,1584.4,893.6,0.000,0.7377,1
2712,892,1777.2,677.8,1839.1,867.5,0.000,0.7561,1
2713,861,766.6,656.0,939.5,1018.5,0.000,0.8963,1
2713,1080,1273.9,693.6,1349.1,911.8,0.000,0.7582,1
2713,1024,1131.4,700.1,1214.8,903.8,0.000,0.7535,1
2713,939,1606.0,706.0,1664.3,861.7,0.000,0.6952,1
2713,1019,303.1,686.5,350.0,829.3,0.000,0.7737,1
2713,1112,431.1,701.5,502.3,857.3,0.000,0.7818,1
2713,1106,1687.3,687.4,1724.8,835.3,0.000,0.7145,1
2713,1072,749.4,718.7,819.9,919.6,0.000,0.8167,1
2713,1093,267.1,683.9,309.1,816.7,0.000,0.7798,1
2713,1139,1186.3,722.4,1245.9,883.6,0.000,0.7097,1
2713,1007,1351.1,694.2,1416.3,917.3,0.000,0.7638,1
2713,954,1531.6,713.4,1586.4,893.6,0.000,0.7377,1
2713,892,1776.1,677.9,1838.4,867.6,0.000,0.7561,1
2714,861,778.9,653.9,947.6,1018.5,0.000,0.8957,1
2714,1080,1278.0,693.8,1354.2,911.9,0.000,0.7578,1
2714,1024,1132.8,700.3,1218.6,904.8,0.000,0.7532,1
2714,939,1611.9,705.5,1668.7,861.4,0.000,0.6943,1
2714,1019,302.7,685.5,349.8,829.0,0.000,0.7740,1
2714,1112,424.0,700.0,495.2,856.9,0.000,0.7821,1
2714,1106,1687.0,687.2,1724.1,833.1,0.000,0.7139,1
2714,1072,757.5,719.7,827.0,919.2,0.000,0.8167,1
2714,1093,267.6,684.5,309.4,817.2,0.000,0.7798,1
2714,1139,1183.4,721.2,1243.1,886.9,0.000,0.7097,1
2714,1007,1355.0,693.9,1419.6,918.4,0.000,0.7638,1
2714,954,1533.3,714.0,1587.8,893.6,0.000,0.7377,1
2714,892,1775.7,679.7,1837.6,866.8,0.000,0.7561,1
2715,861,796.0,652.2,958.2,1017.2,0.000,0.8947,1
2715,1080,1280.8,696.0,1357.2,911.6,0.000,0.7572,1
2715,1024,1133.6,701.4,1221.1,904.6,0.000,0.7525,1
2715,939,1614.3,705.4,1670.3,862.3,0.000,0.6943,1
2715,1019,301.6,685.9,348.6,828.9,0.000,0.7741,1
2715,1112,419.8,699.9,489.4,856.2,0.000,0.7822,1
2715,1106,1686.9,687.0,1723.8,832.4,0.000,0.7136,1
2715,1072,765.7,721.5,836.5,920.2,0.000,0.8329,1
2715,1093,266.3,683.9,307.7,815.8,0.000,0.7798,1
2715,1139,1185.0,723.4,1241.2,885.2,0.000,0.7097,1
2715,1007,1358.2,694.3,1422.0,918.2,0.000,0.7638,1
2715,954,1533.7,713.2,1588.9,894.2,0.000,0.7377,1
2715,892,1774.4,678.9,1837.0,866.8,0.000,0.7561,1
2716,861,812.8,653.5,969.1,1017.8,0.000,0.8940,1
2716,1080,1281.6,697.6,1358.4,911.9,0.000,0.7569,1
2716,1024,1138.5,702.2,1229.1,905.3,0.000,0.7523,1
2716,939,1617.4,704.9,1672.5,862.8,0.000,0.6947,1
2716,1019,301.9,686.8,348.7,828.7,0.000,0.7740,1
2716,1112,413.8,698.6,482.0,857.6,0.000,0.7833,1
2716,1106,1686.7,687.3,1723.5,832.3,0.000,0.7134,1
2716,1072,773.1,724.7,845.9,920.5,0.000,0.8328,1
2716,1093,265.8,683.8,307.0,815.3,0.000,0.7682,1
2716,1007,1363.8,694.9,1428.2,918.7,0.000,0.7638,1
2716,954,1535.3,713.2,1591.0,895.3,0.000,0.7377,1
2716,892,1774.9,677.6,1838.1,867.2,0.000,0.7561,1
2717,861,825.7,654.0,977.7,1017.2,0.000,0.8932,1
2717,1080,1281.6,698.7,1358.5,911.5,0.000,0.7565,1
2717,1024,1139.2,702.4,1231.7,905.7,0.000,0.7524,1
2717,939,1621.8,704.6,1677.0,862.9,0.000,0.6950,1
2717,1019,301.5,686.3,348.7,828.9,0.000,0.7742,1
2717,1112,410.5,697.0,476.5,857.8,0.000,0.7843,1
2717,1106,1686.5,688.5,1723.2,832.6,0.000,0.7129,1
2717,1072,777.2,727.4,852.2,921.0,0.000,0.8329,1
2717,1093,266.0,683.8,306.8,815.0,0.000,0.7679,1
2717,1007,1368.9,696.8,1435.0,919.4,0.000,0.7638,1
2717,954,1537.3,712.9,1593.1,895.1,0.000,0.7377,1
2717,892,1774.9,678.5,1837.8,867.6,0.000,0.7561,1
2718,861,837.7,654.3,987.1,1017.5,0.000,0.8926,1
2718,1080,1284.0,699.6,1361.3,910.8,0.000,0.7560,1
2718,1024,1140.5,701.5,1234.1,906.3,0.000,0.7527,1
2718,939,1626.5,704.6,1682.4,863.1,0.000,0.6956,1
2718,1019,302.1,685.1,349.5,828.7,0.000,0.7743,1
2718,1112,406.1,694.7,470.5,857.6,0.000,0.7853,1
2718,1106,1685.9,688.2,1723.0,833.3,0.000,0.7130,1
2718,1072,779.5,728.4,858.1,922.5,0.000,0.8336,1
2718,1093,266.6,683.5,307.1,814.3,0.000,0.7674,1
2718,1007,1374.2,700.0,1442.4,919.5,0.000,0.7638,1
2718,954,1538.9,713.1,1594.3,894.5,0.000,0.7377,1
2718,892,1773.8,679.4,1836.4,867.5,0.000,0.7561,1
2719,861,847.7,655.4,995.5,1018.4,0.000,0.8922,1
2719,1080,1286.6,700.8,1363.8,910.4,0.000,0.7554,1
2719,1024,1142.3,700.3,1236.9,906.4,0.000,0.7528,1
2719,1019,301.8,685.5,349.1,828.3,0.000,0.7742,1
2719,1112,401.9,692.2,465.5,856.9,0.000,0.7862,1
2719,1106,1685.8,688.0,1722.7,832.5,0.000,0.7127,1
2719,1072,781.1,728.1,862.8,922.9,0.000,0.8341,1
2719,1093,267.2,683.4,307.5,814.3,0.000,0.7671,1
2719,954,1539.7,712.0,1595.6,894.4,0.000,0.7377,1
2719,892,1774.4,680.5,1836.0,866.7,0.000,0.7561,1
2719,1114,1364.3,702.4,1460.5,920.9,0.000,0.7749,1
2720,861,855.9,657.8,1002.5,1018.2,0.000,0.8919,1
2720,1080,1291.0,700.5,1368.5,910.2,0.000,0.7549,1
2720,1024,1152.9,701.0,1246.0,906.7,0.000,0.7528,1
2720,1019,302.3,684.9,350.1,828.6,0.000,0.7743,1
2720,1112,397.6,691.6,460.7,857.7,0.000,0.7874,1
2720,1072,783.9,727.6,868.7,923.6,0.000,0.8346,1
2720,1093,267.7,683.4,307.8,814.4,0.000,0.7668,1
2720,954,1541.2,709.7,1597.8,895.0,0.000,0.7377,1
2720,892,1773.3,680.0,1835.3,867.3,0.000,0.7561,1
2720,1114,1365.9,707.0,1461.4,920.3,0.000,0.7749,1
2720,939,1632.3,705.8,1689.2,862.9,0.000,0.6956,1
2721,861,861.8,661.3,1007.7,1018.1,0.000,0.8917,1
2721,1080,1295.6,697.8,1374.0,909.6,0.000,0.7544,1
2721,1024,1159.4,699.4,1250.4,906.2,0.000,0.7525,1
2721,1019,302.7,685.2,350.4,828.2,0.000,0.7741,1
2721,1112,392.8,692.7,454.4,856.6,0.000,0.7878,1
2721,1072,790.0,730.6,875.1,923.3,0.000,0.8346,1
2721,1093,268.0,683.2,308.0,814.3,0.000,0.7667,1
2721,954,1543.5,708.1,1599.9,893.9,0.000,0.7377,1
2721,892,1773.0,680.7,1834.6,866.5,0.000,0.7561,1
2721,1114,1367.7,708.8,1462.2,918.3,0.000,0.7749,1
2721,939,1633.0,706.3,1691.4,863.4,0.000,0.6956,1
2721,1139,1137.6,726.0,1196.0,887.6,0.000,0.7097,1
2721,1106,1685.1,688.5,1722.2,833.5,0.000,0.7127,1
2722,861,866.2,664.2,1012.9,1019.1,0.000,0.8918,1
2722,1080,1300.8,696.2,1379.1,909.1,0.000,0.7538,1
2722,1024,1169.0,698.8,1256.6,905.8,0.000,0.7520,1
2722,1019,302.9,683.6,351.2,828.1,0.000,0.7742,1
2722,1072,796.4,727.8,882.2,921.5,0.000,0.8335,1
2722,1093,267.8,683.1,307.6,814.5,0.000,0.7666,1
2722,892,1772.5,679.3,1835.2,866.4,0.000,0.7561,1
2722,1114,1370.4,708.5,1463.4,914.9,0.000,0.7749,1
2722,939,1633.9,707.1,1693.8,863.5,0.000,0.6956,1
2722,1139,1131.6,723.8,1191.9,888.9,0.000,0.7097,1
2722,1106,1684.8,690.2,1721.8,833.5,0.000,0.7127,1
2723,861,869.0,665.6,1017.2,1019.3,0.000,0.8919,1
2723,1080,1306.2,695.5,1383.5,907.9,0.000,0.7528,1
2723,1024,1177.3,698.6,1261.7,905.9,0.000,0.7516,1
2723,1019,302.4,682.5,351.2,828.0,0.000,0.7743,1
2723,1072,803.6,725.9,888.5,920.6,0.000,0.8323,1
2723,1093,267.8,682.9,307.5,814.3,0.000,0.7665,1
2723,1168,173.0,664.4,220.6,837.1,0.000,0.8057,1
2723,892,1770.2,676.2,1834.1,866.5,0.000,0.7561,1
2723,1114,1373.0,708.7,1465.2,913.5,0.000,0.7749,1
2723,939,1633.2,706.1,1694.4,862.9,0.000,0.6956,1
2723,1139,1128.7,721.7,1189.9,889.7,0.000,0.7097,1
2723,1112,386.1,697.0,446.1,853.9,0.000,0.7878,1
2723,954,1550.9,707.0,1605.0,885.6,0.000,0.7377,1
2724,861,871.8,666.8,1021.6,1018.7,0.000,0.8917,1
2724,1080,1312.6,695.2,1388.0,906.2,0.000,0.7512,1
2724,1024,1183.5,697.8,1265.2,905.8,0.000,0.7513,1
2724,1019,302.3,682.6,351.2,828.1,0.000,0.7744,1
2724,1072,814.0,724.5,897.7,921.9,0.000,0.8318,1
2724,1093,268.8,684.0,307.9,814.5,0.000,0.7664,1
2724,1168,177.3,665.4,224.0,836.7,0.000,0.8056,1
2724,892,1768.3,672.3,1833.5,866.6,0.000,0.7561,1
2724,1114,1373.8,709.8,1465.9,915.0,0.000,0.7749,1
2724,939,1633.3,703.1,1696.3,862.7,0.000,0.6956,1
2724,1139,1124.3,721.9,1184.5,889.2,0.000,0.7097,1
2724,1112,382.5,697.8,443.2,852.0,0.000,0.7878,1
2725,861,875.1,667.0,1026.0,1017.1,0.000,0.8912,1
2725,1080,1317.4,693.8,1391.9,905.9,0.000,0.7502,1
2725,1024,1188.9,696.9,1268.7,905.7,0.000,0.7509,1
2725,1019,302.2,683.0,351.1,827.9,0.000,0.7744,1
2725,1072,825.4,722.6,907.5,922.3,0.000,0.8311,1
2725,1093,269.5,684.3,308.2,814.9,0.000,0.7663,1
2725,1168,183.3,667.0,228.1,835.3,0.000,0.8047,1
2725,892,1767.5,670.6,1833.2,866.7,0.000,0.7561,1
2725,1114,1376.2,708.3,1468.2,915.5,0.000,0.7749,1
2725,939,1634.9,701.4,1698.7,862.3,0.000,0.6956,1
2725,1139,1118.5,720.3,1178.3,887.8,0.000,0.7097,1
2725,1112,378.0,697.8,441.0,854.1,0.000,0.7878,1
2725,954,1557.3,703.9,1610.9,882.3,0.000,0.7377,1
2726,861,880.9,666.7,1030.5,1011.8,0.000,0.8895,1
2726,1080,1321.5,693.2,1394.9,906.5,0.000,0.7499,1
2726,1024,1195.8,698.5,1274.2,905.4,0.000,0.7504,1
2726,1019,302.1,681.9,351.5,828.0,0.000,0.7745,1
2726,1072,834.6,722.1,914.9,923.3,0.000,0.8307,1
2726,1093,269.6,683.9,308.2,814.9,0.000,0.7663,1
2726,1168,184.0,666.2,228.8,835.6,0.000,0.8045,1
2726,892,1769.3,677.5,1832.4,866.4,0.000,0.7482,1
2726,1114,1379.7,706.9,1471.3,917.5,0.000,0.7749,1
2726,939,1638.2,701.0,1700.9,860.2,0.000,0.6956,1
2726,1139,1112.4,720.7,1171.8,887.9,0.000,0.7097,1
2726,1112,374.4,699.0,438.1,854.7,0.000,0.7878,1
2726,954,1560.0,703.5,1613.2,881.9,0.000,0.7377,1
2727,861,884.9,665.4,1036.1,1013.9,0.000,0.8893,1
2727,1080,1325.6,692.6,1397.9,906.9,0.000,0.7497,1
2727,1024,1201.6,699.6,1280.1,905.5,0.000,0.7501,1
2727,1019,302.3,682.6,351.5,827.7,0.000,0.7744,1
2727,1072,842.9,723.1,921.9,923.9,0.000,0.8302,1
2727,1093,268.5,681.7,307.4,814.6,0.000,0.7665,1
2727,1168,179.2,662.7,226.5,835.5,0.000,0.8048,1
2727,892,1767.9,671.3,1832.7,866.7,0.000,0.7497,1
2727,1114,1386.3,707.3,1474.7,915.5,0.000,0.7749,1
2727,939,1643.3,704.6,1703.1,858.3,0.000,0.6956,1
2727,1139,1103.0,720.8,1162.1,887.2,0.000,0.7097,1
2727,1112,368.7,699.3,430.0,851.2,0.000,0.7878,1
2727,954,1562.7,704.6,1614.8,880.3,0.000,0.7377,1
2728,861,893.1,665.0,1041.0,1008.5,0.000,0.8873,1
2728,1080,1328.9,693.0,1399.4,906.1,0.000,0.7490,1
2728,1024,1206.0,701.3,1285.0,905.3,0.000,0.7497,1
2728,1019,302.2,682.6,351.3,827.7,0.000,0.7743,1
2728,1072,851.4,725.6,930.1,923.3,0.000,0.8293,1
2728,1093,268.2,679.1,307.3,814.4,0.000,0.7669,1
2728,1168,178.7,661.3,227.4,835.5,0.000,0.8050,1
2728,892,1767.6,665.7,1833.7,867.1,0.000,0.7518,1
2728,1114,1393.9,703.6,1480.3,913.5,0.000,0.7749,1
2728,939,1647.9,698.0,1708.5,857.1,0.000,0.6956,1
2728,1139,1093.8,721.0,1154.3,887.3,0.000,0.7097,1
2728,1112,364.6,697.1,424.8,849.2,0.000,0.7878,1
2728,954,1564.4,704.0,1616.0,879.4,0.000,0.7377,1
2729,861,901.6,663.0,1045.6,1002.4,0.000,0.8845,1
2729,1080,1331.9,693.8,1400.8,905.2,0.000,0.7482,1
2729,1024,1208.3,702.3,1288.4,905.6,0.000,0.7496,1
2729,1019,301.9,682.1,351.3,828.0,0.000,0.7745,1
2729,1072,858.8,725.3,939.7,922.3,0.000,0.8280,1
2729,1093,269.1,680.5,307.7,815.4,0.000,0.7673,1
2729,1168,181.0,659.2,230.3,835.4,0.000,0.8051,1
2729,892,1768.0,666.6,1833.2,867.5,0.000,0.7528,1
2729,1114,1401.0,700.7,1485.7,913.1,0.000,0.7749,1
2729,939,1654.0,696.9,1712.6,856.1,0.000,0.6956,1
2729,1139,1084.0,722.1,1147.0,887.9,0.000,0.7097,1
2729,1112,361.4,696.7,419.7,848.9,0.000,0.7878,1
2729,954,1566.6,703.3,1617.7,878.5,0.000,0.7377,1
2730,861,914.4,662.8,1052.6,996.7,0.000,0.8812,1
2730,1080,1335.3,695.5,1403.0,904.1,0.000,0.7470,1
2730,1024,1211.0,703.7,1291.9,905.3,0.000,0.7493,1
2730,1019,302.9,684.4,351.7,828.1,0.000,0.7742,1
2730,1072,862.0,728.6,944.0,921.8,0.000,0.8270,1
2730,1093,268.4,680.2,307.0,815.2,0.000,0.7675,1
2730,1168,184.2,662.1,233.1,836.1,0.000,0.8050,1
2730,892,1767.5,665.6,1832.4,867.7,0.000,0.7538,1
2730,1114,1409.1,698.4,1491.0,911.2,0.000,0.7749,1
2730,1139,1075.6,723.4,1141.2,887.1,0.000,0.7097,1
2730,1112,358.0,693.8,415.4,847.5,0.000,0.7878,1
2730,954,1568.8,702.2,1620.1,878.0,0.000,0.7377,1
2731,861,925.2,662.3,1059.1,996.1,0.000,0.8791,1
2731,1080,1337.6,697.2,1404.6,903.4,0.000,0.7459,1
2731,1024,1211.7,704.1,1293.5,904.6,0.000,0.7488,1
2731,1019,302.5,683.4,351.8,828.4,0.000,0.7743,1
2731,1072,864.7,731.8,948.1,922.7,0.000,0.8270,1
2731,1093,269.4,681.2,307.6,815.9,0.000,0.7678,1
2731,1168,190.1,670.7,237.0,835.4,0.000,0.8036,1
2731,892,1766.6,663.4,1831.8,868.0,0.000,0.7551,1
2731,1114,1414.9,697.3,1494.6,910.1,0.000,0.7749,1
2731,1139,1069.3,724.3,1138.7,886.9,0.000,0.7097,1
2731,1112,353.4,690.9,410.7,848.1,0.000,0.7878,1
2731,954,1572.5,704.7,1624.2,878.2,0.000,0.7377,1
2731,939,1665.8,708.8,1718.0,855.2,0.000,0.6956,1
2732,861,933.0,662.2,1063.7,996.0,0.000,0.8775,1
2732,1080,1340.3,699.0,1407.1,903.0,0.000,0.7450,1
2732,1024,1212.9,704.1,1295.5,904.5,0.000,0.7485,1
2732,1019,302.7,682.8,352.0,827.8,0.000,0.7742,1
2732,1072,867.3,731.0,953.8,923.5,0.000,0.8270,1
2732,1093,268.7,682.3,306.3,815.5,0.000,0.7677,1
2732,1168,193.6,669.7,241.4,835.4,0.000,0.8029,1
2732,892,1767.2,661.9,1832.2,867.8,0.000,0.7562,1
2732,1114,1419.9,696.6,1497.5,910.0,0.000,0.7749,1
2732,1139,1068.3,725.6,1139.7,887.1,0.000,0.7097,1
2732,1112,349.0,687.8,406.1,848.3,0.000,0.7878,1
2732,954,1574.8,706.0,1627.5,878.5,0.000,0.7377,1
2732,939,1669.3,701.9,1722.4,855.6,0.000,0.6956,1
2733,861,938.5,661.8,1067.6,997.0,0.000,0.8765,1
2733,1080,1342.7,700.9,1409.3,902.5,0.000,0.7440,1
2733,1024,1216.0,704.3,1298.3,903.5,0.000,0.7477,1
2733,1019,301.8,681.9,351.8,828.6,0.000,0.7746,1
2733,1072,869.9,731.1,958.2,924.5,0.000,0.8274,1
2733,1093,268.5,682.1,306.1,815.5,0.000,0.7677,1
2733,1168,194.6,668.1,243.4,835.8,0.000,0.8027,1
2733,892,1766.8,661.7,1831.5,868.1,0.000,0.7570,1
2733,1114,1425.5,696.4,1500.6,907.8,0.000,0.7749,1
2733,1139,1064.3,725.9,1138.4,889.0,0.000,0.7097,1
2733,1112,345.7,689.2,401.7,849.9,0.000,0.7878,1
2733,954,1575.5,706.3,1629.2,878.5,0.000,0.7377,1
2733,939,1671.4,703.6,1722.8,855.9,0.000,0.6956,1
2734,861,947.8,662.0,1077.3,996.6,0.000,0.8753,1
2734,1080,1345.6,701.1,1412.9,902.3,0.000,0.7433,1
2734,1024,1220.3,704.1,1301.4,901.5,0.000,0.7462,1
2734,1019,303.0,682.5,353.0,828.5,0.000,0.7746,1
2734,1072,874.3,731.0,963.1,924.6,0.000,0.8274,1
2734,1093,268.8,682.4,306.3,815.5,0.000,0.7677,1
2734,1168,190.8,665.9,240.9,835.4,0.000,0.8028,1
2734,892,1766.5,662.1,1830.8,868.5,0.000,0.7576,1
2734,1114,1431.5,697.8,1505.5,906.1,0.000,0.7522,1
2734,1139,1062.8,726.4,1137.8,888.7,0.000,0.7097,1
2734,1112,342.3,687.9,397.8,849.0,0.000,0.7878,1
2734,954,1574.1,704.8,1629.2,879.3,0.000,0.7377,1
2734,939,1672.6,697.4,1725.6,856.8,0.000,0.6956,1
2735,861,957.0,663.7,1088.4,996.3,0.000,0.8742,1
2735,1080,1347.8,701.4,1416.2,904.8,0.000,0.7442,1
2735,1024,1226.2,704.4,1305.8,901.1,0.000,0.7450,1
2735,1019,302.8,682.9,352.7,828.7,0.000,0.7747,1
2735,1072,882.7,730.2,970.8,923.7,0.000,0.8266,1
2735,1093,268.6,682.7,306.1,815.6,0.000,0.7677,1
2735,1168,193.6,667.5,243.6,835.5,0.000,0.8025,1
2735,892,1766.0,661.5,1829.8,868.5,0.000,0.7582,1
2735,1188,28.8,598.0,101.9,920.1,0.000,0.8708,1
2735,1114,1437.1,698.4,1511.0,903.6,0.000,0.7498,1
2735,1112,337.5,688.6,392.9,848.5,0.000,0.7878,1
2735,939,1674.4,694.7,1728.0,857.7,0.000,0.6956,1
2736,861,965.5,664.4,1100.2,994.6,0.000,0.8727,1
2736,1080,1353.3,701.2,1421.8,904.2,0.000,0.7441,1
2736,1024,1232.5,702.5,1310.9,900.5,0.000,0.7440,1
2736,1019,302.4,682.9,352.6,830.1,0.000,0.7753,1
2736,1072,893.3,727.1,981.4,923.8,0.000,0.8257,1
2736,1093,268.7,683.3,306.0,815.8,0.000,0.7677,1
2736,1168,194.9,668.5,244.8,835.2,0.000,0.8021,1
2736,892,1766.5,662.3,1829.4,868.1,0.000,0.7583,1
2736,1188,39.4,599.8,112.8,921.0,0.000,0.8708,1
2736,1114,1441.5,700.7,1515.5,902.4,0.000,0.7478,1
2736,1112,334.5,686.3,390.5,846.6,0.000,0.7878,1
2736,939,1674.9,692.9,1728.8,858.3,0.000,0.6956,1
2736,1139,1055.3,725.1,1127.8,884.5,0.000,0.7097,1
2736,954,1575.2,704.1,1631.1,878.8,0.000,0.7377,1
2737,861,970.3,663.9,1109.9,994.1,0.000,0.8716,1
2737,1080,1358.0,701.3,1426.4,904.1,0.000,0.7441,1
2737,1024,1240.3,701.3,1316.9,900.3,0.000,0.7431,1
2737,1019,301.6,682.8,351.7,831.3,0.000,0.7760,1
2737,1072,905.6,723.3,993.6,923.9,0.000,0.8246,1
2737,1093,269.7,684.2,306.7,816.1,0.000,0.7677,1
2737,1168,198.4,668.7,248.4,835.4,0.000,0.8017,1
2737,892,1767.0,662.4,1828.9,867.9,0.000,0.7584,1
2737,1188,48.0,603.1,121.9,919.8,0.000,0.8704,1
2737,1114,1445.3,704.9,1519.7,901.9,0.000,0.7460,1
2737,1112,333.2,685.4,389.2,844.7,0.000,0.7878,1
2737,939,1675.9,697.9,1728.3,858.0,0.000,0.6956,1
2737,954,1576.3,703.5,1632.6,877.8,0.000,0.7377,1
2738,861,973.5,667.4,1116.6,994.3,0.000,0.8709,1
2738,1080,1364.1,700.4,1432.4,903.0,0.000,0.7435,1
2738,1024,1247.8,700.3,1322.3,900.4,0.000,0.7425,1
2738,1019,301.3,685.3,349.6,829.4,0.000,0.7756,1
2738,1072,915.9,724.2,999.7,922.7,0.000,0.8228,1
2738,1093,269.8,684.8,306.8,816.9,0.000,0.7678,1
2738,1168,198.0,667.2,248.9,835.9,0.000,0.8018,1
2738,892,1768.0,662.0,1828.8,867.5,0.000,0.7586,1
2738,1188,54.9,605.4,130.2,919.2,0.000,0.8699,1
2738,1114,1445.8,704.2,1522.6,902.1,0.000,0.7452,1
2738,1112,325.2,685.3,382.8,843.2,0.000,0.7867,1
2738,939,1674.3,693.8,1728.0,858.4,0.000,0.6956,1
2738,954,1577.9,701.6,1635.1,877.4,0.000,0.7377,1
2739,861,974.2,670.0,1120.7,994.4,0.000,0.8706,1
2739,1080,1367.7,700.7,1435.1,902.0,0.000,0.7426,1
2739,1024,1253.8,698.9,1326.6,900.4,0.000,0.7420,1
2739,1019,300.2,686.5,347.1,828.5,0.000,0.7751,1
2739,1072,924.1,722.2,1006.1,923.6,0.000,0.8219,1
2739,1093,269.8,685.1,306.8,817.3,0.000,0.7680,1
2739,1168,197.9,667.1,249.2,836.2,0.000,0.8019,1
2739,892,1768.4,661.9,1828.0,866.9,0.000,0.7586,1
2739,1188,58.7,606.0,136.2,919.1,0.000,0.8696,1
2739,1114,1444.6,703.3,1524.6,905.9,0.000,0.7468,1
2739,1112,319.7,685.8,378.7,840.2,0.000,0.7853,1
2739,939,1672.6,692.8,1726.1,858.7,0.000,0.6956,1
2739,954,1579.7,701.4,1637.3,877.8,0.000,0.7377,1
2740,861,975.5,673.8,1124.8,994.7,0.000,0.8706,1
2740,1080,1372.4,700.8,1439.5,901.7,0.000,0.7420,1
2740,1024,1258.4,698.2,1329.8,900.4,0.000,0.7416,1
2740,1019,299.5,687.5,345.0,827.7,0.000,0.7745,1
2740,1072,930.3,723.6,1009.7,923.2,0.000,0.8206,1
2740,1093,270.1,685.0,306.7,816.2,0.000,0.7678,1
2740,1168,199.9,667.9,251.2,836.4,0.000,0.8018,1
2740,892,1768.2,662.3,1826.8,867.5,0.000,0.7588,1
2740,1188,60.8,608.4,140.2,919.7,0.000,0.8696,1
2740,1114,1445.2,704.0,1527.0,906.2,0.000,0.7475,1
2740,1112,316.7,686.1,376.8,837.6,0.000,0.7838,1
2740,954,1581.8,701.2,1639.1,876.7,0.000,0.7377,1
2740,1106,1677.4,698.3,1714.4,844.0,0.000,0.7127,1
2741,861,976.8,676.0,1128.9,994.8,0.000,0.8706,1
2741,1080,1377.0,699.1,1444.5,901.2,0.000,0.7414,1
2741,1024,1263.8,699.2,1334.5,900.8,0.000,0.7414,1
2741,1019,298.6,687.1,343.0,827.5,0.000,0.7742,1
2741,1072,935.9,724.8,1013.5,922.3,0.000,0.8192,1
2741,1093,269.9,684.7,306.4,815.4,0.000,0.7675,1
2741,1168,204.9,668.4,254.9,835.3,0.000,0.8011,1
2741,892,1769.0,662.6,1826.1,866.9,0.000,0.7587,1
2741,1188,61.5,609.1,142.9,920.1,0.000,0.8695,1
2741,1114,1445.2,703.0,1528.1,904.0,0.000,0.7468,1
2741,1112,314.2,685.8,376.2,837.6,0.000,0.7830,1
2741,954,1584.2,700.3,1640.9,875.3,0.000,0.7377,1
2741,1106,1677.5,697.4,1713.9,840.2,0.000,0.7127,1
2742,861,978.6,676.7,1133.1,995.0,0.000,0.8706,1
2742,1080,1380.0,698.2,1447.1,899.7,0.000,0.7404,1
2742,1024,1270.3,699.8,1341.7,901.1,0.000,0.7413,1
2742,1072,942.2,727.8,1019.0,922.0,0.000,0.8181,1
2742,1093,269.6,684.3,306.3,815.0,0.000,0.7672,1
2742,1168,215.7,671.3,262.7,832.6,0.000,0.7991,1
2742,892,1769.8,663.4,1825.3,865.9,0.000,0.7583,1
2742,1188,60.9,609.6,144.2,920.4,0.000,0.8696,1
2742,1114,1444.5,701.6,1529.8,907.4,0.000,0.7485,1
2742,1112,309.4,685.4,371.0,834.9,0.000,0.7817,1
2742,954,1588.4,701.7,1643.9,874.6,0.000,0.7377,1
2742,1106,1677.2,696.5,1713.4,838.6,0.000,0.7127,1
2743,861,984.0,677.0,1139.4,994.5,0.000,0.8702,1
2743,1080,1383.7,698.9,1450.2,898.5,0.000,0.7391,1
2743,1024,1275.4,701.2,1348.2,900.8,0.000,0.7409,1
2743,1072,947.3,727.6,1025.3,921.7,0.000,0.8171,1
2743,1093,268.7,683.9,306.0,815.8,0.000,0.7674,1
2743,892,1770.7,664.5,1824.0,864.1,0.000,0.7575,1
2743,1188,60.1,610.3,144.8,920.6,0.000,0.8696,1
2743,1114,1445.3,701.2,1530.9,908.5,0.000,0.7498,1
2743,1112,307.9,685.3,369.9,833.9,0.000,0.7807,1
2743,954,1591.0,702.9,1644.5,871.0,0.000,0.7377,1
2743,1106,1676.7,694.9,1712.0,836.1,0.000,0.7127,1
2744,861,992.1,676.2,1147.0,993.9,0.000,0.8696,1
2744,1080,1385.9,700.3,1452.0,898.3,0.000,0.7383,1
2744,1024,1277.8,702.6,1352.0,900.5,0.000,0.7405,1
2744,1072,951.3,728.8,1030.9,921.8,0.000,0.8164,1
2744,1093,267.9,683.4,305.6,815.6,0.000,0.7675,1
2744,892,1771.1,666.5,1822.6,863.4,0.000,0.7566,1
2744,1188,60.5,610.8,146.5,920.4,0.000,0.8696,1
2744,1114,1448.9,700.4,1534.1,908.1,0.000,0.7504,1
2744,1112,301.7,683.9,362.9,833.5,0.000,0.7804,1
2744,1195,1743.1,683.4,1784.4,873.4,0.000,0.7418,1
2745,861,1000.6,674.1,1154.7,994.1,0.000,0.8689,1
2745,1080,1390.9,703.6,1457.7,899.1,0.000,0.7379,1
2745,1024,1278.6,703.4,1354.6,900.2,0.000,0.7401,1
2745,1072,961.1,722.1,1048.2,924.1,0.000,0.8164,1
2745,1093,269.1,684.0,306.9,815.4,0.000,0.7673,1
2745,892,1771.1,665.1,1822.3,864.0,0.000,0.7567,1
2745,1188,63.4,613.6,149.6,920.3,0.000,0.8694,1
2745,1114,1453.2,699.4,1536.4,904.0,0.000,0.7487,1
2745,1112,297.5,682.3,357.6,833.3,0.000,0.7804,1
2745,1195,1743.0,682.8,1784.0,872.6,0.000,0.7416,1
2745,1168,221.8,673.5,266.9,832.2,0.000,0.7991,1
2745,954,1597.1,703.6,1648.9,869.0,0.000,0.7377,1
2745,1106,1678.3,696.2,1711.7,830.9,0.000,0.7127,1
2746,861,1012.6,672.5,1163.7,993.7,0.000,0.8679,1
2746,1080,1392.0,704.7,1460.0,899.1,0.000,0.7375,1
2746,1024,1279.4,704.5,1356.7,899.1,0.000,0.7392,1
2746,1072,964.9,722.4,1054.2,923.9,0.000,0.8159,1
2746,1093,270.9,683.4,308.5,814.6,0.000,0.7669,1
2746,892,1772.1,665.3,1821.9,862.4,0.000,0.7562,1
2746,1188,66.5,619.6,151.9,919.9,0.000,0.8692,1
2746,1114,1457.5,700.1,1539.2,901.8,0.000,0.7468,1
2746,1112,295.0,682.5,354.5,835.1,0.000,0.7811,1
2746,1195,1743.7,683.3,1784.3,872.3,0.000,0.7413,1
2746,954,1600.1,705.5,1650.5,867.9,0.000,0.7377,1
2746,1106,1678.8,696.3,1712.6,833.2,0.000,0.7127,1
2747,861,1025.7,671.5,1172.8,993.5,0.000,0.8668,1
2747,1080,1393.7,705.1,1463.8,899.5,0.000,0.7375,1
2747,1024,1279.5,705.4,1358.5,899.0,0.000,0.7387,1
2747,1072,969.4,722.5,1059.6,924.1,0.000,0.8154,1
2747,1093,271.7,683.5,310.0,816.8,0.000,0.7674,1
2747,892,1773.0,668.4,1821.3,862.6,0.000,0.7554,1
2747,1188,70.8,619.6,157.3,921.4,0.000,0.8693,1
2747,1114,1461.4,699.9,1541.6,900.1,0.000,0.7450,1
2747,1112,294.7,681.8,353.0,835.4,0.000,0.7815,1
2747,1195,1743.5,681.8,1784.3,872.3,0.000,0.7416,1
2747,954,1602.4,701.5,1652.7,866.1,0.000,0.7377,1
2747,1106,1678.0,696.6,1711.8,833.6,0.000,0.7127,1
2747,1168,230.2,673.7,277.0,835.8,0.000,0.7991,1
2748,861,1041.6,669.9,1184.4,992.6,0.000,0.8652,1
2748,1080,1397.6,705.5,1470.6,900.3,0.000,0.7379,1
2748,1024,1280.4,705.8,1360.7,899.3,0.000,0.7385,1
2748,1072,975.8,721.6,1065.2,923.1,0.000,0.8142,1
2748,1093,268.9,683.5,309.1,822.7,0.000,0.7698,1
2748,1188,75.9,615.6,163.2,922.3,0.000,0.8695,1
2748,1114,1467.1,697.7,1546.4,899.0,0.000,0.7436,1
2748,1112,294.3,681.1,351.4,835.4,0.000,0.7819,1
2748,1195,1743.7,681.7,1784.4,873.2,0.000,0.7419,1
2748,954,1604.9,700.0,1655.6,866.9,0.000,0.7377,1
2748,1106,1677.3,695.6,1710.8,833.6,0.000,0.7127,1
2749,861,1052.6,666.6,1193.3,993.5,0.000,0.8640,1
2749,1080,1398.5,704.8,1473.7,900.0,0.000,0.7380,1
2749,1024,1282.5,705.9,1363.2,898.6,0.000,0.7379,1
2749,1072,975.8,715.8,1066.9,923.3,0.000,0.8134,1
2749,1188,80.8,614.3,167.9,922.3,0.000,0.8694,1
2749,1114,1473.0,695.9,1551.0,897.8,0.000,0.7423,1
2749,1195,1743.9,683.2,1784.2,873.2,0.000,0.7417,1
2749,954,1608.1,701.6,1658.6,867.8,0.000,0.7377,1
2749,1106,1677.7,696.1,1710.9,834.3,0.000,0.7127,1
2749,1019,295.1,682.1,341.6,833.0,0.000,0.7742,1
2749,892,1774.5,665.1,1823.1,863.4,0.000,0.7554,1
2749,1168,238.8,680.0,286.0,836.7,0.000,0.7991,1
2750,861,1060.3,666.5,1197.9,993.0,0.000,0.8628,1
2750,1080,1398.5,703.4,1476.3,900.3,0.000,0.7384,1
2750,1024,1285.4,704.4,1366.5,898.3,0.000,0.7375,1
2750,1188,83.8,617.9,170.0,921.5,0.000,0.8691,1
2750,1114,1478.3,696.4,1554.3,896.8,0.000,0.7411,1
2750,1195,1744.4,683.6,1784.5,873.2,0.000,0.7415,1
2750,954,1610.0,701.0,1661.1,869.2,0.000,0.7377,1
2750,1019,293.1,682.4,338.4,832.9,0.000,0.7742,1
2750,892,1775.7,664.7,1824.1,863.9,0.000,0.7554,1
2750,1168,245.2,682.1,293.8,840.1,0.000,0.7991,1
2750,1139,991.2,720.9,1076.2,921.6,0.000,0.7097,1
2750,1112,281.5,679.9,335.7,828.7,0.000,0.7819,1
2751,861,1067.1,666.4,1201.9,991.7,0.000,0.8612,1
2751,1080,1398.5,702.7,1478.1,900.5,0.000,0.7388,1
2751,1024,1289.0,706.1,1368.6,898.0,0.000,0.7369,1
2751,1188,89.6,620.0,175.2,922.3,0.000,0.8690,1
2751,1114,1482.3,698.9,1556.0,897.2,0.000,0.7403,1
2751,1195,1744.2,683.9,1784.2,873.4,0.000,0.7414,1
2751,954,1611.8,703.3,1662.5,869.6,0.000,0.7377,1
2751,1168,246.2,682.2,297.0,843.6,0.000,0.7991,1
2751,1139,1000.7,738.5,1074.6,921.8,0.000,0.7097,1
2751,1112,278.8,681.2,333.3,831.4,0.000,0.7819,1
2752,861,1073.4,668.6,1206.2,993.0,0.000,0.8607,1
2752,1080,1399.4,703.6,1480.0,900.0,0.000,0.7388,1
2752,1024,1294.5,704.8,1372.8,897.6,0.000,0.7363,1
2752,1188,101.2,622.6,184.7,921.2,0.000,0.8684,1
2752,1114,1485.3,698.3,1558.0,897.3,0.000,0.7400,1
2752,1195,1744.1,682.5,1784.3,873.5,0.000,0.7416,1
2752,954,1612.9,703.8,1663.6,869.6,0.000,0.7377,1
2752,1168,248.3,684.0,300.4,846.7,0.000,0.7991,1
2752,1112,277.4,682.5,331.3,832.9,0.000,0.7819,1
2752,892,1775.9,667.1,1822.5,861.3,0.000,0.7554,1
2753,861,1079.0,671.8,1208.3,992.2,0.000,0.8599,1
2753,1080,1402.4,703.6,1483.8,900.0,0.000,0.7388,1
2753,1024,1300.2,701.5,1377.6,896.8,0.000,0.7356,1
2753,1188,114.5,623.6,195.6,919.8,0.000,0.8675,1
2753,1114,1488.7,697.4,1560.4,897.3,0.000,0.7399,1
2753,1195,1744.7,685.3,1784.3,873.0,0.000,0.7408,1
2753,954,1614.8,707.0,1664.7,868.8,0.000,0.7377,1
2753,1112,277.8,683.4,330.0,832.5,0.000,0.7819,1
2753,892,1775.1,671.1,1820.7,862.9,0.000,0.7554,1
2753,1072,1012.3,727.5,1095.3,923.0,0.000,0.8134,1
2754,861,1083.5,676.0,1210.0,991.6,0.000,0.8594,1
2754,1080,1406.9,703.1,1488.5,899.6,0.000,0.7386,1
2754,1024,1307.3,700.1,1382.7,896.3,0.000,0.7349,1
2754,1188,121.4,626.4,202.9,918.7,0.000,0.8667,1
2754,1114,1493.5,703.0,1562.6,896.6,0.000,0.7390,1
2754,954,1616.0,705.8,1666.0,867.2,0.000,0.7377,1
2754,1112,278.8,683.6,328.8,830.2,0.000,0.7819,1
2754,892,1773.9,671.8,1819.1,863.0,0.000,0.7554,1
2754,1072,1021.8,726.8,1103.6,921.7,0.000,0.8134,1
2754,1106,1680.1,694.8,1713.3,834.0,0.000,0.7127,1
2754,1168,252.7,684.4,304.4,845.4,0.000,0.7991,1
2755,861,1087.1,678.2,1212.8,993.0,0.000,0.8595,1
2755,1080,1411.8,701.0,1493.4,898.5,0.000,0.7380,1
2755,1024,1312.9,699.7,1386.3,896.6,0.000,0.7346,1
2755,1188,118.4,627.2,205.4,921.0,0.000,0.8668,1
2755,1114,1499.6,702.3,1570.1,896.9,0.000,0.7388,1
2755,954,1616.2,705.1,1666.7,867.8,0.000,0.7377,1
2755,892,1772.4,666.9,1818.8,863.7,0.000,0.7554,1
2755,1072,1028.5,726.2,1111.5,922.2,0.000,0.8134,1
2755,1168,257.5,684.0,310.8,848.1,0.000,0.7991,1
2756,861,1090.2,678.9,1215.4,992.3,0.000,0.8591,1
2756,1080,1417.6,699.3,1499.1,898.7,0.000,0.7380,1
2756,1024,1316.7,699.5,1388.6,897.2,0.000,0.7346,1
2756,1188,126.9,628.3,218.6,921.5,0.000,0.8666,1
2756,1114,1503.6,701.4,1576.1,897.0,0.000,0.7388,1
2756,954,1617.4,701.8,1669.1,868.0,0.000,0.7377,1
2756,892,1772.3,664.8,1819.0,864.4,0.000,0.7554,1
2756,1072,1032.4,725.5,1116.6,921.2,0.000,0.8134,1
2756,1168,258.9,684.5,312.2,849.9,0.000,0.7991,1
2756,1195,1745.3,687.5,1784.4,872.0,0.000,0.7408,1
2756,1106,1679.5,693.6,1712.3,832.7,0.000,0.7127,1
2757,861,1094.0,680.9,1218.7,991.3,0.000,0.8587,1
2757,1080,1424.9,698.1,1505.6,899.1,0.000,0.7383,1
2757,1024,1321.2,700.7,1391.2,897.2,0.000,0.7344,1
2757,1188,131.9,631.3,228.3,922.1,0.000,0.8664,1
2757,1114,1505.6,704.0,1578.7,896.7,0.000,0.7385,1
2757,954,1619.7,700.5,1671.8,868.2,0.000,0.7377,1
2757,1072,1035.3,726.4,1120.5,921.0,0.000,0.8134,1
2757,1168,261.5,684.6,314.5,849.2,0.000,0.7991,1
2757,1195,1745.0,686.6,1784.5,871.8,0.000,0.7408,1
2758,861,1098.6,681.5,1223.0,990.4,0.000,0.8580,1
2758,1080,1432.6,697.4,1511.7,898.8,0.000,0.7383,1
2758,1024,1328.2,701.3,1397.7,897.4,0.000,0.7343,1
2758,1188,134.6,635.3,235.6,922.7,0.000,0.8662,1
2758,1114,1506.4,703.2,1581.7,897.7,0.000,0.7390,1
2758,954,1622.8,699.9,1674.5,867.1,0.000,0.7377,1
2758,1072,1037.6,727.2,1124.7,921.4,0.000,0.8134,1
2758,1168,262.6,684.5,314.9,849.1,0.000,0.7991,1
2758,1195,1744.5,686.9,1784.1,871.9,0.000,0.7408,1
2758,892,1772.7,663.1,1819.8,865.4,0.000,0.7554,1
2759,861,1103.0,681.4,1227.6,990.1,0.000,0.8575,1
2759,1080,1440.2,697.7,1516.6,896.7,0.000,0.7372,1
2759,1024,1333.8,703.4,1403.4,897.7,0.000,0.7342,1
2759,1188,135.5,639.8,241.5,925.7,0.000,0.8666,1
2759,1114,1507.4,702.5,1584.1,896.8,0.000,0.7388,1
2759,954,1624.7,699.6,1674.9,863.9,0.000,0.7377,1
2759,1072,1042.5,728.1,1131.5,921.7,0.000,0.8134,1
2759,1195,1744.0,686.8,1783.9,872.7,0.000,0.7408,1
2759,1112,272.4,682.7,322.3,836.1,0.000,0.7819,1
2760,861,1109.7,680.5,1233.7,989.3,0.000,0.8566,1
2760,1080,1445.0,697.1,1520.2,897.2,0.000,0.7372,1
2760,1024,1337.5,704.3,1407.8,897.6,0.000,0.7340,1
2760,1188,134.4,646.6,245.1,932.2,0.000,0.8687,1
2760,1114,1507.7,702.6,1584.6,893.5,0.000,0.7370,1
2760,954,1628.5,699.8,1678.3,863.3,0.000,0.7036,1
2760,1072,1046.2,728.5,1135.8,921.7,0.000,0.8134,1
2760,1195,1743.3,687.0,1783.4,872.9,0.000,0.7408,1
2760,1112,268.0,682.2,318.6,840.8,0.000,0.7819,1
2760,892,1775.4,666.0,1820.7,863.0,0.000,0.7554,1
2761,861,1117.4,679.6,1238.3,982.5,0.000,0.8532,1
2761,1080,1449.2,695.9,1523.7,897.4,0.000,0.7374,1
2761,1024,1339.9,705.7,1411.5,898.1,0.000,0.7341,1
2761,1188,131.3,649.9,247.8,939.9,0.000,0.8718,1
2761,1114,1509.0,705.0,1587.1,897.1,0.000,0.7380,1
2761,954,1630.0,699.6,1679.3,863.1,0.000,0.7033,1
2761,1072,1052.2,729.5,1140.7,920.6,0.000,0.8134,1
2761,1195,1743.7,687.3,1783.9,872.7,0.000,0.7408,1
2761,1112,266.2,682.0,315.5,835.9,0.000,0.7819,1
2761,892,1775.3,667.4,1819.9,863.8,0.000,0.7554,1
2762,861,1125.4,678.7,1242.7,976.1,0.000,0.8490,1
2762,1080,1452.9,695.6,1525.7,896.5,0.000,0.7372,1
2762,1024,1340.8,706.5,1413.6,898.0,0.000,0.7341,1
2762,1188,129.9,654.5,249.3,942.3,0.000,0.8740,1
2762,1114,1512.0,706.7,1590.0,898.8,0.000,0.7390,1
2762,954,1631.1,698.7,1680.4,863.4,0.000,0.7037,1
2762,1072,1060.0,727.2,1147.4,918.8,0.000,0.8134,1
2762,892,1775.7,667.9,1819.4,863.1,0.000,0.7554,1
2763,861,1133.7,678.1,1248.0,972.1,0.000,0.8450,1
2763,1080,1455.7,697.1,1527.2,897.4,0.000,0.7375,1
2763,1024,1340.2,706.0,1414.3,898.2,0.000,0.7343,1
2763,1188,130.6,655.1,253.3,943.5,0.000,0.8756,1
2763,1114,1515.8,706.2,1593.6,899.4,0.000,0.7398,1
2763,954,1632.2,698.8,1681.1,862.7,0.000,0.7037,1
2763,1072,1067.9,725.0,1153.4,917.4,0.000,0.8134,1
2763,892,1776.8,665.3,1820.6,862.0,0.000,0.7554,1
2763,1195,1743.6,687.8,1783.6,872.2,0.000,0.7408,1
2764,861,1141.6,676.5,1253.8,970.6,0.000,0.8416,1
2764,1080,1456.7,697.7,1527.0,897.3,0.000,0.7376,1
2764,1024,1340.6,704.9,1415.7,897.7,0.000,0.7342,1
2764,1188,133.8,656.3,258.0,943.9,0.000,0.8767,1
2764,1114,1520.3,705.7,1596.4,897.3,0.000,0.7392,1
2764,954,1632.9,698.6,1681.8,861.5,0.000,0.7034,1
2764,1072,1077.5,722.7,1160.3,916.2,0.000,0.8134,1
2764,892,1774.3,665.4,1819.2,865.3,0.000,0.7554,1
2764,1195,1743.7,688.0,1783.7,871.6,0.000,0.7408,1
2764,1112,252.7,677.7,299.9,827.8,0.000,0.7819,1
2765,861,1148.4,674.8,1257.8,966.9,0.000,0.8377,1
2765,1080,1458.9,698.4,1528.1,896.3,0.000,0.7371,1
2765,1024,1342.5,704.8,1417.7,896.5,0.000,0.7335,1
2765,1188,140.0,656.0,264.6,943.8,0.000,0.8773,1
2765,1114,1522.5,702.1,1598.0,894.7,0.000,0.7380,1
2765,954,1633.7,697.8,1683.0,860.1,0.000,0.7031,1
2765,1072,1087.7,721.4,1167.7,916.5,0.000,0.8134,1
2765,892,1775.1,665.0,1820.2,865.2,0.000,0.7554,1
2765,1195,1744.4,687.9,1784.3,871.2,0.000,0.7408,1
2765,1019,294.0,686.1,349.6,848.8,0.000,0.7742,1
2766,861,1154.5,674.2,1262.4,968.1,0.000,0.8355,1
2766,1080,1462.2,700.2,1530.6,894.7,0.000,0.7360,1
2766,1024,1345.7,706.5,1420.2,896.4,0.000,0.7330,1
2766,1188,149.4,656.9,273.8,943.6,0.000,0.8775,1
2766,1114,1528.4,704.0,1600.3,891.1,0.000,0.7354,1
2766,954,1636.6,696.0,1686.7,858.7,0.000,0.7032,1
2766,1072,1095.2,722.4,1172.3,916.8,0.000,0.8134,1
2766,892,1775.4,667.7,1820.4,865.7,0.000,0.7554,1
2766,1195,1744.4,687.4,1784.5,871.4,0.000,0.7408,1
2766,1019,294.4,686.4,355.2,848.8,0.000,0.7742,1
2767,861,1159.1,674.0,1265.9,969.7,0.000,0.8344,1
2767,1080,1465.6,701.3,1533.4,893.1,0.000,0.7345,1
2767,1024,1349.7,703.3,1424.3,896.3,0.000,0.7328,1
2767,1188,161.2,657.6,284.0,943.2,0.000,0.8774,1
2767,1114,1532.9,704.4,1602.4,887.8,0.000,0.7323,1
2767,954,1639.6,696.4,1690.2,859.3,0.000,0.7036,1
2767,1072,1102.2,724.2,1177.1,916.6,0.000,0.8134,1
2767,892,1775.3,667.7,1820.8,865.7,0.000,0.7554,1
2767,1195,1744.6,687.4,1784.8,871.4,0.000,0.7408,1
2767,1019,293.9,686.9,360.2,851.6,0.000,0.7742,1
2767,1106,1683.6,693.0,1717.3,834.9,0.000,0.7127,1
2768,861,1162.3,674.9,1268.3,970.9,0.000,0.8338,1
2768,1080,1468.6,701.8,1535.9,891.8,0.000,0.7330,1
2768,1024,1354.3,701.8,1427.7,895.2,0.000,0.7320,1
2768,1188,172.9,661.6,291.7,943.0,0.000,0.8774,1
2768,1114,1541.6,704.0,1608.5,885.0,0.000,0.7290,1
2768,954,1641.2,696.4,1692.1,858.8,0.000,0.7038,1
2768,1072,1106.7,725.4,1180.4,916.9,0.000,0.7874,1
2768,892,1774.3,665.7,1820.8,866.0,0.000,0.7554,1
2768,1195,1744.4,688.0,1784.7,871.2,0.000,0.7408,1
2768,1019,294.8,687.8,364.3,854.0,0.000,0.7742,1
2768,1106,1681.2,692.6,1715.7,836.2,0.000,0.7127,1
2769,861,1169.3,676.3,1275.3,970.7,0.000,0.8330,1
2769,1080,1469.4,701.7,1537.8,895.2,0.000,0.7341,1
2769,1024,1360.9,699.5,1433.3,895.9,0.000,0.7322,1
2769,1188,187.7,657.7,305.0,942.7,0.000,0.8769,1
2769,1114,1547.8,701.4,1613.9,885.5,0.000,0.7278,1
2769,954,1643.0,698.4,1694.0,858.8,0.000,0.7036,1
2769,1217,841.7,717.2,905.4,887.9,0.000,0.7715,1
2769,1072,1109.5,726.3,1182.8,917.7,0.000,0.7871,1
2769,892,1774.9,664.5,1821.9,865.4,0.000,0.7554,1
2769,1195,1744.5,688.9,1784.8,871.4,0.000,0.7408,1
2769,1019,295.3,689.6,366.9,856.0,0.000,0.7742,1
2769,1106,1680.2,693.7,1714.8,837.9,0.000,0.7127,1
2770,861,1175.8,679.3,1282.9,970.6,0.000,0.8326,1
2770,1080,1472.9,701.3,1540.7,893.6,0.000,0.7335,1
2770,1024,1368.4,701.5,1438.0,895.4,0.000,0.7317,1
2770,1188,202.1,657.8,316.6,943.4,0.000,0.8767,1
2770,1114,1552.5,698.1,1617.9,884.7,0.000,0.7270,1
2770,954,1645.4,699.3,1696.6,858.6,0.000,0.7033,1
2770,1217,832.9,717.3,898.7,887.7,0.000,0.7720,1
2770,1072,1112.1,727.6,1185.2,917.7,0.000,0.7867,1
2770,892,1773.8,666.8,1820.6,864.8,0.000,0.7554,1
2770,1195,1744.1,689.7,1784.4,871.6,0.000,0.7408,1
2770,1019,296.9,690.9,369.8,856.9,0.000,0.7742,1
2771,861,1179.8,681.3,1288.9,970.6,0.000,0.8323,1
2771,1080,1477.1,699.8,1543.9,891.4,0.000,0.7322,1
2771,1024,1373.4,701.9,1440.9,894.2,0.000,0.7308,1
2771,1188,212.3,662.6,324.6,945.9,0.000,0.8773,1
2771,1114,1558.3,697.7,1622.2,882.8,0.000,0.7256,1
2771,954,1646.6,694.1,1700.2,859.7,0.000,0.7056,1
2771,1217,824.1,717.2,893.3,888.4,0.000,0.7732,1
2771,1072,1115.2,727.9,1188.2,916.6,0.000,0.7856,1
2771,892,1776.1,670.3,1821.7,862.7,0.000,0.7554,1
2771,1195,1743.9,689.7,1784.5,872.3,0.000,0.7408,1
2771,1019,299.0,692.6,372.6,858.0,0.000,0.7742,1
2772,861,1181.4,682.4,1293.2,970.9,0.000,0.8323,1
2772,1024,1380.4,704.7,1443.8,889.7,0.000,0.7274,1
2772,1188,218.8,665.0,330.4,947.6,0.000,0.8780,1
2772,1114,1562.6,696.9,1626.4,881.8,0.000,0.7245,1
2772,954,1648.0,692.4,1702.9,859.8,0.000,0.7076,1
2772,1217,817.4,716.2,890.4,888.9,0.000,0.7745,1
2772,1072,1119.8,728.6,1193.4,917.0,0.000,0.7852,1
2772,892,1776.4,667.8,1822.2,861.8,0.000,0.7554,1
2772,1195,1743.9,689.3,1784.7,872.0,0.000,0.7408,1
2773,861,1182.3,683.8,1295.9,969.7,0.000,0.8319,1
2773,1024,1383.1,702.8,1447.0,892.6,0.000,0.7277,1
2773,1188,228.4,669.1,340.3,947.0,0.000,0.8781,1
2773,1114,1567.7,697.5,1630.9,879.3,0.000,0.7225,1
2773,954,1648.7,693.2,1703.5,859.8,0.000,0.7086,1
2773,1217,812.6,720.2,888.0,889.4,0.000,0.7758,1
2773,1072,1125.7,727.7,1199.8,917.7,0.000,0.7850,1
2773,892,1777.0,665.7,1822.7,860.3,0.000,0.7554,1
2773,1195,1743.7,688.1,1784.7,872.3,0.000,0.7408,1
2773,1019,302.6,691.8,376.5,858.4,0.000,0.7742,1
2774,861,1182.8,685.3,1298.6,969.3,0.000,0.8317,1
2774,1024,1388.1,703.3,1452.4,894.2,0.000,0.7283,1
2774,1188,235.0,671.9,349.2,946.6,0.000,0.8781,1
2774,1114,1570.2,701.2,1632.4,877.3,0.000,0.7200,1
2774,954,1650.1,694.7,1705.1,860.0,0.000,0.7090,1
2774,1217,808.7,717.8,889.4,890.8,0.000,0.7778,1
2774,1072,1134.0,727.6,1207.0,916.5,0.000,0.7837,1
2774,892,1777.3,664.4,1822.8,859.6,0.000,0.7554,1
2774,1195,1743.6,686.9,1785.0,872.5,0.000,0.7408,1
2774,1019,309.9,692.0,381.5,858.3,0.000,0.7742,1
2774,1080,1492.0,696.2,1558.2,889.4,0.000,0.7322,1
2775,861,1182.6,686.6,1300.0,968.5,0.000,0.8314,1
2775,1024,1392.8,703.5,1458.6,894.5,0.000,0.7287,1
2775,1188,239.5,674.0,357.1,947.1,0.000,0.8783,1
2775,1114,1571.6,701.3,1634.7,877.0,0.000,0.7185,1
2775,954,1651.1,696.7,1706.2,860.1,0.000,0.7088,1
2775,1217,801.4,718.3,883.9,891.4,0.000,0.7797,1
2775,1072,1143.2,726.3,1214.5,913.4,0.000,0.7808,1
2775,892,1778.3,663.0,1824.0,859.7,0.000,0.7552,1
2775,1195,1743.5,686.5,1785.0,872.7,0.000,0.7408,1
2775,1019,314.5,691.0,384.3,857.3,0.000,0.7742,1
2775,1080,1496.1,694.9,1561.8,889.7,0.000,0.7322,1
2776,861,1183.9,687.4,1302.5,967.4,0.000,0.8309,1
2776,1024,1396.8,704.5,1464.4,894.4,0.000,0.7289,1
2776,1188,241.3,676.1,363.0,949.2,0.000,0.8791,1
2776,1114,1574.9,699.0,1638.4,874.4,0.000,0.7165,1
2776,954,1651.0,694.5,1707.7,861.9,0.000,0.7103,1
2776,1217,796.1,719.6,878.4,890.5,0.000,0.7805,1
2776,1072,1151.7,724.2,1222.2,912.8,0.000,0.7782,1
2776,892,1778.7,662.8,1824.7,860.0,0.000,0.7557,1
2776,1195,1743.5,686.4,1784.9,872.4,0.000,0.7408,1
2776,1019,319.5,690.5,387.2,857.4,0.000,0.7742,1
2776,1080,1500.1,694.8,1565.0,889.0,0.000,0.7322,1
2776,1112,226.9,677.6,273.0,814.9,0.000,0.7819,1
2777,861,1186.0,688.2,1305.5,967.3,0.000,0.8307,1
2777,1024,1398.7,705.4,1467.9,893.7,0.000,0.7286,1
2777,1188,242.7,678.2,368.1,950.8,0.000,0.8800,1
2777,1114,1574.6,696.3,1640.5,875.2,0.000,0.7164,1
2777,954,1651.7,692.5,1709.1,862.0,0.000,0.7118,1
2777,1217,788.7,719.8,870.0,890.3,0.000,0.7813,1
2777,1072,1160.1,724.7,1228.4,911.4,0.000,0.7754,1
2777,892,1778.2,661.6,1824.5,860.9,0.000,0.7566,1
2777,1195,1743.4,686.4,1784.9,872.6,0.000,0.7408,1
2777,1019,321.4,689.4,387.8,857.9,0.000,0.7742,1
2777,1080,1502.5,694.0,1566.6,887.7,0.000,0.7322,1
2777,1112,219.7,668.1,268.1,816.7,0.000,0.7819,1
2778,861,1189.3,689.1,1308.8,966.8,0.000,0.8303,1
2778,1024,1399.1,704.2,1470.8,893.6,0.000,0.7287,1
2778,1188,244.0,677.4,373.5,951.6,0.000,0.8806,1
2778,1114,1576.5,696.1,1643.1,874.5,0.000,0.7159,1
2778,954,1652.4,690.8,1710.2,860.7,0.000,0.7130,1
2778,1217,783.0,722.7,861.3,890.6,0.000,0.7825,1
2778,1072,1165.9,724.0,1233.8,911.7,0.000,0.7736,1
2778,892,1779.1,663.3,1825.3,860.8,0.000,0.7567,1
2778,1195,1743.4,686.4,1785.0,873.2,0.000,0.7378,1
2778,1019,328.6,690.8,392.6,858.9,0.000,0.7742,1
2778,1080,1505.0,695.0,1568.1,887.4,0.000,0.7322,1
2778,1112,217.6,664.9,264.2,810.7,0.000,0.7819,1
2779,861,1195.8,687.4,1314.9,964.8,0.000,0.8290,1
2779,1024,1399.5,703.4,1473.2,893.1,0.000,0.7285,1
2779,1188,246.3,678.2,378.3,951.8,0.000,0.8811,1
2779,1114,1573.9,698.6,1642.6,878.0,0.000,0.7174,1
2779,1217,777.1,719.7,853.8,890.1,0.000,0.7831,1
2779,1072,1174.6,723.0,1241.5,910.8,0.000,0.7714,1
2779,892,1779.4,664.2,1825.5,861.0,0.000,0.7568,1
2779,1195,1743.1,685.7,1784.9,873.6,0.000,0.7382,1
2779,1080,1508.5,693.3,1572.2,888.8,0.000,0.7322,1
2779,1112,214.3,663.6,261.0,812.3,0.000,0.7819,1
2780,861,1204.5,686.4,1322.6,963.8,0.000,0.8276,1
2780,1024,1399.7,703.7,1474.6,892.6,0.000,0.7282,1
2780,1188,251.2,677.3,384.9,952.4,0.000,0.8814,1
2780,1114,1576.4,697.4,1646.7,877.8,0.000,0.7181,1
2780,1217,769.2,722.4,841.7,889.9,0.000,0.7839,1
2780,1072,1181.3,724.8,1246.7,908.9,0.000,0.7689,1
2780,892,1778.9,662.9,1825.0,861.1,0.000,0.7572,1
2780,1195,1743.1,685.9,1784.8,873.5,0.000,0.7384,1
2780,1227,25.9,614.2,86.6,872.4,0.000,0.8515,1
2780,1080,1511.3,693.9,1575.0,889.5,0.000,0.7322,1
2780,1112,213.7,666.0,259.4,813.0,0.000,0.7819,1
2780,954,1661.1,691.2,1716.9,858.5,0.000,0.7130,1
2780,1019,343.6,689.2,406.9,860.3,0.000,0.7742,1
2781,861,1212.8,684.7,1329.8,963.6,0.000,0.8263,1
2781,1024,1400.2,703.6,1476.1,892.3,0.000,0.7279,1
2781,1188,256.7,675.1,391.1,952.2,0.000,0.8814,1
2781,1114,1576.6,697.7,1647.7,877.0,0.000,0.7181,1
2781,1217,761.4,720.6,832.2,889.3,0.000,0.7843,1
2781,1072,1184.4,726.4,1249.5,909.6,0.000,0.7679,1
2781,892,1778.5,662.7,1824.5,861.3,0.000,0.7575,1
2781,1195,1743.3,685.8,1784.8,873.5,0.000,0.7386,1
2781,1227,29.6,614.8,90.0,869.9,0.000,0.8506,1
2781,1080,1514.9,696.1,1578.0,889.0,0.000,0.7322,1
2781,1112,212.9,665.8,258.3,814.1,0.000,0.7819,1
2781,954,1665.2,694.2,1719.1,857.8,0.000,0.7130,1
2781,1019,352.6,692.2,415.0,863.1,0.000,0.7742,1
2782,861,1222.0,682.4,1337.5,963.1,0.000,0.8248,1
2782,1024,1400.2,703.1,1476.8,892.1,0.000,0.7277,1
2782,1188,263.9,672.4,398.0,952.8,0.000,0.8815,1
2782,1114,1578.4,698.0,1649.4,874.7,0.000,0.7169,1
2782,1217,754.0,719.0,824.7,889.2,0.000,0.7850,1
2782,1072,1187.0,720.2,1255.3,910.8,0.000,0.7672,1
2782,892,1778.1,661.9,1824.0,860.9,0.000,0.7577,1
2782,1195,1743.2,684.8,1784.7,872.9,0.000,0.7387,1
2782,1227,34.8,614.0,94.6,865.3,0.000,0.8492,1
2782,1080,1519.1,697.0,1583.1,889.0,0.000,0.7322,1
2782,1112,211.4,664.6,256.6,813.8,0.000,0.7819,1
2782,954,1667.5,694.5,1720.7,858.8,0.000,0.7130,1
2782,1019,360.7,693.2,422.1,863.2,0.000,0.7742,1
2783,861,1232.6,682.1,1344.6,960.6,0.000,0.8225,1
2783,1024,1402.6,702.5,1479.5,892.0,0.000,0.7276,1
2783,1188,273.2,670.8,405.5,954.4,0.000,0.8818,1
2783,1114,1579.4,698.9,1651.1,876.1,0.000,0.7172,1
2783,1217,744.0,715.7,817.3,890.2,0.000,0.7866,1
2783,1072,1190.6,719.5,1260.7,911.2,0.000,0.7667,1
2783,892,1778.1,661.9,1824.1,861.7,0.000,0.7581,1
2783,1195,1743.3,684.7,1784.6,872.6,0.000,0.7388,1
2783,1227,38.5,613.1,98.0,863.4,0.000,0.8482,1
2783,1080,1519.2,697.5,1584.3,888.7,0.000,0.7322,1
2783,1112,211.4,668.0,255.2,813.8,0.000,0.7819,1
2783,954,1669.8,693.6,1721.7,856.2,0.000,0.7130,1
2783,1019,364.1,684.5,429.1,866.7,0.000,0.7742,1
2784,861,1239.6,682.8,1348.7,960.5,0.000,0.8211,1
2784,1024,1405.9,702.7,1481.9,891.5,0.000,0.7271,1
2784,1188,285.4,670.5,414.2,954.1,0.000,0.8815,1
2784,1114,1582.8,697.7,1653.6,874.2,0.000,0.7163,1
2784,1217,734.8,712.6,811.1,889.6,0.000,0.7875,1
2784,1072,1193.6,724.7,1264.1,911.8,0.000,0.7669,1
2784,892,1778.7,664.0,1824.2,861.5,0.000,0.7578,1
2784,1195,1743.5,684.4,1784.8,872.7,0.000,0.7390,1
2784,1227,41.4,612.7,100.4,861.5,0.000,0.8471,1
2784,1080,1520.1,698.0,1586.5,889.4,0.000,0.7322,1
2784,1112,211.3,668.9,254.3,812.5,0.000,0.7819,1
2784,954,1673.1,693.8,1724.8,857.6,0.000,0.7130,1
2785,861,1247.1,683.8,1354.2,962.4,0.000,0.8208,1
2785,1024,1410.3,703.5,1484.7,890.8,0.000,0.7264,1
2785,1188,300.3,670.4,423.0,951.6,0.000,0.8804,1
2785,1114,1586.9,698.9,1656.3,873.8,0.000,0.7155,1
2785,1217,728.2,712.0,807.1,889.0,0.000,0.7880,1
2785,1072,1196.5,723.1,1269.8,913.0,0.000,0.7675,1
2785,892,1779.2,665.5,1824.3,861.8,0.000,0.7575,1
2785,1195,1743.3,684.0,1784.8,873.2,0.000,0.7394,1
2785,1227,44.6,612.9,102.8,859.5,0.000,0.8460,1
2785,1080,1520.3,697.0,1588.4,890.1,0.000,0.7322,1
2785,1112,211.1,669.1,253.7,812.0,0.000,0.7819,1
2785,954,1676.7,692.9,1727.5,856.1,0.000,0.7130,1
2786,861,1253.8,684.2,1357.9,960.5,0.000,0.8194,1
2786,1024,1415.7,703.5,1488.2,890.2,0.000,0.7257,1
2786,1188,315.3,668.3,434.8,952.0,0.000,0.8798,1
2786,1114,1587.7,695.2,1657.9,873.8,0.000,0.7157,1
2786,1217,722.4,711.3,804.1,888.9,0.000,0.7885,1
2786,1072,1200.3,726.9,1273.5,912.3,0.000,0.7675,1
2786,892,1779.4,663.7,1824.8,861.3,0.000,0.7576,1
2786,1195,1743.4,682.9,1784.9,873.1,0.000,0.7399,1
2786,1227,46.6,613.4,104.0,857.8,0.000,0.8450,1
2786,1208,172.4,662.2,217.9,823.2,0.000,0.7959,1
2786,1080,1521.2,696.3,1590.6,890.2,0.000,0.7322,1
2786,1112,209.6,669.2,251.4,810.3,0.000,0.7819,1
2786,954,1678.2,692.0,1728.3,854.6,0.000,0.7130,1
2787,861,1258.0,687.3,1360.4,962.9,0.000,0.8199,1
2787,1024,1421.7,702.8,1492.9,892.0,0.000,0.7264,1
2787,1188,325.3,668.5,441.9,952.1,0.000,0.8793,1
2787,1217,718.3,717.4,800.3,889.9,0.000,0.7893,1
2787,1072,1207.4,733.5,1279.3,913.5,0.000,0.7687,1
2787,892,1779.6,663.1,1825.1,861.1,0.000,0.7577,1
2787,1195,1743.5,683.4,1784.8,873.1,0.000,0.7401,1
2787,1227,48.0,614.0,104.9,857.8,0.000,0.8442,1
2787,1208,171.9,661.3,217.4,822.4,0.000,0.7959,1
2787,1080,1521.3,695.6,1592.0,890.9,0.000,0.7322,1
2787,1112,208.2,670.4,248.9,808.8,0.000,0.7819,1
2787,954,1680.6,690.6,1730.2,853.9,0.000,0.7130,1
2788,861,1261.4,688.5,1362.3,963.3,0.000,0.8201,1
2788,1024,1427.4,702.2,1496.4,891.5,0.000,0.7265,1
2788,1188,335.1,670.4,449.9,951.4,0.000,0.8786,1
2788,1217,714.1,722.3,796.5,890.7,0.000,0.7904,1
2788,892,1779.6,662.7,1825.3,861.2,0.000,0.7579,1
2788,1195,1743.5,684.5,1784.5,873.0,0.000,0.7399,1
2788,1227,50.3,613.8,106.7,858.2,0.000,0.8438,1
2788,1208,173.3,663.0,218.1,821.8,0.000,0.7953,1
2788,1080,1523.2,695.4,1594.7,890.0,0.000,0.7322,1
2788,954,1682.9,689.3,1731.9,853.5,0.000,0.7130,1
2789,861,1264.0,689.1,1363.3,960.8,0.000,0.8192,1
2789,1024,1432.3,700.9,1499.6,891.1,0.000,0.7265,1
2789,1188,344.5,670.8,460.8,951.7,0.000,0.8782,1
2789,1217,708.7,723.6,792.0,891.2,0.000,0.7918,1
2789,892,1779.5,661.8,1825.4,861.2,0.000,0.7582,1
2789,1195,1743.3,684.9,1784.3,873.7,0.000,0.7401,1
2789,1227,52.8,616.8,107.9,858.9,0.000,0.8432,1
2789,1208,174.9,663.7,219.1,819.6,0.000,0.7942,1
2789,1080,1528.0,695.7,1598.7,886.0,0.000,0.7305,1
2789,954,1683.6,689.8,1731.9,854.5,0.000,0.7130,1
2789,1072,1220.6,722.5,1293.8,909.5,0.000,0.7687,1
2790,861,1265.0,690.1,1365.0,963.8,0.000,0.8203,1
2790,1024,1435.9,699.9,1501.9,891.5,0.000,0.7269,1
2790,1188,353.3,674.2,471.4,951.8,0.000,0.8779,1
2790,1217,701.3,720.2,785.9,888.9,0.000,0.7916,1
2790,892,1779.6,661.2,1825.7,861.4,0.000,0.7585,1
2790,1195,1743.2,686.2,1784.2,874.8,0.000,0.7402,1
2790,1227,55.1,619.1,108.8,859.1,0.000,0.8427,1
2790,1208,174.0,663.3,218.1,818.5,0.000,0.7935,1
2790,1080,1532.5,693.0,1603.9,883.5,0.000,0.7287,1
2790,954,1684.9,692.3,1732.1,855.3,0.000,0.7130,1
2790,1072,1226.8,718.6,1299.8,909.2,0.000,0.7687,1
2791,861,1266.8,691.0,1366.4,962.8,0.000,0.8203,1
2791,1024,1441.2,700.8,1505.7,891.3,0.000,0.7269,1
2791,1188,358.9,676.5,479.8,951.8,0.000,0.8777,1
2791,1217,694.9,718.9,778.9,888.3,0.000,0.7918,1
2791,892,1779.2,660.6,1825.2,861.8,0.000,0.7589,1
2791,1195,1743.2,686.5,1784.1,874.6,0.000,0.7400,1
2791,1227,56.8,619.1,109.5,859.0,0.000,0.8423,1
2791,1208,174.2,663.5,218.1,817.1,0.000,0.7925,1
2791,1080,1537.1,692.1,1607.9,881.5,0.000,0.7268,1
2791,954,1685.2,693.1,1732.0,856.1,0.000,0.7130,1
2791,1072,1237.4,717.4,1308.3,909.5,0.000,0.7687,1
2792,861,1269.6,691.6,1367.7,957.6,0.000,0.8182,1
2792,1024,1446.9,702.3,1510.7,891.2,0.000,0.7269,1
2792,1188,362.5,677.4,487.3,952.0,0.000,0.8776,1
2792,1217,689.1,716.4,772.2,888.0,0.000,0.7922,1
2792,892,1779.3,660.6,1825.2,861.7,0.000,0.7591,1
2792,1195,1743.5,686.3,1784.4,874.7,0.000,0.7400,1
2792,1208,173.7,664.3,217.6,817.0,0.000,0.7918,1
2792,1080,1542.3,691.3,1612.7,881.0,0.000,0.7256,1
2792,954,1686.6,693.1,1732.5,855.5,0.000,0.7130,1
2792,1114,1609.1,685.0,1679.3,874.6,0.000,0.7157,1
2793,861,1273.4,691.6,1370.1,952.8,0.000,0.8150,1
2793,1024,1451.3,703.0,1515.1,891.3,0.000,0.7269,1
2793,1188,363.6,677.4,492.4,952.5,0.000,0.8778,1
2793,1217,684.1,715.1,765.1,888.5,0.000,0.7931,1
2793,892,1779.8,660.3,1825.5,861.3,0.000,0.7592,1
2793,1195,1743.6,686.8,1784.3,874.4,0.000,0.7397,1
2793,1208,173.5,662.7,217.9,816.7,0.000,0.7915,1
2793,1080,1547.1,690.9,1616.4,879.7,0.000,0.7243,1
2793,954,1688.5,694.0,1733.3,854.6,0.000,0.7130,1
2793,1072,1248.7,722.0,1315.2,909.2,0.000,0.7687,1
2794,861,1275.2,691.4,1373.0,955.2,0.000,0.8145,1
2794,1024,1454.2,702.0,1518.9,891.3,0.000,0.7271,1
2794,1188,364.8,678.9,496.5,952.9,0.000,0.8779,1
2794,1217,676.4,713.6,753.8,886.8,0.000,0.7929,1
2794,892,1779.5,662.1,1825.6,863.9,0.000,0.7595,1
2794,1195,1743.9,687.4,1784.4,873.9,0.000,0.7392,1
2794,1208,174.0,661.3,219.0,816.5,0.000,0.7913,1
2794,1080,1551.9,691.2,1620.3,879.7,0.000,0.7237,1
2794,954,1690.5,693.7,1734.3,854.3,0.000,0.7130,1
2794,1072,1253.9,724.0,1317.6,910.0,0.000,0.7687,1
2794,1106,1675.9,694.5,1708.3,831.0,0.000,0.7127,1
2794,1114,1619.5,687.5,1686.3,873.7,0.000,0.7157,1
2795,861,1279.6,692.0,1376.9,954.2,0.000,0.8133,1
2795,1024,1455.9,701.6,1521.6,891.5,0.000,0.7275,1
2795,1188,366.4,678.5,500.9,953.2,0.000,0.8781,1
2795,1217,669.9,715.1,745.2,886.6,0.000,0.7932,1
2795,892,1779.2,662.9,1825.5,864.8,0.000,0.7596,1
2795,1195,1744.2,687.8,1784.5,873.3,0.000,0.7386,1
2795,1208,174.4,660.6,220.3,817.4,0.000,0.7916,1
2795,1080,1556.1,693.1,1622.3,879.0,0.000,0.7227,1
2795,1106,1675.7,693.0,1709.2,834.7,0.000,0.7127,1
2795,1114,1622.7,689.6,1686.9,872.7,0.000,0.7157,1
2796,861,1283.3,693.4,1380.1,954.7,0.000,0.8129,1
2796,1024,1456.4,702.0,1522.8,891.5,0.000,0.7278,1
2796,1188,370.8,677.8,507.0,953.4,0.000,0.8781,1
2796,1217,662.5,716.6,736.7,886.7,0.000,0.7937,1
2796,892,1778.5,663.1,1825.0,864.9,0.000,0.7596,1
2796,1195,1744.2,688.4,1784.5,873.3,0.000,0.7382,1
2796,1208,175.1,660.6,221.3,816.9,0.000,0.7914,1
2796,1080,1560.6,694.4,1624.7,876.5,0.000,0.7207,1
2796,1106,1676.8,692.9,1709.4,832.9,0.000,0.7127,1
2797,861,1288.7,693.2,1384.2,952.5,0.000,0.8113,1
2797,1024,1456.8,703.1,1523.8,891.7,0.000,0.7281,1
2797,1188,375.7,675.9,512.8,953.9,0.000,0.8782,1
2797,1217,654.0,716.8,728.8,886.3,0.000,0.7942,1
2797,892,1778.9,663.0,1825.6,864.9,0.000,0.7595,1
2797,1195,1744.1,688.1,1784.5,873.3,0.000,0.7379,1
2797,1208,175.2,660.5,221.4,815.9,0.000,0.7910,1
2797,1080,1563.7,695.8,1627.1,877.2,0.000,0.7200,1
2797,1106,1676.8,692.7,1709.0,831.8,0.000,0.7127,1
2797,1114,1626.5,693.7,1688.8,872.7,0.000,0.7157,1
2798,861,1293.6,692.9,1387.9,951.6,0.000,0.8099,1
2798,1024,1456.5,703.3,1524.2,891.8,0.000,0.7283,1
2798,1188,383.8,675.4,518.9,952.6,0.000,0.8776,1
2798,1217,647.0,717.2,723.1,886.2,0.000,0.7949,1
2798,892,1778.8,663.1,1825.6,865.1,0.000,0.7594,1
2798,1195,1744.3,688.2,1784.6,873.1,0.000,0.7377,1
2798,1208,174.5,660.3,220.3,813.5,0.000,0.7902,1
2798,1080,1566.3,694.0,1630.0,878.3,0.000,0.7205,1
2798,1106,1677.5,692.8,1709.7,829.9,0.000,0.7127,1
2798,1114,1630.0,692.8,1693.0,872.2,0.000,0.7157,1
2798,1072,1279.1,695.0,1368.6,946.6,0.000,0.7687,1
2799,1024,1458.2,703.4,1526.2,891.5,0.000,0.7283,1
2799,1188,391.6,671.6,525.0,951.7,0.000,0.8768,1
2799,1217,640.9,717.3,719.2,886.4,0.000,0.7957,1
2799,892,1779.0,663.6,1825.6,864.6,0.000,0.7591,1
2799,1195,1744.6,688.5,1784.9,873.0,0.000,0.7374,1
2799,1208,172.1,662.5,217.3,812.7,0.000,0.7893,1
2799,1080,1567.7,694.4,1631.5,880.2,0.000,0.7217,1
2799,1106,1675.7,692.3,1709.5,834.5,0.000,0.7127,1
2799,1114,1630.6,692.4,1694.3,872.6,0.000,0.7157,1
2799,1072,1283.3,691.4,1377.8,949.1,0.000,0.7687,1
2800,1024,1460.6,702.5,1528.8,891.0,0.000,0.7282,1
2800,1188,402.7,672.6,531.9,951.3,0.000,0.8762,1
2800,1217,636.5,715.5,717.5,886.3,0.000,0.7962,1
2800,892,1779.0,664.4,1825.2,864.0,0.000,0.7586,1
2800,1195,1744.7,688.1,1785.3,873.2,0.000,0.7373,1
2800,1208,170.5,662.8,216.4,814.7,0.000,0.7894,1
2800,1080,1568.0,691.0,1632.5,880.5,0.000,0.7230,1
2800,1072,1287.8,689.5,1384.9,949.4,0.000,0.7687,1
2801,1024,1463.2,702.1,1530.8,890.6,0.000,0.7280,1
2801,1188,416.9,673.1,541.1,950.9,0.000,0.8755,1
2801,1217,632.9,715.2,716.1,886.5,0.000,0.7969,1
2801,892,1778.4,661.4,1824.8,862.5,0.000,0.7587,1
2801,1195,1744.9,687.8,1785.7,873.5,0.000,0.7374,1
2801,1208,170.1,661.9,216.4,816.3,0.000,0.7899,1
2801,1080,1569.1,690.8,1633.1,880.5,0.000,0.7238,1
2801,1072,1294.5,689.3,1392.2,949.6,0.000,0.7687,1
2801,1114,1632.3,690.5,1695.6,870.6,0.000,0.7157,1
2802,1024,1467.9,702.0,1533.7,887.9,0.000,0.7263,1
2802,1188,414.6,672.3,539.1,952.4,0.000,0.8756,1
2802,1217,629.3,716.9,713.0,887.2,0.000,0.7979,1
2802,892,1777.3,663.2,1823.7,863.8,0.000,0.7586,1
2802,1195,1744.4,686.8,1785.4,872.9,0.000,0.7375,1
2802,1208,170.7,663.9,216.4,815.6,0.000,0.7896,1
2802,1080,1571.4,693.7,1633.2,876.5,0.000,0.7217,1
2802,861,1305.2,691.9,1398.7,949.4,0.000,0.8099,1
2803,1024,1473.3,701.4,1538.0,886.8,0.000,0.7250,1
2803,1188,434.0,672.8,554.2,951.9,0.000,0.8750,1
2803,1217,625.0,715.7,709.5,888.0,0.000,0.7991,1
2803,892,1776.0,663.7,1822.5,864.3,0.000,0.7586,1
2803,1195,1744.1,686.3,1785.1,872.8,0.000,0.7377,1
2803,1208,169.3,663.9,215.3,816.2,0.000,0.7897,1
2803,1080,1571.7,693.7,1631.5,866.9,0.000,0.7161,1
2803,861,1312.9,691.4,1405.5,949.0,0.000,0.8099,1
2803,1106,1676.4,689.3,1712.8,846.5,0.000,0.7127,1
2804,1024,1479.2,697.7,1543.6,886.5,0.000,0.7245,1
2804,1188,450.0,674.5,568.5,951.8,0.000,0.8745,1
2804,1217,620.5,714.6,703.1,885.8,0.000,0.7988,1
2804,892,1775.0,663.5,1821.9,864.6,0.000,0.7586,1
2804,1195,1743.7,687.0,1784.7,873.5,0.000,0.7378,1
2804,1208,167.2,662.1,212.0,809.4,0.000,0.7881,1
2804,1080,1570.7,693.5,1631.3,864.9,0.000,0.7130,1
2804,861,1320.6,691.9,1413.4,948.6,0.000,0.8099,1
2805,1024,1485.3,696.6,1548.5,887.0,0.000,0.7245,1
2805,1188,463.1,677.5,581.9,951.5,0.000,0.8740,1
2805,1217,615.0,714.4,695.5,885.1,0.000,0.7988,1
2805,892,1774.2,663.5,1821.5,865.8,0.000,0.7588,1
2805,1195,1743.6,686.2,1784.6,873.4,0.000,0.7381,1
2805,1208,168.2,664.3,213.4,812.7,0.000,0.7879,1
2805,1080,1579.2,692.9,1640.5,869.6,0.000,0.7132,1
2805,861,1325.3,692.3,1419.4,948.6,0.000,0.8099,1
2806,1188,472.3,680.5,593.0,950.6,0.000,0.8734,1
2806,1217,608.5,713.9,686.0,883.8,0.000,0.7985,1
2806,892,1774.3,663.0,1821.9,865.4,0.000,0.7588,1
2806,1195,1743.6,685.8,1784.7,873.9,0.000,0.7385,1
2806,1208,169.8,664.4,215.4,813.6,0.000,0.7878,1
2806,1080,1582.8,691.1,1643.4,868.6,0.000,0.7131,1
2806,861,1328.3,692.8,1423.9,948.2,0.000,0.8099,1
2807,1188,479.7,683.5,602.9,949.4,0.000,0.8727,1
2807,1217,601.5,711.1,677.8,885.2,0.000,0.7994,1
2807,892,1774.2,662.8,1822.2,865.4,0.000,0.7588,1
2807,1195,1743.9,686.4,1784.7,873.5,0.000,0.7384,1
2807,1208,171.0,665.5,215.9,813.0,0.000,0.7873,1
2807,1080,1585.0,688.8,1645.8,869.5,0.000,0.7144,1
2807,861,1329.6,693.6,1426.7,948.0,0.000,0.8099,1
2807,1024,1491.7,698.1,1553.0,887.3,0.000,0.7245,1
2808,1188,483.3,686.7,610.2,950.5,0.000,0.8728,1
2808,1217,596.3,709.3,671.5,886.1,0.000,0.8004,1
2808,892,1774.8,662.4,1822.9,865.5,0.000,0.7589,1
2808,1195,1744.4,685.6,1785.3,873.1,0.000,0.7385,1
2808,1208,171.9,666.8,215.8,811.9,0.000,0.7864,1
2808,1080,1588.2,688.5,1648.8,871.1,0.000,0.7159,1
2808,861,1330.9,694.9,1429.7,948.0,0.000,0.8099,1
2808,1024,1494.8,698.8,1554.9,886.7,0.000,0.7245,1
2809,1188,484.9,689.2,615.3,951.1,0.000,0.8730,1
2809,1217,591.6,707.6,664.6,883.8,0.000,0.7999,1
2809,892,1776.4,662.3,1824.4,865.3,0.000,0.7589,1
2809,1195,1744.5,686.2,1785.5,873.3,0.000,0.7385,1
2809,1208,172.3,667.7,215.5,811.0,0.000,0.7855,1
2809,1080,1590.4,688.2,1649.5,868.8,0.000,0.7161,1
2809,861,1332.9,696.0,1432.3,947.2,0.000,0.8099,1
2809,1024,1499.2,699.1,1559.4,886.7,0.000,0.7245,1
2810,1188,486.9,688.5,622.3,952.0,0.000,0.8734,1
2810,1217,587.9,707.0,660.0,883.7,0.000,0.7998,1
2810,892,1777.3,662.2,1825.3,864.9,0.000,0.7589,1
2810,1195,1744.4,686.2,1785.4,873.3,0.000,0.7385,1
2810,1208,172.5,668.0,215.2,810.2,0.000,0.7846,1
2810,1264,266.7,686.9,308.2,816.4,0.000,0.7668,1
2810,1260,1080.2,714.2,1140.8,827.8,0.000,0.5919,1
2810,861,1331.6,698.0,1432.0,948.4,0.000,0.8099,1
2810,1024,1502.8,699.6,1563.8,886.5,0.000,0.7245,1
2811,1188,487.7,688.8,626.3,952.0,0.000,0.8735,1
2811,1217,584.7,708.4,654.8,882.5,0.000,0.7993,1
2811,892,1777.4,662.2,1825.3,864.6,0.000,0.7589,1
2811,1195,1744.2,682.7,1785.9,873.8,0.000,0.7396,1
2811,1208,172.8,667.9,215.3,810.2,0.000,0.7840,1
2811,1264,267.4,686.9,309.1,817.4,0.000,0.7672,1
2811,1260,1094.1,714.3,1156.0,829.4,0.000,0.5911,1
2811,861,1333.8,699.1,1433.9,946.7,0.000,0.8099,1
2811,1024,1504.6,700.4,1566.8,886.8,0.000,0.7245,1
2811,1080,1594.3,688.3,1654.5,871.5,0.000,0.7161,1
2812,1188,488.0,686.9,629.8,952.8,0.000,0.8738,1
2812,892,1777.7,662.4,1825.3,864.6,0.000,0.7588,1
2812,1195,1743.8,681.5,1785.8,874.8,0.000,0.7408,1
2812,1208,172.5,666.5,215.1,809.3,0.000,0.7836,1
2812,1264,268.0,686.8,309.6,817.5,0.000,0.7674,1
2812,1260,1109.2,713.8,1171.8,829.5,0.000,0.5904,1
2812,861,1336.0,700.2,1435.9,946.2,0.000,0.8099,1
2812,1024,1505.3,701.0,1568.6,886.9,0.000,0.7245,1
2812,1080,1593.9,689.1,1654.6,872.8,0.000,0.7161,1
2813,1188,491.6,683.8,635.4,952.8,0.000,0.8738,1
2813,892,1777.5,662.3,1825.1,864.9,0.000,0.7589,1
2813,1195,1743.5,681.1,1785.5,875.0,0.000,0.7416,1
2813,1208,171.9,665.6,214.7,809.1,0.000,0.7833,1
2813,1264,268.4,686.9,309.9,817.5,0.000,0.7676,1
2813,1260,1124.2,714.2,1186.8,829.0,0.000,0.5892,1
2813,1249,343.0,685.1,404.9,865.2,0.000,0.8066,1
2813,861,1339.6,700.3,1439.1,945.1,0.000,0.8099,1
2813,1024,1506.1,701.4,1571.0,887.3,0.000,0.7245,1
2814,1188,496.4,680.3,641.4,953.2,0.000,0.8738,1
2814,892,1777.5,662.4,1825.0,865.1,0.000,0.7590,1
2814,1195,1743.4,679.9,1785.4,874.7,0.000,0.7423,1
2814,1208,171.6,664.6,214.5,809.0,0.000,0.7833,1
2814,1264,268.7,687.1,310.3,817.7,0.000,0.7677,1
2814,1260,1137.9,713.4,1200.0,826.3,0.000,0.5866,1
2814,1249,347.5,685.5,409.2,867.2,0.000,0.8068,1
2814,861,1345.9,699.9,1444.4,942.9,0.000,0.8099,1
2814,1024,1506.7,701.3,1573.1,886.7,0.000,0.7245,1
2815,1188,503.6,677.4,647.6,953.0,0.000,0.8735,1
2815,892,1777.7,662.6,1824.9,864.5,0.000,0.7589,1
2815,1195,1742.8,676.5,1785.4,874.9,0.000,0.7438,1
2815,1208,171.2,664.3,214.1,809.0,0.000,0.7833,1
2815,1264,269.0,687.1,310.6,817.9,0.000,0.7679,1
2815,1260,1152.5,714.2,1214.9,827.0,0.000,0.5850,1
2815,1249,351.2,685.3,412.8,869.8,0.000,0.8076,1
2815,861,1353.6,699.6,1451.3,942.1,0.000,0.8099,1
2815,1024,1507.4,700.6,1575.3,886.2,0.000,0.7245,1
2815,1019,506.7,719.4,590.6,882.3,0.000,0.7742,1
2815,1114,1665.4,684.9,1725.5,864.7,0.000,0.7157,1
2815,1080,1605.6,689.9,1665.8,868.1,0.000,0.7161,1
