frame,track_id,x1,y1,x2,y2,ego_speed,prob_cross,pred
7691,2,633.1,661.4,720.3,908.8,4.007,0.7769,1
7691,3,12.0,574.4,134.3,940.2,4.007,0.8609,1
7691,5,485.9,659.0,561.4,873.9,4.007,0.7436,1
7691,6,808.3,684.0,845.6,795.0,4.007,0.4042,0
7691,7,1538.8,691.1,1587.3,808.6,4.007,0.3663,0
7692,2,626.0,661.9,713.7,910.1,3.001,0.7844,1
7692,3,3.3,568.2,128.3,941.2,3.001,0.8647,1
7692,5,483.5,661.9,557.8,875.6,3.001,0.7518,1
7692,6,808.0,685.4,845.4,797.0,3.001,0.4165,0
7692,7,1543.2,691.1,1590.4,807.8,3.001,0.3884,0
7693,2,620.4,661.2,708.9,912.3,1.996,0.7937,1
7693,3,0.0,563.9,121.0,943.4,1.996,0.8689,1
7693,5,479.6,661.6,553.6,875.0,1.996,0.7613,1
7693,6,807.8,686.1,845.0,797.1,1.996,0.4356,0
7693,7,1548.4,691.9,1594.3,807.7,1.996,0.4212,0
7694,2,614.2,660.5,703.1,912.8,1.996,0.7991,1
7694,3,0.0,561.6,111.3,944.2,1.996,0.8710,1
7694,5,474.6,666.1,547.6,876.8,1.996,0.7673,1
7694,6,807.3,686.0,844.7,798.1,1.996,0.4520,0
7695,2,609.4,656.8,699.6,914.1,1.996,0.8035,1
7695,3,0.0,558.9,99.9,944.4,1.996,0.8726,1
7695,5,466.6,667.8,540.1,878.2,1.996,0.7723,1
7695,6,806.7,686.0,844.1,798.3,1.996,0.4663,0
7695,7,1561.4,719.0,1596.7,809.1,1.996,0.4212,0
7696,2,603.7,655.3,694.5,915.7,1.996,0.8073,1
7696,3,0.0,552.0,88.3,945.3,1.996,0.8742,1
7696,5,459.2,669.1,534.0,878.4,1.996,0.7760,1
7696,6,805.9,686.2,843.1,798.6,1.996,0.4783,0
7697,2,598.4,654.1,689.5,916.2,1.996,0.8100,1
7697,3,0.0,547.3,79.8,948.7,1.996,0.8758,1
7697,5,452.2,670.1,528.9,879.7,1.996,0.7794,1
7697,6,805.3,686.4,842.6,799.4,1.996,0.4884,0
7698,2,590.7,654.5,682.2,916.5,1.996,0.8122,1
7698,3,0.0,543.3,73.1,953.0,1.996,0.8774,1
7698,5,446.2,670.7,524.7,880.7,1.996,0.7823,1
7698,6,804.7,686.8,842.1,800.2,1.996,0.4970,0
7699,2,581.1,654.7,674.5,917.9,1.996,0.8145,1
7699,5,440.8,668.3,521.8,881.7,1.996,0.7851,1
7699,6,804.2,687.0,841.7,800.9,1.996,0.5042,1
7699,9,1844.4,684.7,1870.3,770.9,1.996,0.6775,1
7700,2,570.0,655.2,665.5,919.5,1.996,0.8170,1
7700,5,433.6,667.8,515.7,882.6,1.996,0.7876,1
7700,6,804.2,688.8,841.1,800.8,1.996,0.5090,1
7700,9,1841.0,686.6,1867.2,772.4,1.996,0.6781,1
7700,1,251.4,594.5,367.2,972.3,1.996,0.8772,1
7701,2,559.4,655.5,658.1,921.8,1.996,0.8199,1
7701,5,428.2,667.5,510.7,883.9,1.996,0.7900,1
7701,6,804.0,689.5,841.4,803.2,1.996,0.5140,1
7701,9,1838.1,686.9,1865.2,773.7,1.996,0.6786,1
7701,1,241.8,594.8,357.4,972.2,1.996,0.8773,1
7702,2,547.9,657.7,649.4,923.1,1.996,0.8225,1
7702,5,422.3,664.4,505.5,884.2,1.996,0.7921,1
7702,6,803.3,689.9,841.3,805.5,1.996,0.5191,1
7702,9,1837.6,688.6,1865.3,775.0,1.996,0.6784,1
7702,1,231.8,595.0,348.1,971.7,1.996,0.8773,1
7703,2,540.3,657.9,644.9,924.5,1.996,0.8250,1
7703,5,417.4,662.8,500.2,884.6,1.996,0.7940,1
7703,6,803.2,690.2,841.2,805.5,1.996,0.5230,1
7703,9,1836.9,689.7,1865.2,775.8,1.996,0.6780,1
7703,1,221.0,595.5,338.4,972.6,1.996,0.8778,1
7704,2,534.9,656.9,642.9,927.1,1.996,0.8279,1
7704,5,410.6,660.7,492.7,885.3,1.996,0.7960,1
7704,6,802.8,689.9,841.0,805.7,1.996,0.5265,1
7704,9,1836.3,689.2,1865.8,777.0,1.996,0.6781,1
7704,1,209.6,594.0,329.6,977.0,1.996,0.8793,1
7705,2,530.5,655.0,641.3,927.8,1.996,0.8299,1
7705,5,405.5,658.9,486.6,885.7,1.996,0.7977,1
7705,6,802.2,690.4,840.4,806.5,1.996,0.5296,1
7705,9,1836.2,688.3,1866.3,776.9,1.996,0.6783,1
7705,1,198.3,594.3,320.0,980.2,1.996,0.8808,1
7706,2,526.1,653.6,639.6,929.8,1.996,0.8323,1
7706,5,400.5,657.3,481.2,886.5,1.996,0.7995,1
7706,6,801.7,689.8,840.0,806.2,1.996,0.5322,1
7706,9,1835.7,685.7,1867.0,777.2,1.996,0.6792,1
7706,1,185.4,592.0,310.1,984.8,1.996,0.8828,1
7707,2,522.7,652.2,637.8,930.4,1.996,0.8339,1
7707,5,394.5,656.8,474.1,887.8,1.996,0.8013,1
7707,6,801.3,689.3,839.8,806.8,1.996,0.5350,1
7707,9,1835.0,685.1,1866.9,778.2,1.996,0.6802,1
7707,1,170.4,587.1,297.6,986.3,1.996,0.8841,1
7708,2,518.6,650.5,635.3,931.9,1.996,0.8356,1
7708,5,386.8,655.1,466.2,888.2,1.996,0.8030,1
7708,6,800.5,689.2,839.5,808.5,1.996,0.5379,1
7708,9,1834.2,683.8,1866.4,778.3,1.996,0.6811,1
7708,1,153.7,580.6,283.3,987.0,1.996,0.8850,1
7709,2,512.0,648.3,629.9,933.3,1.996,0.8371,1
7709,5,376.6,654.1,456.9,889.6,1.996,0.8050,1
7709,6,799.7,689.8,838.2,808.1,1.996,0.5395,1
7709,9,1832.3,683.1,1864.8,778.3,1.996,0.6816,1
7709,1,137.5,574.9,268.1,986.6,1.996,0.8855,1
7710,2,502.3,643.1,622.6,935.2,1.996,0.8388,1
7710,5,364.4,652.6,446.4,890.2,1.996,0.8070,1
7710,6,798.9,691.2,836.5,807.5,1.996,0.5399,1
7710,9,1832.5,682.9,1864.7,778.1,1.996,0.6818,1
7710,1,120.6,570.4,250.8,987.2,1.996,0.8862,1
7711,2,494.7,643.9,614.5,936.7,1.996,0.8406,1
7711,5,353.8,653.4,438.0,891.6,1.996,0.8091,1
7711,6,798.6,692.1,835.7,807.0,1.996,0.5397,1
7711,9,1830.0,683.1,1862.1,777.9,1.996,0.6816,1
7711,1,105.5,565.4,234.5,986.1,1.996,0.8863,1
7712,2,487.6,641.0,607.5,937.7,1.996,0.8419,1
7712,5,345.8,654.2,432.4,892.8,1.996,0.8110,1
7712,6,798.5,692.1,836.3,809.6,1.996,0.5410,1
7712,9,1830.4,684.4,1861.6,777.8,1.996,0.6809,1
7712,1,91.3,559.4,220.0,985.9,1.996,0.8864,1
7713,2,481.4,640.2,600.8,938.9,1.996,0.8433,1
7713,5,340.3,655.2,429.2,894.1,1.996,0.8127,1
7713,6,798.5,691.9,836.3,810.0,1.996,0.5423,1
7713,9,1830.8,685.6,1861.8,779.2,1.996,0.6804,1
7713,1,79.5,556.1,207.3,986.2,1.996,0.8867,1
7714,2,474.5,637.9,594.9,942.0,1.996,0.8454,1
7714,5,336.9,654.3,428.2,895.5,1.996,0.8144,1
7714,6,798.2,692.1,835.9,810.4,1.996,0.5435,1
7714,1,67.6,552.7,194.5,986.9,1.996,0.8872,1
7715,2,469.4,636.1,590.5,945.9,1.996,0.8480,1
7715,5,334.3,655.5,427.0,896.9,1.996,0.8160,1
7715,6,798.0,692.6,835.4,810.4,1.996,0.5443,1
7715,1,53.1,550.4,179.0,986.4,1.996,0.8875,1
7715,9,1828.2,686.1,1859.5,782.2,1.996,0.6804,1
7716,2,466.2,637.1,586.9,949.2,1.996,0.8507,1
7716,5,329.7,653.1,424.9,898.8,1.996,0.8180,1
7716,6,797.9,693.4,834.8,809.9,1.996,0.5443,1
7716,1,39.9,549.5,165.2,986.3,1.996,0.8879,1
7716,9,1827.1,686.8,1857.7,782.2,1.996,0.6804,1
7717,2,458.9,637.2,579.8,952.5,1.996,0.8537,1
7717,5,325.5,651.1,422.4,899.7,1.996,0.8197,1
7717,6,797.8,693.3,834.6,809.7,1.996,0.5443,1
7717,1,28.7,548.7,154.9,986.5,1.996,0.8883,1
7717,9,1827.5,688.5,1857.8,782.4,1.996,0.6804,1
7718,2,449.3,638.5,570.0,954.7,1.996,0.8563,1
7718,5,320.4,653.2,416.8,899.7,1.996,0.8207,1
7718,6,797.9,693.0,834.9,810.4,1.996,0.5449,1
7718,1,18.4,544.1,147.2,986.7,1.996,0.8887,1
7718,9,1825.2,688.8,1856.1,783.4,1.996,0.6804,1
7719,2,442.1,637.5,562.7,954.7,1.996,0.8579,1
7719,5,314.1,649.7,410.8,898.8,1.996,0.8216,1
7719,6,797.9,693.2,835.2,811.5,1.996,0.5458,1
7719,1,7.5,542.4,138.2,987.2,1.996,0.8891,1
7719,9,1823.4,689.3,1854.4,783.3,1.996,0.6804,1
7720,2,436.9,640.1,556.1,954.9,1.996,0.8593,1
7720,5,306.0,648.1,401.8,899.5,1.996,0.8229,1
7720,6,797.7,693.3,835.3,812.5,1.996,0.5472,1
7720,1,0.0,540.4,131.2,985.8,1.996,0.8892,1
7720,9,1822.7,690.6,1853.9,783.7,1.996,0.6804,1
7721,2,430.8,637.6,551.1,957.1,1.996,0.8610,1
7721,5,299.1,645.1,394.2,900.7,1.996,0.8244,1
7721,6,797.6,694.4,835.2,813.3,1.996,0.5484,1
7721,1,0.0,537.4,125.1,985.3,1.996,0.8893,1
7721,9,1822.1,691.0,1853.0,783.4,1.996,0.6804,1
7722,2,426.0,638.8,546.5,961.2,0.998,0.8657,1
7722,5,292.0,641.6,385.6,899.8,0.998,0.8288,1
7722,6,797.5,695.4,834.9,813.4,0.998,0.5578,1
7722,1,0.0,533.4,118.4,983.7,0.998,0.8907,1
7722,9,1821.2,689.8,1852.6,784.5,0.998,0.6804,1
7723,2,422.1,637.2,543.3,963.8,0.000,0.8706,1
7723,5,287.6,640.4,380.0,900.9,0.000,0.8346,1
7723,6,797.4,696.1,834.3,812.7,0.000,0.5720,1
7723,1,0.0,527.3,110.1,982.6,0.000,0.8925,1
7723,9,1820.6,689.8,1852.2,785.0,0.000,0.6804,1
7724,2,416.4,633.8,538.6,966.3,0.000,0.8736,1
7724,5,281.0,640.3,372.2,902.0,0.000,0.8379,1
7724,6,796.9,696.3,833.5,811.9,0.000,0.5816,1
7724,1,0.0,579.7,92.2,980.2,0.000,0.8927,1
7724,9,1820.1,689.5,1851.6,784.9,0.000,0.6804,1
7725,2,409.1,633.6,531.0,967.2,0.000,0.8757,1
7725,5,274.2,638.2,365.4,903.8,0.000,0.8408,1
7725,6,796.6,695.7,833.4,812.1,0.000,0.5899,1
7725,1,0.0,613.1,70.5,945.4,0.000,0.8866,1
7725,9,1819.7,688.3,1851.3,785.1,0.000,0.6804,1
7726,2,401.3,646.0,519.4,968.9,0.000,0.8784,1
7726,5,264.4,638.6,355.0,903.9,0.000,0.8429,1
7726,6,796.2,695.5,833.3,812.4,0.000,0.5967,1
7726,9,1818.5,687.4,1850.0,784.8,0.000,0.6804,1
7727,2,393.3,638.4,513.2,970.1,0.000,0.8799,1
7727,5,254.2,639.2,345.6,904.4,0.000,0.8447,1
7727,6,795.9,695.8,833.1,812.9,0.000,0.6021,1
7727,9,1816.8,687.6,1847.6,785.0,0.000,0.6804,1
7728,2,387.8,634.2,507.6,971.0,0.000,0.8809,1
7728,5,246.7,639.1,340.0,906.4,0.000,0.8465,1
7728,6,795.4,696.0,833.0,814.5,0.000,0.6074,1
7728,9,1814.4,687.6,1844.8,785.7,0.000,0.6804,1
7729,2,380.7,628.5,501.5,971.0,0.000,0.8813,1
7729,5,241.5,639.5,336.0,906.9,0.000,0.8479,1
7729,6,795.0,696.5,832.8,816.0,0.000,0.6123,1
7729,9,1814.2,686.7,1844.2,785.6,0.000,0.6804,1
7730,2,370.9,625.0,491.8,970.5,0.000,0.8815,1
7730,5,237.4,639.6,333.3,908.4,0.000,0.8492,1
7730,6,794.8,696.4,832.8,816.4,0.000,0.6163,1
7731,2,362.5,624.9,483.6,971.7,0.000,0.8821,1
7731,5,232.8,637.7,329.9,908.6,0.000,0.8503,1
7731,6,795.0,696.5,832.7,815.2,0.000,0.6185,1
7731,9,1813.2,686.5,1842.9,785.3,0.000,0.6804,1
7732,2,357.7,625.0,478.7,972.5,0.000,0.8827,1
7732,5,229.0,636.7,326.9,909.7,0.000,0.8514,1
7732,6,794.8,696.5,832.3,814.7,0.000,0.6200,1
7732,9,1812.7,686.7,1842.1,785.1,0.000,0.6804,1
7733,2,347.2,623.7,468.7,973.3,0.000,0.8834,1
7733,5,223.5,635.8,321.4,910.9,0.000,0.8525,1
7733,6,794.6,696.2,832.2,814.4,0.000,0.6212,1
7733,9,1812.0,687.1,1841.6,785.4,0.000,0.6804,1
7734,2,331.5,624.1,454.9,975.0,0.000,0.8844,1
7734,5,216.2,634.7,313.3,911.9,0.000,0.8536,1
7734,6,794.4,696.6,831.9,814.2,0.000,0.6218,1
7734,9,1811.1,687.9,1841.6,786.0,0.000,0.6804,1
7735,2,318.6,623.6,445.0,976.2,0.000,0.8854,1
7735,5,208.1,631.3,304.7,913.1,0.000,0.8549,1
7735,6,793.9,697.1,831.4,814.4,0.000,0.6224,1
7735,9,1809.1,688.5,1841.3,787.9,0.000,0.6804,1
7736,2,307.2,622.6,437.7,976.8,0.000,0.8862,1
7736,5,201.1,628.9,295.8,913.0,0.000,0.8558,1
7736,6,793.2,697.3,830.7,814.5,0.000,0.6228,1
7736,9,1806.7,688.8,1840.1,787.6,0.000,0.6804,1
7737,2,298.0,617.6,433.4,976.0,0.000,0.8863,1
7737,5,194.2,628.2,287.8,914.0,0.000,0.8568,1
7737,6,792.6,697.2,830.1,814.7,0.000,0.6234,1
7737,9,1804.9,689.0,1839.3,787.1,0.000,0.6804,1
7738,2,292.6,617.2,431.3,976.4,0.000,0.8866,1
7738,5,186.1,625.7,278.5,913.6,0.000,0.8575,1
7738,6,792.1,696.8,829.9,815.3,0.000,0.6242,1
7738,9,1805.4,689.5,1840.8,787.9,0.000,0.6804,1
7739,2,287.9,619.1,428.8,975.9,0.000,0.8868,1
7739,5,179.4,623.8,270.2,912.4,0.000,0.8579,1
7739,6,791.9,696.7,829.8,815.7,0.000,0.6250,1
7739,9,1803.0,689.7,1838.7,788.5,0.000,0.6804,1
7740,2,284.1,612.8,429.0,974.8,0.000,0.8863,1
7740,5,171.8,622.9,262.7,913.4,0.000,0.8586,1
7740,6,791.0,697.6,829.3,817.9,0.000,0.6269,1
7740,9,1801.8,690.7,1837.4,789.5,0.000,0.6804,1
7741,2,280.6,612.6,427.2,976.3,0.000,0.8866,1
7741,5,160.4,621.8,252.9,913.3,0.000,0.8593,1
7741,6,790.6,698.2,829.0,818.8,0.000,0.6287,1
7741,9,1800.8,690.2,1836.3,788.6,0.000,0.6804,1
7742,2,275.1,612.8,422.4,976.5,0.000,0.8868,1
7742,5,149.1,621.7,244.0,914.7,0.000,0.8603,1
7742,6,790.3,698.7,828.7,819.0,0.000,0.6302,1
7742,9,1800.2,689.1,1836.3,789.8,0.000,0.6804,1
7743,2,269.1,612.8,416.2,975.2,0.000,0.8867,1
7743,5,139.5,622.4,237.6,915.5,0.000,0.8611,1
7743,6,790.5,699.0,828.6,818.1,0.000,0.6305,1
7743,9,1800.4,689.3,1835.7,788.7,0.000,0.6804,1
7744,2,259.2,609.8,406.4,973.3,0.000,0.8861,1
7744,5,133.3,623.6,234.2,916.1,0.000,0.8618,1
7744,6,790.3,699.3,828.3,817.6,0.000,0.6305,1
7744,9,1799.8,688.7,1834.2,787.6,0.000,0.6804,1
7745,2,252.1,605.1,398.7,971.9,0.000,0.8854,1
7745,5,131.3,622.2,235.1,915.7,0.000,0.8622,1
7745,6,790.1,700.2,827.8,817.4,0.000,0.6302,1
7745,9,1799.1,689.5,1832.2,787.0,0.000,0.6804,1
7746,2,235.2,602.8,381.5,971.2,0.000,0.8852,1
7746,5,127.8,621.6,233.9,916.1,0.000,0.8627,1
7746,6,789.6,700.1,827.5,817.3,0.000,0.6299,1
7746,9,1797.3,689.9,1829.7,787.3,0.000,0.7124,1
7747,2,231.2,601.3,373.9,970.9,0.000,0.8849,1
7747,5,122.8,620.5,230.8,916.7,0.000,0.8632,1
7747,6,788.8,700.1,827.0,818.1,0.000,0.6304,1
7747,9,1797.2,690.1,1828.7,787.9,0.000,0.7120,1
7748,2,214.3,598.1,355.6,969.7,0.000,0.8847,1
7748,5,118.4,618.5,228.0,917.2,0.000,0.8638,1
7748,6,788.0,699.7,826.4,817.8,0.000,0.6305,1
7748,9,1797.8,689.3,1828.2,785.8,0.000,0.7114,1
7749,2,213.5,592.0,352.2,969.2,0.000,0.8844,1
7749,5,110.9,616.8,221.4,917.6,0.000,0.8643,1
7749,6,787.6,699.1,826.2,817.2,0.000,0.6304,1
7749,9,1796.3,689.5,1827.0,788.5,0.000,0.7118,1
7750,2,207.9,590.9,343.1,968.9,0.000,0.8842,1
7750,5,101.9,617.5,211.6,917.0,0.000,0.8647,1
7750,6,787.5,699.3,826.1,817.4,0.000,0.6305,1
7750,9,1794.9,689.9,1825.0,789.4,0.000,0.7118,1
7751,2,200.0,588.6,333.0,970.8,0.000,0.8847,1
7751,5,91.2,615.3,200.6,917.6,0.000,0.8653,1
7751,6,787.3,699.8,826.3,818.5,0.000,0.6312,1
7751,9,1794.3,690.2,1824.4,790.7,0.000,0.7120,1
7752,2,190.2,586.0,323.5,976.3,0.000,0.8862,1
7752,5,81.3,611.2,189.9,917.0,0.000,0.8658,1
7752,6,787.1,699.9,826.4,819.2,0.000,0.6321,1
7752,9,1793.2,690.4,1823.4,790.6,0.000,0.7118,1
7753,2,172.8,583.2,309.8,984.2,0.000,0.8886,1
7753,5,72.3,606.5,180.1,917.3,0.000,0.8664,1
7753,6,786.5,699.8,826.4,820.1,0.000,0.6335,1
7753,9,1792.3,690.7,1822.9,791.3,0.000,0.7117,1
7754,2,160.2,584.2,298.7,986.4,0.000,0.8902,1
7754,5,64.8,605.6,171.0,920.0,0.000,0.8674,1
7754,6,786.4,700.1,826.3,820.3,0.000,0.6345,1
7754,9,1791.3,691.1,1822.4,792.6,0.000,0.7116,1
7755,2,150.4,582.4,291.6,987.4,0.000,0.8912,1
7755,5,59.7,604.4,164.0,920.8,0.000,0.8682,1
7755,6,786.3,700.9,826.0,820.3,0.000,0.6351,1
7755,9,1791.3,691.3,1822.5,793.0,0.000,0.7113,1
7756,2,141.9,579.9,286.4,988.7,0.000,0.8922,1
7756,5,53.5,600.9,156.2,919.5,0.000,0.8684,1
7756,6,785.8,701.3,825.7,820.9,0.000,0.6359,1
7756,9,1791.1,691.6,1822.1,792.5,0.000,0.7109,1
7757,2,141.3,576.8,286.3,987.9,0.000,0.8924,1
7757,5,43.1,601.1,145.0,919.1,0.000,0.8688,1
7757,6,784.9,701.1,825.4,822.1,0.000,0.6375,1
7757,9,1791.5,692.0,1822.2,792.3,0.000,0.7103,1
7758,2,130.7,575.4,277.4,987.8,0.000,0.8928,1
7758,5,32.7,602.8,134.5,919.0,0.000,0.8692,1
7758,6,784.0,700.8,824.9,823.4,0.000,0.6396,1
7758,9,1791.5,691.6,1822.2,791.9,0.000,0.7099,1
7758,11,353.7,695.4,395.9,849.8,0.000,0.7868,1
7759,2,120.5,575.0,267.4,986.1,0.000,0.8927,1
7759,5,24.6,604.0,127.7,920.1,0.000,0.8699,1
7759,6,783.3,701.0,824.2,823.4,0.000,0.6410,1
7759,9,1791.0,691.1,1821.8,791.9,0.000,0.7098,1
7759,11,353.6,696.3,395.4,849.5,0.000,0.7867,1
7760,2,111.6,574.2,257.9,985.5,0.000,0.8928,1
7760,5,20.0,604.9,124.3,921.1,0.000,0.8705,1
7760,6,783.4,701.5,823.8,822.4,0.000,0.6414,1
7760,9,1789.0,691.2,1820.0,793.5,0.000,0.7099,1
7760,11,353.2,695.8,395.0,848.9,0.000,0.7866,1
7761,2,98.5,569.7,245.2,985.0,0.000,0.8930,1
7761,5,15.1,602.8,121.3,922.2,0.000,0.8712,1
7761,6,783.6,701.8,823.5,821.4,0.000,0.6410,1
7761,9,1785.1,693.2,1815.3,793.7,0.000,0.7089,1
7761,11,353.0,697.7,394.2,848.7,0.000,0.7862,1
7762,2,84.2,567.3,230.8,986.1,0.000,0.8934,1
7762,5,13.1,601.2,120.7,922.5,0.000,0.8716,1
7762,6,783.3,701.6,823.3,821.1,0.000,0.6407,1
7762,9,1783.2,693.9,1813.0,794.4,0.000,0.7082,1
7762,11,352.1,698.1,393.2,849.0,0.000,0.7862,1
7763,2,68.9,562.6,215.1,985.6,0.000,0.8937,1
7763,5,8.7,597.8,116.9,922.7,0.000,0.8720,1
7763,6,783.2,702.2,823.2,822.0,0.000,0.6409,1
7763,9,1781.7,693.1,1811.4,794.3,0.000,0.7077,1
7763,11,351.1,700.0,391.7,849.0,0.000,0.7860,1
7764,2,59.8,557.6,204.3,984.9,0.000,0.8937,1
7764,5,0.6,595.3,107.8,921.3,0.000,0.8721,1
7764,6,783.1,702.5,823.3,823.1,0.000,0.6417,1
7764,9,1780.5,692.8,1810.3,794.3,0.000,0.7073,1
7764,11,349.6,698.7,390.6,848.7,0.000,0.7859,1
7765,2,51.9,553.2,193.0,983.7,0.000,0.8936,1
7765,5,0.0,591.9,98.9,922.1,0.000,0.8725,1
7765,6,782.8,702.3,822.9,823.2,0.000,0.6424,1
7765,9,1779.7,691.6,1810.0,794.4,0.000,0.7075,1
7765,11,347.4,695.8,389.4,848.9,0.000,0.7863,1
7766,2,43.2,549.4,182.3,985.2,0.000,0.8939,1
7766,5,0.0,584.6,89.1,923.2,0.000,0.8731,1
7766,6,782.0,702.5,822.2,823.9,0.000,0.6434,1
7766,9,1779.2,691.2,1809.9,795.2,0.000,0.7077,1
7766,11,346.9,695.5,389.1,849.5,0.000,0.7868,1
7767,2,36.0,547.1,173.7,985.5,0.000,0.8941,1
7767,5,0.0,581.3,79.9,923.2,0.000,0.8736,1
7767,6,781.2,702.3,821.7,824.8,0.000,0.6449,1
7767,9,1778.3,697.0,1807.9,796.2,0.000,0.7058,1
7767,11,345.8,695.4,387.5,848.2,0.000,0.7866,1
7768,2,25.6,544.8,164.0,986.4,0.000,0.8944,1
7768,5,0.0,579.9,71.0,921.7,0.000,0.8737,1
7768,6,780.8,702.0,821.5,825.4,0.000,0.6464,1
7768,9,1778.0,697.9,1807.9,797.1,0.000,0.7046,1
7768,11,346.3,702.9,385.5,847.1,0.000,0.7855,1
7769,2,17.8,546.5,155.9,985.7,0.000,0.8945,1
7769,5,0.0,578.6,63.5,916.2,0.000,0.8731,1
7769,6,780.9,702.1,821.2,824.8,0.000,0.6470,1
7769,9,1777.7,698.7,1807.7,797.4,0.000,0.7034,1
7769,11,343.7,699.8,383.6,848.2,0.000,0.7858,1
7770,2,7.4,544.4,147.8,985.9,0.000,0.8948,1
7770,6,780.9,702.6,820.8,824.3,0.000,0.6472,1
7770,9,1777.5,700.8,1807.1,797.2,0.000,0.7016,1
7770,11,342.2,701.3,381.9,849.8,0.000,0.7864,1
7771,2,3.0,545.7,144.3,985.8,0.000,0.8949,1
7771,6,780.9,702.5,820.6,824.0,0.000,0.6472,1
7771,9,1776.6,703.0,1806.3,797.5,0.000,0.6998,1
7771,11,342.6,705.4,380.9,850.0,0.000,0.7863,1
7771,47,268.9,692.2,299.6,783.4,0.000,0.7224,1
7772,2,0.3,542.7,143.2,985.9,0.000,0.8951,1
7772,6,780.9,702.7,820.4,823.8,0.000,0.6470,1
7772,9,1776.4,699.6,1807.3,797.9,0.000,0.6995,1
7772,11,339.7,704.3,377.9,848.7,0.000,0.7861,1
7772,47,268.3,691.6,299.1,783.3,0.000,0.7225,1
7773,2,0.0,540.6,139.8,985.6,0.000,0.8951,1
7773,6,780.9,702.9,820.2,823.7,0.000,0.6468,1
7773,9,1776.9,697.6,1808.5,798.5,0.000,0.6997,1
7773,11,338.9,703.3,377.5,850.4,0.000,0.7868,1
7773,47,267.7,691.7,298.5,782.9,0.000,0.7224,1
7774,2,0.0,540.4,137.4,986.1,0.000,0.8952,1
7774,6,780.7,703.0,819.9,823.3,0.000,0.6463,1
7774,9,1776.2,696.9,1808.5,798.6,0.000,0.6999,1
7774,11,338.4,700.6,377.4,851.1,0.000,0.7876,1
7774,47,267.0,692.0,297.3,782.1,0.000,0.7219,1
7775,2,0.0,541.1,133.2,986.2,0.000,0.8953,1
7775,6,780.3,702.8,819.6,823.1,0.000,0.6459,1
7775,11,337.1,700.9,375.8,849.3,0.000,0.7875,1
7775,47,265.2,690.8,295.9,782.4,0.000,0.7221,1
7776,2,0.0,537.5,129.7,984.9,0.000,0.8952,1
7776,6,779.7,702.5,819.4,823.8,0.000,0.6462,1
7776,11,336.1,699.8,374.7,848.4,0.000,0.7874,1
7776,47,263.5,691.0,294.2,782.5,0.000,0.7223,1
7777,2,0.0,533.6,117.2,983.4,0.000,0.8950,1
7777,6,778.9,702.0,818.8,824.1,0.000,0.6468,1
7777,11,335.1,701.0,372.9,846.5,0.000,0.7866,1
7777,47,262.2,690.4,292.9,781.9,0.000,0.7224,1
7778,2,0.0,576.8,99.6,982.5,0.000,0.8949,1
7778,6,778.3,701.2,818.4,824.5,0.000,0.6476,1
7778,11,334.0,701.7,371.2,845.2,0.000,0.7857,1
7778,47,260.1,690.2,290.3,779.7,0.000,0.7217,1
7779,2,0.0,594.8,83.7,980.9,0.000,0.8950,1
7779,6,777.9,701.3,818.2,825.7,0.000,0.6491,1
7779,11,328.2,698.7,366.6,843.6,0.000,0.7850,1
7779,47,261.2,689.1,289.2,771.6,0.000,0.7177,1
7780,6,777.4,701.8,817.9,826.7,0.000,0.6506,1
7780,11,329.1,697.8,367.2,842.1,0.000,0.7841,1
7780,47,260.2,688.7,289.6,775.7,0.000,0.7174,1
7780,9,1770.4,704.5,1801.8,805.6,0.000,0.6999,1
7781,6,777.2,701.7,817.4,825.9,0.000,0.6512,1
7781,11,327.4,697.3,365.4,841.6,0.000,0.7835,1
7781,47,257.1,688.4,287.6,778.3,0.000,0.7181,1
7782,6,776.9,700.8,817.2,825.4,0.000,0.6517,1
7782,11,324.9,696.4,363.2,841.8,0.000,0.7833,1
7782,47,254.3,686.7,285.0,776.8,0.000,0.7181,1
7782,9,1769.8,709.2,1800.9,809.0,0.000,0.6999,1
7783,6,776.3,699.6,816.9,825.4,0.000,0.6524,1
7783,11,321.0,696.7,359.6,841.3,0.000,0.7831,1
7783,47,252.1,686.3,282.7,775.6,0.000,0.7179,1
7784,6,775.4,698.5,816.5,825.7,0.000,0.6534,1
7784,47,250.6,685.5,281.2,775.1,0.000,0.7178,1
7785,6,774.7,697.7,816.1,825.8,0.000,0.6544,1
7785,47,250.3,685.5,280.2,772.7,0.000,0.7166,1
7785,11,315.5,693.4,355.7,841.6,0.000,0.7831,1
7786,6,774.7,698.7,815.7,825.5,0.000,0.6547,1
7786,47,247.8,685.3,277.9,772.4,0.000,0.7161,1
7786,11,313.0,692.0,353.9,839.9,0.000,0.7831,1
7787,6,774.8,698.8,815.6,825.1,0.000,0.6547,1
7787,47,247.0,685.3,277.3,773.1,0.000,0.7160,1
7787,11,312.2,691.6,352.9,837.2,0.000,0.7831,1
7788,6,775.0,698.8,815.7,824.6,0.000,0.6544,1
7788,47,245.2,686.1,275.2,772.8,0.000,0.7156,1
7788,11,308.3,693.4,349.8,837.3,0.000,0.7831,1
7789,6,775.1,699.9,815.6,825.1,0.000,0.6543,1
7789,47,244.7,686.4,274.4,772.2,0.000,0.7151,1
7789,11,306.5,694.5,348.6,837.8,0.000,0.7831,1
7790,6,774.4,700.0,815.6,828.0,0.000,0.6563,1
7790,47,243.6,687.1,272.8,771.6,0.000,0.7145,1
7790,11,304.8,693.7,348.2,839.0,0.000,0.7831,1
7791,6,774.2,700.2,815.4,828.9,0.000,0.6580,1
7791,47,242.7,688.7,272.2,774.7,0.000,0.7153,1
7791,11,302.6,691.8,346.8,838.4,0.000,0.7831,1
7792,6,774.0,700.4,815.4,830.0,0.000,0.6600,1
7792,47,241.3,688.3,271.4,776.4,0.000,0.7165,1
7792,11,299.9,691.4,344.1,838.2,0.000,0.7831,1
7793,6,773.6,700.7,815.4,831.8,0.000,0.6628,1
7793,47,239.7,688.5,269.9,777.0,0.000,0.7177,1
7793,11,298.2,689.7,342.9,839.7,0.000,0.7831,1
7794,6,774.2,702.1,815.3,831.8,0.000,0.6642,1
7794,47,238.1,690.3,268.1,778.7,0.000,0.7192,1
7794,11,297.3,692.5,340.9,840.8,0.000,0.7831,1
7795,6,774.5,702.6,815.3,831.5,0.000,0.6651,1
7795,47,236.5,691.0,267.0,780.9,0.000,0.7212,1
7795,11,294.7,691.5,338.3,840.9,0.000,0.7831,1
7796,6,775.7,704.0,815.8,830.0,0.000,0.6644,1
7796,47,236.6,692.8,266.3,779.7,0.000,0.7219,1
7796,11,292.1,693.4,335.5,841.9,0.000,0.7831,1
7797,6,776.5,705.8,816.7,831.7,0.000,0.6649,1
7797,47,236.6,693.1,266.5,780.2,0.000,0.7227,1
7797,11,291.4,694.0,334.3,841.8,0.000,0.7831,1
7798,6,776.8,705.4,817.6,833.2,0.000,0.6662,1
7798,47,236.6,692.9,267.1,781.6,0.000,0.7240,1
7798,11,291.3,697.5,333.1,842.8,0.000,0.7831,1
7799,6,778.0,705.2,818.9,833.0,0.000,0.6668,1
7799,47,236.1,692.9,267.0,782.6,0.000,0.7254,1
7799,11,292.0,701.3,332.6,843.3,0.000,0.7831,1
7800,6,779.6,706.7,820.5,834.7,0.000,0.6682,1
7800,11,292.1,708.0,331.0,843.8,0.000,0.7864,1
7801,6,782.0,707.7,822.9,835.8,0.000,0.6694,1
7801,11,292.6,707.2,331.9,845.3,0.000,0.7869,1
7802,6,784.4,709.4,825.2,836.3,0.000,0.6701,1
7802,11,292.5,711.9,330.7,845.7,0.000,0.7868,1
7803,6,786.7,710.3,827.7,837.0,0.000,0.6709,1
7803,11,291.9,708.4,331.2,846.2,0.000,0.7874,1
7804,6,789.8,710.0,830.9,837.1,0.000,0.6713,1
7804,11,291.9,706.9,331.6,846.9,0.000,0.7881,1
7804,60,1843.2,720.6,1868.6,803.7,0.000,0.6862,1
7805,6,792.9,709.7,834.5,838.4,0.000,0.6725,1
7805,11,292.2,705.9,332.2,846.6,0.000,0.7885,1
7805,60,1849.0,713.8,1876.3,803.4,0.000,0.6868,1
7806,6,796.1,709.4,838.3,839.9,0.000,0.6742,1
7806,11,293.0,705.2,333.1,846.4,0.000,0.7888,1
7806,60,1854.5,707.3,1883.6,804.0,0.000,0.6893,1
7807,6,799.5,710.3,842.1,843.1,0.000,0.6771,1
7807,11,293.4,708.0,332.5,844.8,0.000,0.7881,1
7807,60,1860.4,701.9,1890.6,803.5,0.000,0.6931,1
7808,6,803.1,710.3,845.7,842.6,0.000,0.6784,1
7808,11,294.7,709.5,332.9,842.5,0.000,0.7868,1
7808,60,1867.4,709.5,1895.1,801.7,0.000,0.6923,1
7809,6,806.7,710.7,849.4,843.3,0.000,0.6797,1
7809,11,295.5,707.6,334.9,844.2,0.000,0.7868,1
7809,60,1875.3,712.3,1901.9,800.5,0.000,0.6917,1
7810,6,811.5,711.3,854.4,844.6,0.000,0.6811,1
7810,11,296.6,708.5,335.5,844.3,0.000,0.7865,1
7810,60,1881.8,712.7,1908.3,800.2,0.000,0.6915,1
7811,6,816.0,710.9,858.9,844.6,0.517,0.6780,1
7811,11,295.9,706.1,335.8,845.6,0.517,0.7847,1
7811,60,1889.2,710.3,1916.4,799.4,0.517,0.6893,1
7812,6,821.6,711.4,864.5,845.4,1.478,0.6697,1
7812,11,296.6,705.9,336.8,846.0,1.478,0.7796,1
7813,6,826.5,711.3,869.6,845.6,1.996,0.6607,1
7813,11,295.4,704.0,337.1,848.1,1.996,0.7756,1
7814,6,832.3,710.9,875.5,845.4,1.996,0.6537,1
7814,11,297.2,703.5,339.8,850.5,1.996,0.7739,1
7815,6,839.4,711.2,882.3,845.1,1.996,0.6475,1
7815,11,297.4,705.2,340.6,852.3,1.996,0.7731,1
7815,64,44.5,670.2,67.9,742.3,1.996,0.7065,1
7816,6,846.2,711.5,889.7,848.1,1.996,0.6442,1
7816,11,300.2,709.3,342.5,851.4,1.996,0.7717,1
7816,64,49.1,671.7,70.7,736.0,1.996,0.7011,1
7817,6,852.5,712.3,896.7,851.1,1.996,0.6426,1
7817,11,302.3,708.7,346.0,852.7,1.996,0.7714,1
7817,64,53.2,672.3,77.7,745.6,1.996,0.7002,1
7818,6,860.2,712.8,903.8,849.7,1.996,0.6394,1
7818,11,304.3,709.8,349.3,854.6,1.996,0.7718,1
7818,64,56.4,672.4,82.0,748.8,1.996,0.6998,1
7819,6,867.5,712.3,911.7,851.0,4.007,0.6237,1
7819,11,310.1,710.6,354.4,853.2,4.007,0.7628,1
7819,64,61.6,673.9,87.2,750.2,4.007,0.6875,1
7820,6,875.6,711.7,920.2,851.9,4.007,0.6135,1
7820,11,314.7,715.5,358.3,854.3,4.007,0.7594,1
7820,64,67.5,672.8,93.7,751.6,4.007,0.6805,1
7821,6,885.3,710.8,929.5,849.8,4.007,0.6024,1
7821,11,319.7,719.3,362.5,853.3,4.007,0.7559,1
7821,64,72.9,672.6,99.1,751.6,4.007,0.6744,1
7822,6,894.7,709.7,939.2,849.7,4.007,0.5928,1
7822,11,322.9,720.1,366.0,852.8,4.007,0.7531,1
7822,64,79.5,673.0,105.7,751.7,4.007,0.6692,1
7823,6,904.8,709.5,949.6,850.2,4.007,0.5847,1
7823,11,326.6,716.4,371.1,852.5,4.007,0.7502,1
7823,64,86.7,674.9,112.4,752.7,4.007,0.6648,1
7824,6,914.8,708.0,960.0,850.0,6.003,0.5619,1
7824,11,334.3,717.7,377.8,851.6,6.003,0.7383,1
7825,6,924.9,706.6,971.1,851.4,6.003,0.5459,1
7825,11,339.1,713.1,382.7,849.4,6.003,0.7297,1
7825,64,100.8,677.8,126.1,754.5,6.003,0.6648,1
7826,6,937.2,707.6,983.0,851.3,6.003,0.5301,1
7826,11,343.6,710.1,387.7,849.1,6.003,0.7226,1
7826,64,110.3,679.4,135.0,755.8,6.003,0.6648,1
7827,6,948.6,708.3,994.8,852.9,6.003,0.5170,1
7827,11,350.9,711.1,395.4,852.6,6.003,0.7189,1
7827,64,114.3,679.9,139.3,756.1,6.003,0.6648,1
7828,6,959.7,707.2,1006.9,855.1,6.003,0.5075,1
7828,11,353.0,711.9,398.7,855.4,6.003,0.7176,1
7828,64,124.3,683.1,148.8,758.2,6.003,0.6648,1
7829,6,971.5,705.7,1019.6,856.6,6.003,0.5004,1
7829,11,361.3,714.5,406.2,857.3,6.003,0.7172,1
7829,64,132.2,684.1,157.2,760.6,6.003,0.6648,1
7830,6,984.3,706.8,1032.1,857.5,6.003,0.4935,0
7830,11,369.0,712.5,414.8,858.9,6.003,0.7170,1
7830,64,141.3,685.0,165.9,761.6,6.003,0.6648,1
7831,6,996.9,706.9,1045.0,858.2,6.003,0.4872,0
7831,11,376.1,713.9,422.1,860.9,6.003,0.7179,1
7831,64,148.8,684.6,174.1,763.9,6.003,0.6648,1
7832,6,1010.5,706.0,1059.0,858.2,6.003,0.4807,0
7832,64,156.6,684.6,182.5,765.9,6.003,0.6648,1
7833,6,1024.5,705.4,1072.9,857.7,6.003,0.4733,0
7833,64,165.2,686.9,190.8,767.2,6.003,0.6648,1
7833,11,393.7,716.7,438.0,857.3,6.003,0.7179,1
7834,6,1038.8,704.2,1087.5,857.6,6.003,0.4666,0
7834,64,173.8,687.1,199.6,768.4,6.003,0.6648,1
7834,11,401.3,715.9,447.1,861.4,6.003,0.7179,1
7835,6,1053.6,704.6,1101.9,857.7,7.998,0.4430,0
7835,64,182.5,688.6,208.7,770.5,7.998,0.6648,1
7835,11,408.6,717.1,454.3,863.9,7.998,0.7179,1
7836,6,1068.1,703.2,1116.9,858.2,7.998,0.4239,0
7836,64,192.1,691.1,217.9,771.6,7.998,0.6648,1
7836,11,416.1,717.4,462.3,865.4,7.998,0.7179,1
7837,6,1084.3,703.9,1132.8,857.8,7.998,0.4046,0
7837,65,144.8,694.9,166.2,758.7,7.998,0.5258,1
7837,64,201.3,693.3,227.1,773.1,7.998,0.6648,1
7837,11,422.0,716.9,468.8,867.7,7.998,0.7179,1
7838,6,1100.4,704.8,1149.1,859.4,7.998,0.3873,0
7838,65,153.4,696.5,174.6,760.3,7.998,0.5149,1
7838,64,209.7,696.0,236.1,776.4,7.998,0.6648,1
7838,11,431.2,720.1,476.6,868.4,7.998,0.7179,1
7839,6,1116.8,703.7,1165.8,859.1,7.998,0.3708,0
7839,65,163.2,697.3,184.8,762.1,7.998,0.5056,1
7839,64,221.6,698.1,248.3,779.4,7.998,0.6648,1
7839,11,443.4,733.6,485.4,870.0,7.998,0.7179,1
7840,6,1133.6,702.8,1182.8,858.6,7.998,0.3559,0
7840,65,173.7,700.5,194.9,763.7,7.998,0.4976,0
7840,64,231.1,699.8,257.8,780.7,7.998,0.5202,1
7841,6,1150.8,700.6,1200.4,858.5,7.998,0.3422,0
7841,65,183.8,701.8,204.5,763.0,7.998,0.4892,0
7841,64,243.4,700.9,270.2,782.1,7.998,0.5144,1
7841,11,463.4,725.4,508.7,872.2,7.998,0.7179,1
7842,6,1167.6,697.4,1218.0,858.3,7.998,0.3302,0
7842,65,193.6,705.0,214.2,765.4,7.998,0.4822,0
7842,64,254.7,703.1,281.2,783.1,7.998,0.5085,1
7842,11,476.5,726.3,521.3,870.7,7.998,0.7179,1
7843,6,1185.5,694.5,1236.2,856.8,7.998,0.3182,0
7843,65,202.3,702.3,224.2,766.5,7.998,0.4762,0
7843,64,265.6,702.0,292.6,783.6,7.998,0.5030,1
7843,11,472.4,722.1,521.8,870.2,7.998,0.7179,1
7844,6,1202.9,692.6,1254.2,857.2,7.998,0.3078,0
7844,65,213.7,704.9,235.2,767.5,7.998,0.4701,0
7844,64,276.4,701.3,303.9,784.4,7.998,0.4979,0
7844,11,489.8,721.7,540.2,873.5,7.998,0.7179,1
7845,6,1220.3,690.6,1272.0,856.9,7.998,0.2979,0
7845,65,223.0,706.5,244.7,769.5,7.998,0.4650,0
7845,64,287.4,702.4,315.3,786.0,7.998,0.4933,0
7845,11,499.2,722.1,550.8,875.0,7.998,0.7179,1
7846,6,1238.3,690.1,1290.1,857.3,7.998,0.2888,0
7846,65,234.7,710.8,256.1,772.4,7.998,0.4600,0
7846,64,298.8,704.2,327.3,789.4,7.998,0.4899,0
7846,11,507.3,722.7,560.2,878.6,7.998,0.7179,1
7847,6,1257.4,690.1,1309.0,857.4,7.998,0.2803,0
7847,65,245.5,714.8,267.6,778.1,7.998,0.4572,0
7847,64,309.7,708.5,338.0,792.8,7.998,0.4869,0
7847,11,521.6,726.9,573.1,879.6,7.998,0.7179,1
7848,6,1276.2,688.5,1328.2,857.8,7.998,0.2736,0
7848,65,257.1,718.4,279.4,781.9,7.998,0.4551,0
7848,64,322.9,714.1,350.5,796.1,7.998,0.4837,0
7848,11,534.5,734.1,585.1,884.1,7.998,0.7179,1
7849,6,1296.0,687.8,1347.9,858.4,7.998,0.2684,0
7849,65,269.1,721.6,291.6,785.1,7.998,0.4532,0
7849,64,335.2,716.9,362.6,798.3,7.998,0.4809,0
7849,11,545.8,735.4,597.2,887.4,7.998,0.7179,1
7850,6,1316.4,686.7,1368.5,859.0,7.998,0.2649,0
7850,65,281.7,725.0,304.0,787.0,7.998,0.4514,0
7850,64,348.0,719.8,376.1,803.1,7.998,0.4810,0
7850,11,559.4,738.1,610.9,890.4,7.998,0.7179,1
7851,6,1337.4,686.9,1389.5,859.7,7.998,0.2659,0
7851,65,293.5,728.7,315.6,789.5,7.998,0.4517,0
7851,64,360.7,719.5,389.9,805.7,7.998,0.4823,0
7851,11,566.4,737.5,620.8,893.8,7.998,0.7179,1
7852,6,1358.2,684.9,1410.7,859.3,7.998,0.2680,0
7852,65,307.0,730.4,328.4,789.5,7.998,0.4506,0
7852,64,375.4,721.6,404.9,807.3,7.998,0.4834,0
7852,11,578.7,738.3,634.4,895.6,7.998,0.7179,1
7853,6,1380.2,682.7,1432.8,858.1,10.010,0.2527,0
7853,65,319.0,729.5,341.4,791.2,10.010,0.4309,0
7853,64,388.7,722.6,418.7,808.8,10.010,0.4675,0
7853,11,591.1,737.5,648.7,896.3,10.010,0.7179,1
7854,6,1401.7,679.8,1454.9,857.9,10.010,0.2405,0
7854,65,333.2,731.2,355.0,790.3,10.010,0.4135,0
7854,64,404.7,723.6,434.7,809.7,10.010,0.4555,0
7854,11,606.6,739.2,664.2,896.5,10.010,0.7179,1
7855,6,1423.9,678.1,1476.9,857.0,10.010,0.2284,0
7855,65,346.3,733.3,368.4,792.8,10.010,0.3992,0
7855,64,419.1,725.5,449.4,811.9,10.010,0.4455,0
7855,11,620.1,737.5,677.5,892.3,10.010,0.7179,1
7856,6,1445.0,676.2,1498.5,857.4,10.010,0.2185,0
7856,65,359.5,735.4,382.3,796.6,10.010,0.3888,0
7856,64,433.2,727.9,463.4,813.6,10.010,0.4369,0
7856,11,635.9,738.4,693.1,893.7,10.010,0.7052,1
7857,6,1467.5,673.7,1521.2,856.7,10.010,0.2102,0
7857,65,374.1,736.9,396.4,796.7,10.010,0.3779,0
7857,64,447.7,730.6,478.0,815.6,10.010,0.4299,0
7857,11,648.4,738.3,707.3,897.6,10.010,0.7052,1
7858,6,1489.7,671.4,1544.0,857.6,10.010,0.2045,0
7858,65,386.1,737.1,409.6,799.9,10.010,0.3703,0
7858,64,461.9,730.2,493.2,816.9,10.010,0.4233,0
7858,11,666.3,736.6,724.7,895.8,10.010,0.7013,1
7859,6,1512.8,668.4,1567.1,855.8,10.010,0.1998,0
7859,65,401.0,738.0,424.2,799.7,10.010,0.3615,0
7859,64,477.0,730.3,508.6,818.1,10.010,0.4172,0
7859,11,681.6,738.4,738.3,893.3,10.010,0.6963,1
7860,6,1536.0,663.4,1590.9,854.1,10.010,0.1973,0
7860,65,413.8,738.5,436.4,798.1,10.010,0.3509,0
7860,64,491.1,727.4,523.7,817.8,10.010,0.4094,0
7860,11,691.8,740.2,749.8,897.1,10.010,0.6967,1
7861,6,1559.3,658.1,1614.3,850.7,10.010,0.1963,0
7861,65,427.1,738.1,450.1,798.2,10.010,0.3399,0
7861,64,506.3,725.5,539.2,816.6,10.010,0.3993,0
7861,11,705.4,736.1,766.3,898.2,10.010,0.6948,1
7862,6,1582.7,653.5,1637.5,847.6,10.010,0.1968,0
7862,65,440.6,738.0,463.8,797.4,10.010,0.3273,0
7862,64,521.9,724.8,555.4,817.5,10.010,0.3893,0
7862,11,717.1,734.4,779.4,899.4,10.010,0.6934,1
7863,6,1606.6,648.4,1661.5,844.5,10.010,0.1998,0
7863,65,456.1,737.6,479.8,798.1,10.010,0.3143,0
7863,64,537.9,725.0,571.6,819.0,10.010,0.3798,0
7863,11,734.2,731.3,798.0,900.9,10.010,0.6918,1
7864,6,1630.0,643.4,1685.4,843.1,10.010,0.2059,0
7864,65,471.2,739.3,495.5,801.3,10.010,0.3040,0
7864,64,552.5,725.9,586.1,819.7,10.010,0.3703,0
7864,11,751.2,732.3,814.9,902.0,10.010,0.6908,1
7865,6,1654.3,638.5,1709.2,838.2,10.010,0.2132,0
7865,65,483.8,741.3,507.1,800.8,10.010,0.2924,0
7865,64,567.7,727.1,601.7,821.3,10.010,0.3621,0
7865,11,767.4,733.0,831.2,902.5,10.010,0.6895,1
7865,132,720.2,736.5,759.5,845.6,10.010,0.4135,0
7866,6,1678.4,634.8,1733.3,836.5,10.010,0.2238,0
7866,65,499.1,740.8,523.4,803.3,10.010,0.2825,0
7866,64,584.1,728.2,618.2,822.6,10.010,0.3537,0
7866,11,782.7,732.8,847.7,905.1,10.010,0.6902,1
7866,132,735.4,735.4,774.8,844.8,10.010,0.4047,0
7867,6,1702.6,630.6,1757.3,833.6,10.010,0.2372,0
7867,65,515.5,740.5,540.1,804.3,10.010,0.2724,0
7867,64,600.3,730.1,634.0,823.9,10.010,0.3458,0
7867,11,802.5,732.6,866.8,904.8,10.010,0.6888,1
7867,132,750.7,735.4,791.1,847.2,10.010,0.3962,0
7868,6,1726.2,625.7,1780.8,830.9,10.010,0.2540,0
7868,65,529.2,740.3,554.1,804.3,10.010,0.2619,0
7868,64,614.5,730.8,648.4,824.6,10.010,0.3377,0
7868,11,821.0,734.1,884.6,906.0,10.010,0.6883,1
7868,132,766.8,734.5,807.3,846.9,10.010,0.3859,0
7869,6,1749.3,620.1,1803.5,824.7,10.010,0.2800,0
7869,65,544.3,739.7,569.4,804.3,10.010,0.2525,0
7869,64,628.4,731.0,662.9,824.5,10.010,0.3297,0
7869,11,833.2,730.4,898.7,906.8,10.010,0.6873,1
7869,132,784.9,733.3,823.7,840.9,10.010,0.3658,0
7870,6,1772.8,613.7,1827.7,823.4,10.010,0.3113,0
7870,65,557.3,740.1,582.0,803.6,10.010,0.2421,0
7870,64,644.3,728.6,680.0,825.6,10.010,0.3215,0
7870,11,854.5,729.8,918.7,906.2,10.010,0.6842,1
7870,132,798.9,733.7,841.6,852.5,10.010,0.3649,0
7871,65,572.5,737.5,597.6,801.4,10.010,0.2286,0
7871,64,659.7,726.8,695.6,823.6,10.010,0.3097,0
7871,11,872.3,735.3,932.6,899.3,10.010,0.6748,1
7871,132,816.9,731.2,857.6,844.9,10.010,0.3473,0
7872,65,588.9,737.1,613.9,800.5,10.010,0.2136,0
7872,64,673.9,724.1,710.8,821.9,10.010,0.2958,0
7872,11,889.1,735.0,949.6,898.3,10.010,0.6664,1
7872,132,833.8,729.3,873.4,840.8,10.010,0.3240,0
7872,6,1824.3,602.6,1876.7,810.1,10.010,0.3113,0
7873,65,600.4,736.5,625.3,800.3,10.010,0.1990,0
7873,64,690.9,723.4,728.0,822.0,10.010,0.2812,0
7873,11,905.7,720.7,969.7,895.6,10.010,0.6533,1
7873,132,848.1,728.0,888.6,843.5,10.010,0.3043,0
7873,6,1850.6,598.1,1900.2,803.1,10.010,0.3113,0
7874,65,615.8,734.6,641.5,800.2,12.006,0.1744,0
7874,64,707.4,722.5,745.0,822.2,12.006,0.2546,0
7874,11,922.7,713.7,988.5,894.6,12.006,0.6293,1
7874,132,865.0,725.9,904.4,839.4,12.006,0.2641,0
7875,65,629.1,735.2,653.6,798.5,12.006,0.1522,0
7875,64,724.2,720.1,762.6,822.1,12.006,0.2300,0
7875,11,941.5,712.9,1006.0,890.6,12.006,0.6047,1
7875,132,880.4,725.3,919.6,838.9,12.006,0.2280,0
7876,65,644.1,734.3,670.4,802.6,12.006,0.1346,0
7876,64,741.0,720.5,779.5,823.5,12.006,0.2069,0
7876,11,959.4,711.1,1024.2,890.4,12.006,0.5819,1
7876,132,895.5,727.2,934.4,840.0,12.006,0.1951,0
7877,65,659.3,735.3,685.5,803.5,12.006,0.1191,0
7877,64,757.7,720.7,796.7,825.5,12.006,0.1859,0
7877,11,977.2,709.5,1042.1,888.5,12.006,0.5577,1
7877,132,913.0,727.0,948.1,828.4,12.006,0.1566,0
7878,65,672.0,734.9,698.3,803.7,12.006,0.1058,0
7878,64,775.2,720.4,814.3,825.9,12.006,0.1660,0
7878,11,994.8,707.3,1061.0,889.1,12.006,0.5354,1
7878,132,929.6,725.8,963.1,821.7,12.006,0.1229,0
7879,65,687.3,734.2,714.1,804.4,12.006,0.0943,0
7879,64,793.0,720.1,831.9,825.9,12.006,0.1473,0
7879,11,1012.1,700.6,1080.8,889.4,12.006,0.5147,1
7880,65,703.1,733.5,729.6,802.5,12.006,0.0835,0
7880,64,811.7,720.7,850.4,825.8,12.006,0.1297,0
7880,11,1039.9,708.4,1104.2,887.4,12.006,0.4887,0
7880,132,959.0,722.0,996.5,828.3,12.006,0.1229,0
7881,65,719.0,733.7,745.6,802.8,12.006,0.0744,0
7881,64,829.1,720.0,868.0,825.7,12.006,0.1137,0
7881,11,1051.7,701.5,1119.6,888.8,12.006,0.4686,0
7881,132,975.4,720.0,1012.3,820.4,12.006,0.1229,0
7882,65,734.7,733.2,761.2,802.7,12.006,0.0663,0
7882,64,847.0,719.8,885.8,825.2,12.006,0.0992,0
7882,11,1068.3,700.5,1137.0,887.9,12.006,0.4464,0
7882,132,991.7,717.5,1029.8,819.1,12.006,0.1229,0
7883,65,749.5,731.5,776.6,801.8,12.006,0.0593,0
7883,64,863.2,717.9,902.8,825.8,12.006,0.0872,0
7883,11,1085.1,693.6,1157.2,889.0,12.006,0.4280,0
7883,132,1003.6,716.2,1045.9,827.0,12.006,0.1229,0
7884,65,762.6,730.7,790.2,802.8,12.006,0.0536,0
7884,64,879.0,717.5,919.1,826.7,12.006,0.0771,0
7884,11,1108.7,689.9,1182.0,891.5,12.006,0.4120,0
7884,132,1020.5,715.1,1062.1,822.7,12.006,0.1229,0
7885,65,778.3,730.5,805.8,802.5,12.006,0.0486,0
7885,64,896.6,715.5,936.9,825.2,12.006,0.0682,0
7885,11,1121.2,687.2,1196.9,892.2,12.006,0.3969,0
7885,132,1034.7,714.2,1077.9,823.2,12.006,0.1229,0
7886,65,792.3,729.7,819.2,800.5,14.001,0.0423,0
7886,64,914.2,713.5,955.0,824.4,14.001,0.0579,0
7886,11,1140.7,684.8,1217.8,892.8,14.001,0.3654,0
7886,132,1050.0,711.4,1096.3,826.8,14.001,0.1229,0
7887,65,807.6,728.5,834.3,799.3,14.001,0.0375,0
7887,64,931.1,712.3,972.5,824.8,14.001,0.0502,0
7887,11,1164.9,681.8,1241.4,890.3,14.001,0.3330,0
7887,132,1067.1,710.8,1111.0,818.4,14.001,0.1229,0
7888,65,821.8,728.4,848.4,798.7,14.001,0.0335,0
7888,64,948.4,708.7,991.0,824.7,14.001,0.0442,0
7888,11,1189.4,692.2,1262.2,890.3,14.001,0.2987,0
7888,132,1084.6,709.9,1127.9,814.3,14.001,0.1229,0
7889,65,837.0,728.0,864.2,800.1,14.001,0.0304,0
7889,64,964.3,706.8,1007.3,824.8,14.001,0.0395,0
7889,11,1211.0,690.2,1284.1,890.0,14.001,0.2668,0
7889,132,1099.9,708.1,1147.1,821.6,14.001,0.1229,0
7890,65,850.7,728.2,878.8,802.5,14.001,0.0281,0
7890,64,980.8,706.2,1024.4,826.9,14.001,0.0361,0
7890,11,1229.7,687.4,1304.2,891.4,14.001,0.2398,0
7890,132,1117.4,709.7,1162.3,817.0,14.001,0.1229,0
7891,65,863.5,729.6,891.3,803.7,14.001,0.0262,0
7891,64,997.5,706.4,1041.7,828.8,14.001,0.0333,0
7891,11,1248.7,690.4,1322.3,891.8,14.001,0.2148,0
7891,132,1133.2,710.6,1181.3,825.3,14.001,0.1229,0
7892,65,878.0,730.7,906.3,806.7,14.001,0.0246,0
7892,64,1013.9,706.4,1058.6,830.6,14.001,0.0311,0
7892,11,1266.1,688.3,1340.3,891.1,14.001,0.1917,0
7892,132,1149.4,711.9,1198.8,828.3,14.001,0.1229,0
7893,65,891.0,732.1,918.7,806.4,14.001,0.0231,0
7893,64,1030.3,707.0,1075.7,833.3,14.001,0.0292,0
7893,11,1282.8,683.0,1359.7,892.8,14.001,0.1731,0
7893,132,1166.9,710.4,1216.6,826.9,14.001,0.1229,0
7894,65,904.2,731.5,932.5,807.2,14.001,0.0219,0
7894,64,1047.4,708.3,1092.7,834.4,14.001,0.0277,0
7894,11,1301.2,680.0,1379.0,891.6,14.001,0.1557,0
7894,132,1181.9,711.5,1231.7,827.6,14.001,0.1229,0
7895,65,916.3,732.6,942.3,803.3,14.001,0.0206,0
7895,64,1062.9,708.9,1108.7,835.1,14.001,0.0263,0
7895,11,1320.7,679.6,1399.7,893.1,14.001,0.1416,0
7895,132,1198.0,709.9,1247.8,826.1,14.001,0.0180,0
7896,65,930.3,732.4,957.6,806.4,14.001,0.0197,0
7896,64,1077.7,709.0,1124.6,837.3,14.001,0.0253,0
7896,11,1337.8,678.3,1418.7,895.6,14.001,0.1311,0
7896,132,1214.1,708.1,1265.3,827.6,14.001,0.0175,0
7897,65,944.3,732.4,971.1,805.0,14.001,0.0188,0
7897,64,1094.2,708.9,1142.2,838.8,14.001,0.0245,0
7897,11,1358.0,676.4,1440.4,895.9,14.001,0.1218,0
7897,132,1227.8,708.4,1280.8,833.5,14.001,0.0173,0
7898,65,957.1,733.3,984.7,807.5,14.001,0.0181,0
7898,64,1111.2,708.8,1159.8,838.9,14.001,0.0237,0
7898,11,1374.1,675.2,1458.2,900.9,14.001,0.1162,0
7898,132,1245.5,707.5,1296.3,827.2,14.001,0.0169,0
7899,65,971.2,734.1,998.6,808.3,14.001,0.0175,0
7899,64,1127.4,708.6,1177.5,841.3,14.001,0.0231,0
7899,11,1395.9,672.2,1481.7,901.2,14.001,0.1114,0
7899,132,1262.6,706.4,1310.7,819.8,14.001,0.0163,0
7900,65,981.8,732.8,1010.2,809.6,14.001,0.0170,0
7900,64,1142.1,708.0,1193.9,842.7,14.001,0.0226,0
7900,11,1414.7,668.6,1502.8,905.6,14.001,0.1095,0
7900,132,1277.9,706.8,1327.1,823.6,14.001,0.0160,0
7900,309,1192.6,711.8,1235.7,836.4,14.001,0.0184,0
7900,313,1051.8,722.6,1086.8,808.4,14.001,0.0158,0
7901,65,993.0,731.3,1021.9,809.3,14.001,0.0165,0
7901,64,1159.1,707.3,1212.5,845.3,14.001,0.0223,0
7901,11,1432.6,668.6,1520.1,907.1,14.001,0.1084,0
7901,132,1292.2,705.7,1341.0,821.8,14.001,0.0157,0
7901,309,1208.9,712.0,1251.8,837.3,14.001,0.0181,0
7901,313,1064.7,722.1,1100.7,811.4,14.001,0.0155,0
7902,65,1004.4,731.7,1033.9,811.5,14.001,0.0163,0
7902,64,1173.4,705.7,1228.2,846.7,14.001,0.0222,0
7902,11,1454.6,667.9,1544.6,911.7,14.001,0.1117,0
7902,132,1307.0,704.7,1355.6,821.0,14.001,0.0154,0
7902,309,1224.0,711.3,1267.5,840.0,14.001,0.0180,0
7902,313,1077.7,723.3,1113.1,812.5,14.001,0.0153,0
7903,65,1017.4,731.5,1047.6,813.6,14.001,0.0161,0
7903,64,1191.0,703.9,1247.1,848.4,14.001,0.0222,0
7903,11,1477.2,667.1,1568.7,915.3,14.001,0.1174,0
7903,132,1322.8,705.3,1372.6,825.8,14.001,0.0153,0
7903,309,1240.9,712.7,1283.2,839.1,14.001,0.0178,0
7903,313,1091.9,723.7,1127.3,814.1,14.001,0.0151,0
7904,65,1028.1,733.8,1057.2,812.8,14.001,0.0158,0
7904,64,1209.2,702.8,1266.1,849.8,14.001,0.0222,0
7904,11,1499.3,659.9,1594.3,918.3,14.001,0.1265,0
7904,132,1339.7,704.6,1389.2,826.6,14.001,0.0153,0
7904,309,1258.0,712.7,1299.8,840.2,14.001,0.0177,0
7904,313,1105.6,724.5,1140.6,815.1,14.001,0.0149,0
7905,65,1039.0,733.8,1068.9,814.8,14.001,0.0156,0
7905,64,1226.3,703.0,1283.4,851.9,14.001,0.0223,0
7905,11,1517.1,662.5,1610.3,919.8,14.001,0.1363,0
7905,132,1354.1,703.7,1404.9,830.7,14.001,0.0153,0
7905,309,1273.6,712.8,1316.1,843.2,14.001,0.0177,0
7905,313,1117.9,725.0,1153.1,816.9,14.001,0.0148,0
7906,65,1049.2,735.3,1079.4,816.7,14.001,0.0154,0
7906,64,1244.0,703.6,1300.8,854.0,14.001,0.0224,0
7906,11,1540.6,659.9,1634.8,921.6,14.001,0.1479,0
7906,132,1369.9,705.4,1421.5,835.6,14.001,0.0154,0
7906,309,1290.1,712.5,1332.7,844.5,14.001,0.0176,0
7906,313,1131.2,724.5,1166.8,818.2,14.001,0.0147,0
7907,65,1060.4,737.5,1090.7,819.1,15.997,0.0150,0
7907,64,1260.5,701.6,1318.2,856.1,15.997,0.0218,0
7907,11,1559.6,656.6,1656.5,929.3,15.997,0.1534,0
7907,132,1383.9,704.6,1435.5,837.8,15.997,0.0151,0
7907,309,1306.3,712.0,1348.7,846.3,15.997,0.0172,0
7907,313,1143.8,725.0,1179.2,819.7,15.997,0.0143,0
7908,65,1070.5,738.0,1100.8,819.8,15.997,0.0146,0
7908,64,1278.9,700.8,1337.7,858.1,15.997,0.0216,0
7908,11,1581.6,654.5,1679.2,929.9,15.997,0.1597,0
7908,132,1397.6,705.1,1448.7,838.2,15.997,0.0149,0
7908,309,1325.4,712.6,1368.2,848.2,15.997,0.0169,0
7908,313,1155.5,724.8,1191.0,821.0,15.997,0.0140,0
7909,65,1080.3,739.2,1110.9,821.7,15.997,0.0144,0
7909,64,1296.3,701.1,1356.4,860.3,15.997,0.0213,0
7909,11,1595.6,642.5,1698.6,940.5,15.997,0.1734,0
7909,132,1410.6,704.3,1462.1,841.0,15.997,0.0148,0
7909,309,1339.9,710.7,1383.4,850.4,15.997,0.0168,0
7909,313,1167.8,725.0,1203.2,821.8,15.997,0.0138,0
7910,65,1089.7,739.0,1121.0,822.9,15.997,0.0142,0
7910,64,1314.1,701.1,1377.0,863.0,15.997,0.0211,0
7910,11,1610.3,636.7,1721.7,959.2,15.997,0.2010,0
7910,132,1424.8,704.3,1476.2,840.9,15.997,0.0147,0
7910,309,1355.2,710.7,1398.4,851.9,15.997,0.0167,0
7910,313,1180.8,724.3,1216.6,823.9,15.997,0.0137,0
7910,349,1384.2,714.0,1424.5,848.0,15.997,0.0154,0
7911,65,1099.0,738.9,1130.4,822.6,15.997,0.0140,0
7911,64,1329.2,700.6,1394.4,864.1,15.997,0.0210,0
7911,11,1638.0,631.1,1745.1,943.3,15.997,0.2168,0
7911,132,1439.6,704.7,1490.3,841.4,15.997,0.0146,0
7911,309,1372.5,710.0,1416.1,854.3,15.997,0.0166,0
7911,313,1191.4,723.6,1227.6,825.4,15.997,0.0135,0
7911,349,1399.8,713.3,1440.3,848.9,15.997,0.0153,0
7912,65,1109.0,738.7,1140.4,822.7,15.997,0.0138,0
7912,64,1344.0,700.7,1411.0,865.0,15.997,0.0208,0
7912,11,1655.6,626.4,1763.7,947.4,15.997,0.2375,0
7912,132,1453.4,704.1,1504.2,841.9,15.997,0.0145,0
7912,309,1389.8,708.2,1432.2,851.0,15.997,0.0164,0
7912,313,1204.1,724.3,1240.0,825.6,15.997,0.0134,0
7912,349,1415.2,711.3,1456.1,849.3,15.997,0.0152,0
7913,65,1118.2,737.7,1150.2,823.3,15.997,0.0136,0
7913,64,1359.2,699.5,1428.4,865.4,15.997,0.0206,0
7913,11,1678.3,620.5,1788.1,948.2,15.997,0.2589,0
7913,132,1467.2,703.4,1518.3,843.4,15.997,0.0144,0
7913,313,1215.2,724.8,1251.2,826.8,15.997,0.0132,0
7913,349,1428.4,710.0,1470.0,849.6,15.997,0.0152,0
7914,65,1126.8,737.5,1159.0,823.7,15.997,0.0135,0
7914,64,1373.6,694.2,1446.3,866.2,15.997,0.0204,0
7914,11,1699.1,616.0,1806.8,944.1,15.997,0.2762,0
7914,132,1480.3,700.3,1532.6,844.1,15.997,0.0144,0
7914,313,1226.0,724.4,1261.9,827.4,15.997,0.0131,0
7914,349,1445.4,707.3,1487.6,849.0,15.997,0.0151,0
7914,309,1433.2,705.6,1476.3,850.2,15.997,0.0164,0
7915,65,1136.0,736.7,1168.5,823.1,15.997,0.0133,0
7915,64,1387.9,689.9,1463.3,867.6,15.997,0.0204,0
7915,11,1722.3,610.9,1832.6,945.7,15.997,0.2951,0
7915,132,1494.6,699.6,1546.4,842.4,15.997,0.0144,0
7915,313,1237.1,721.1,1274.0,827.3,15.997,0.0130,0
7915,349,1460.6,705.4,1504.1,850.3,15.997,0.0151,0
7916,65,1144.2,736.4,1176.9,823.5,15.997,0.0132,0
7916,64,1406.0,686.2,1482.4,868.1,15.997,0.0203,0
7916,11,1735.1,605.7,1847.5,950.3,15.997,0.3170,0
7916,132,1507.5,697.3,1560.6,844.6,15.997,0.0144,0
7916,313,1248.3,721.0,1285.8,827.8,15.997,0.0129,0
7916,349,1473.8,704.3,1517.9,850.9,15.997,0.0150,0
7917,65,1152.7,738.0,1185.6,825.3,15.997,0.0130,0
7917,64,1425.2,684.3,1502.3,870.7,15.997,0.0203,0
7917,11,1758.6,602.3,1873.8,951.9,15.997,0.3389,0
7917,132,1519.6,697.0,1573.1,846.9,15.997,0.0144,0
7917,313,1260.6,721.1,1299.8,830.6,15.997,0.0129,0
7917,349,1490.1,702.9,1534.7,852.1,15.997,0.0150,0
7918,65,1161.0,737.8,1195.1,828.2,15.997,0.0129,0
7918,64,1446.1,683.3,1523.7,874.2,15.997,0.0204,0
7918,11,1783.1,601.4,1903.4,969.7,15.997,0.3739,0
7918,132,1533.6,696.1,1585.3,842.4,15.997,0.0143,0
7918,313,1267.8,721.1,1307.2,832.5,15.997,0.0128,0
7918,349,1508.7,703.2,1554.7,856.7,15.997,0.0150,0
7919,65,1168.0,739.0,1202.0,828.8,18.009,0.0126,0
7919,64,1468.1,681.7,1545.0,877.1,18.009,0.0199,0
7919,11,1799.6,598.7,1918.7,966.3,18.009,0.3830,0
7919,132,1546.4,693.9,1599.8,849.0,18.009,0.0140,0
7919,313,1281.6,721.1,1322.9,834.7,18.009,0.0126,0
7919,349,1523.9,702.7,1569.9,858.6,18.009,0.0147,0
7920,65,1175.8,741.0,1209.1,829.1,18.009,0.0124,0
7920,64,1489.1,675.5,1567.4,880.1,18.009,0.0198,0
7920,11,1819.7,592.8,1920.0,967.9,18.009,0.3957,0
7920,132,1554.1,693.2,1609.2,855.0,18.009,0.0140,0
7920,313,1292.0,721.5,1335.0,836.6,18.009,0.0124,0
7921,65,1182.2,740.9,1216.0,830.6,18.009,0.0123,0
7921,64,1509.8,672.8,1588.6,883.9,18.009,0.0197,0
7921,11,1835.2,595.1,1920.0,963.2,18.009,0.4006,0
7921,132,1566.3,692.8,1621.0,857.0,18.009,0.0139,0
7921,313,1297.3,722.2,1339.6,837.9,18.009,0.0123,0
7921,393,1154.4,735.8,1183.5,819.3,18.009,0.0118,0
7922,65,1189.4,740.3,1224.2,832.1,18.009,0.0121,0
7922,64,1529.8,669.8,1609.2,886.6,18.009,0.0198,0
7922,132,1580.7,691.7,1635.4,859.5,18.009,0.0139,0
7922,313,1309.8,721.2,1353.3,838.4,18.009,0.0122,0
7922,393,1161.7,733.3,1191.9,819.4,18.009,0.0117,0
7923,65,1196.5,740.1,1231.5,832.4,18.009,0.0120,0
7923,64,1550.3,665.6,1630.4,886.9,18.009,0.0201,0
7923,313,1318.1,720.5,1361.9,838.7,18.009,0.0122,0
7923,393,1169.0,731.5,1199.8,820.0,18.009,0.0116,0
7924,65,1203.5,740.2,1238.3,832.5,18.009,0.0120,0
7924,64,1571.1,662.2,1652.5,887.4,18.009,0.0203,0
7924,313,1328.3,718.0,1372.9,839.3,18.009,0.0121,0
7924,393,1175.6,732.3,1206.6,820.7,18.009,0.0115,0
7925,65,1211.0,737.6,1246.9,832.8,18.009,0.0119,0
7925,64,1591.6,659.8,1674.6,888.5,18.009,0.0207,0
7925,313,1337.5,716.4,1382.7,838.9,18.009,0.0121,0
7925,393,1182.4,731.1,1214.1,820.0,18.009,0.0114,0
7926,65,1218.2,736.3,1254.4,831.9,18.009,0.0118,0
7926,64,1612.2,657.6,1696.9,888.7,18.009,0.0210,0
7926,313,1347.4,713.2,1393.7,839.0,18.009,0.0121,0
7926,393,1188.6,729.4,1221.0,819.8,18.009,0.0113,0
7927,65,1224.8,735.2,1261.1,831.0,18.009,0.0117,0
7927,64,1632.8,653.6,1720.7,890.5,18.009,0.0215,0
7927,313,1357.0,710.3,1403.8,838.1,18.009,0.0121,0
7927,393,1194.3,730.4,1226.3,819.4,18.009,0.0112,0
7928,65,1232.5,732.9,1269.7,831.1,18.009,0.0116,0
7928,64,1654.1,648.1,1745.5,891.0,18.009,0.0220,0
7928,313,1369.7,707.6,1416.1,836.7,18.009,0.0120,0
7928,393,1200.6,727.8,1233.6,818.6,18.009,0.0112,0
7929,65,1239.6,732.2,1277.0,830.3,18.009,0.0116,0
7929,64,1674.7,641.7,1767.8,889.9,18.009,0.0226,0
7929,313,1381.6,705.0,1427.8,835.2,18.009,0.0120,0
7929,393,1206.2,723.2,1240.1,816.0,18.009,0.0111,0
7930,65,1245.6,729.5,1283.9,829.6,18.009,0.0115,0
7930,64,1701.5,635.8,1795.8,890.3,18.009,0.0233,0
7930,313,1394.2,702.0,1439.1,831.1,18.009,0.0119,0
7930,393,1212.3,721.9,1246.6,815.5,18.009,0.0110,0
7931,65,1252.9,725.1,1291.6,826.7,18.009,0.0114,0
7931,64,1727.1,628.5,1822.3,891.3,18.009,0.0241,0
7931,313,1406.5,699.4,1452.3,832.3,18.009,0.0119,0
7931,393,1218.8,717.6,1254.4,813.9,18.009,0.0110,0
7932,65,1259.6,724.7,1298.2,825.7,18.009,0.0113,0
7932,64,1755.8,619.9,1851.9,891.8,18.009,0.0252,0
7932,313,1420.7,696.9,1460.6,812.2,18.009,0.0116,0
7932,393,1225.3,715.8,1261.3,812.2,18.009,0.0109,0
7932,132,1715.2,660.0,1782.8,865.2,18.009,0.0139,0
7933,65,1265.8,722.5,1304.5,824.1,18.009,0.0113,0
7933,64,1787.3,611.2,1882.6,890.8,18.009,0.0266,0
7933,313,1431.4,694.1,1477.2,825.6,18.009,0.0117,0
7933,393,1232.4,713.8,1268.4,809.9,18.009,0.0108,0
7933,132,1733.4,657.7,1804.0,865.3,18.009,0.0139,0
7934,65,1271.1,722.2,1309.8,823.6,18.009,0.0112,0
7934,64,1815.0,603.6,1909.1,890.6,18.009,0.0282,0
7934,313,1445.2,692.0,1485.7,807.3,18.009,0.0114,0
7934,393,1236.8,712.9,1272.9,809.3,18.009,0.0108,0
7934,132,1742.4,655.5,1807.7,853.1,18.009,0.0139,0
7934,309,1776.1,650.5,1839.8,867.0,18.009,0.0164,0
7935,65,1277.4,718.3,1317.5,822.9,18.009,0.0112,0
7935,64,1838.6,589.6,1920.0,891.1,18.009,0.0312,0
7935,313,1459.2,689.4,1496.8,795.3,18.009,0.0112,0
7935,393,1242.0,710.0,1279.4,809.3,18.009,0.0108,0
7935,132,1757.6,652.9,1820.1,845.8,18.009,0.0139,0
7935,309,1796.4,640.7,1862.8,868.1,18.009,0.0164,0
7936,65,1282.2,714.9,1323.1,821.7,18.009,0.0111,0
7936,313,1465.0,686.7,1512.6,820.6,18.009,0.0113,0
7936,393,1245.5,707.9,1284.1,810.2,18.009,0.0108,0
7936,132,1771.8,650.3,1833.0,841.9,18.009,0.0139,0
7936,309,1819.9,634.0,1886.9,868.0,18.009,0.0164,0
7937,65,1287.9,714.7,1329.3,823.1,18.009,0.0111,0
7937,313,1474.3,685.1,1525.0,828.6,18.009,0.0114,0
7937,393,1249.8,705.9,1289.5,810.8,18.009,0.0108,0
7937,132,1788.0,644.6,1848.8,839.9,18.009,0.0139,0
7938,65,1292.0,711.8,1334.7,824.1,18.009,0.0111,0
7938,313,1485.5,683.7,1537.7,832.7,18.009,0.0115,0
7938,393,1253.5,702.6,1294.6,811.0,18.009,0.0108,0
7938,132,1803.7,640.6,1863.9,838.8,18.009,0.0139,0
7938,309,1859.8,622.3,1920.0,867.1,18.009,0.0164,0
7939,65,1298.3,711.8,1341.7,825.3,18.009,0.0112,0
7939,313,1505.3,682.8,1547.5,799.9,18.009,0.0113,0
7939,393,1258.0,702.7,1299.6,811.4,18.009,0.0109,0
7939,132,1818.4,638.1,1878.1,839.7,18.009,0.0139,0
7939,309,1875.4,616.2,1920.0,865.6,18.009,0.0164,0
7940,65,1303.0,713.8,1347.3,829.8,18.009,0.0112,0
7940,313,1514.8,681.5,1567.5,830.2,18.009,0.0114,0
7940,393,1263.2,707.8,1304.0,814.1,18.009,0.0109,0
7940,132,1832.8,635.0,1892.6,840.9,18.009,0.0139,0
7941,65,1308.9,715.7,1353.6,832.8,18.009,0.0112,0
7941,393,1267.9,711.7,1308.6,816.8,18.009,0.0108,0
7941,132,1847.4,635.1,1907.0,843.4,18.009,0.0139,0
7942,65,1315.6,718.1,1360.1,835.6,18.009,0.0113,0
7942,393,1272.2,712.1,1313.8,819.5,18.009,0.0109,0
7942,132,1860.2,635.7,1919.8,845.5,18.009,0.0139,0
7942,313,1541.2,679.2,1599.3,844.7,18.009,0.0114,0
7943,65,1320.9,719.3,1365.5,837.7,18.009,0.0113,0
7943,393,1275.7,711.2,1318.6,821.4,18.009,0.0109,0
7943,132,1866.8,621.7,1920.0,846.9,18.009,0.0139,0
7944,65,1325.6,720.5,1370.2,839.2,18.009,0.0114,0
7944,393,1278.5,710.6,1323.1,823.5,18.009,0.0110,0
7944,313,1568.7,680.5,1628.0,851.9,18.009,0.0114,0
7945,65,1331.5,718.6,1377.4,841.2,18.009,0.0114,0
7945,393,1283.4,710.3,1329.4,826.5,18.009,0.0110,0
7945,313,1586.0,677.0,1647.7,855.3,18.009,0.0114,0
7946,65,1337.5,717.8,1383.7,842.0,18.009,0.0115,0
7946,393,1287.8,711.2,1334.0,827.6,18.009,0.0111,0
7946,313,1602.5,677.6,1664.9,857.2,18.009,0.0114,0
7947,65,1343.2,717.2,1389.6,842.1,18.009,0.0116,0
7947,393,1291.9,713.6,1337.8,828.3,18.009,0.0112,0
7947,313,1618.9,674.3,1683.7,858.9,18.009,0.0114,0
7948,65,1349.3,715.4,1396.2,842.1,18.009,0.0116,0
7948,393,1296.6,711.0,1343.5,827.4,18.009,0.0112,0
7948,313,1634.4,671.6,1701.4,859.6,18.009,0.0114,0
7949,65,1354.6,714.5,1402.9,845.0,18.009,0.0117,0
7949,393,1299.8,709.5,1347.7,828.8,18.009,0.0113,0
7949,313,1650.8,671.1,1720.0,862.0,18.009,0.0114,0
7950,65,1360.7,715.1,1409.0,846.2,18.009,0.0118,0
7950,393,1305.9,714.8,1352.1,829.7,18.009,0.0113,0
7950,313,1663.8,667.9,1735.9,865.9,18.009,0.0114,0
7951,65,1366.2,715.3,1415.3,848.4,18.009,0.0120,0
7951,393,1308.7,715.0,1356.3,832.5,18.009,0.0114,0
7951,313,1682.4,664.5,1757.7,868.6,18.009,0.0114,0
7952,65,1372.3,715.0,1422.7,851.3,18.009,0.0121,0
7952,393,1312.5,714.9,1361.3,833.8,18.009,0.0114,0
7952,313,1698.1,661.3,1775.7,870.5,18.009,0.0114,0
7953,65,1377.5,715.2,1428.8,853.8,18.009,0.0122,0
7953,393,1316.5,715.3,1365.7,834.8,18.009,0.0115,0
7953,313,1717.2,658.3,1795.5,872.1,18.009,0.0114,0
7954,65,1383.9,714.6,1435.9,854.9,18.009,0.0124,0
7954,393,1321.5,716.7,1370.8,836.1,18.009,0.0115,0
7954,313,1736.7,653.1,1816.2,873.5,18.009,0.0114,0
7955,65,1390.4,715.9,1442.8,856.9,18.009,0.0125,0
7955,393,1325.8,712.1,1377.8,838.4,18.009,0.0116,0
7955,313,1756.1,647.9,1836.3,874.6,18.009,0.0114,0
7956,65,1397.2,715.8,1450.0,857.8,18.009,0.0126,0
7956,393,1330.4,711.1,1383.9,841.6,18.009,0.0117,0
7956,437,1191.5,746.4,1211.6,797.3,18.009,0.0094,0
7956,313,1775.1,643.4,1854.6,875.8,18.009,0.0114,0
7957,65,1404.8,716.4,1457.7,859.0,18.009,0.0127,0
7957,393,1335.1,709.4,1389.9,844.1,18.009,0.0118,0
7957,437,1193.3,747.3,1213.3,797.7,18.009,0.0094,0
7957,313,1797.5,637.4,1878.0,877.6,18.009,0.0114,0
7958,65,1411.6,716.5,1465.5,861.9,18.009,0.0129,0
7958,393,1340.8,708.9,1396.4,845.6,18.009,0.0120,0
7958,437,1194.8,748.2,1214.2,797.4,18.009,0.0094,0
7958,313,1818.4,635.3,1897.4,878.4,18.009,0.0114,0
7959,65,1419.5,716.2,1474.2,864.4,18.009,0.0130,0
7959,393,1346.4,709.2,1402.4,846.9,18.009,0.0121,0
7959,437,1196.2,747.5,1216.2,798.6,18.009,0.0094,0
7959,313,1841.5,631.1,1920.0,879.3,18.009,0.0191,0
7960,65,1428.4,715.4,1483.5,865.1,18.009,0.0132,0
7960,393,1352.2,708.5,1409.2,849.0,18.009,0.0122,0
7960,437,1197.1,746.1,1217.5,798.5,18.009,0.0094,0
7960,313,1857.8,629.9,1920.0,881.0,18.009,0.0202,0
7961,65,1437.2,714.9,1493.6,867.9,18.009,0.0134,0
7961,393,1357.7,707.3,1415.5,849.7,18.009,0.0123,0
7961,437,1197.9,744.7,1218.5,798.4,18.009,0.0094,0
7962,65,1446.3,712.8,1503.8,868.8,18.009,0.0135,0
7962,393,1364.9,707.4,1422.6,849.2,18.009,0.0124,0
7962,437,1199.3,745.1,1219.6,798.2,18.009,0.0094,0
7963,65,1454.4,708.0,1514.0,869.2,18.009,0.0137,0
7963,393,1373.4,708.4,1431.4,851.2,18.009,0.0125,0
7963,437,1200.1,744.9,1220.0,796.7,18.009,0.0094,0
7964,65,1463.9,703.9,1525.4,869.3,18.009,0.0139,0
7964,393,1379.9,705.9,1438.8,851.1,18.009,0.0126,0
7964,437,1201.1,744.7,1220.7,795.7,18.009,0.0094,0
7965,65,1474.1,702.6,1536.9,870.8,18.009,0.0140,0
7965,393,1387.3,703.5,1447.3,851.1,18.009,0.0127,0
7965,437,1202.6,743.6,1222.7,795.8,18.009,0.0094,0
7966,65,1483.7,699.9,1548.4,871.8,18.009,0.0142,0
7966,393,1393.8,702.0,1454.7,851.9,18.009,0.0128,0
7966,437,1203.9,743.4,1224.1,795.7,18.009,0.0094,0
7967,65,1494.9,697.1,1561.6,874.2,18.009,0.0144,0
7967,437,1205.5,742.9,1226.0,795.9,18.009,0.0094,0
7968,65,1504.4,695.8,1571.3,875.0,18.009,0.0146,0
7968,437,1207.0,742.0,1227.8,795.4,18.009,0.0094,0
7968,393,1411.9,698.2,1474.7,852.7,18.009,0.0128,0
7969,65,1516.8,694.2,1585.7,877.2,18.009,0.0148,0
7969,437,1208.0,741.4,1228.9,795.2,18.009,0.0094,0
7969,393,1420.4,692.4,1486.9,856.4,18.009,0.0128,0
7970,65,1528.8,693.4,1599.1,879.7,18.009,0.0150,0
7970,437,1208.9,741.6,1229.9,795.2,18.009,0.0094,0
7970,393,1428.6,688.3,1497.0,858.2,18.009,0.0128,0
7971,65,1540.2,692.4,1612.0,881.6,18.009,0.0152,0
7971,437,1210.5,741.6,1231.4,795.1,18.009,0.0094,0
7971,393,1438.0,685.0,1508.4,860.2,18.009,0.0128,0
7972,65,1548.4,691.6,1619.7,883.4,18.009,0.0154,0
7972,437,1211.9,740.7,1233.2,794.3,18.009,0.0094,0
7972,393,1447.4,684.6,1518.0,861.8,18.009,0.0128,0
7973,65,1560.3,688.4,1631.9,885.6,18.009,0.0157,0
7973,437,1214.4,741.8,1235.0,793.9,18.009,0.0094,0
7973,393,1456.7,684.1,1527.4,863.5,18.009,0.0128,0
7974,65,1577.8,684.8,1650.8,887.3,18.009,0.0160,0
7974,437,1215.2,741.7,1236.1,794.4,18.009,0.0094,0
7974,393,1468.7,683.5,1539.3,864.8,18.009,0.0128,0
7975,65,1592.5,682.0,1666.7,892.0,18.009,0.0163,0
7975,437,1217.2,742.0,1238.4,795.0,18.009,0.0094,0
7975,393,1479.8,683.2,1550.5,867.1,18.009,0.0128,0
7976,65,1607.0,684.9,1679.9,895.0,18.009,0.0167,0
7976,437,1217.7,741.6,1239.6,796.1,18.009,0.0094,0
7976,393,1491.5,680.6,1563.8,869.6,18.009,0.0128,0
7977,65,1623.3,684.0,1695.4,896.1,18.009,0.0171,0
7977,437,1219.7,741.6,1241.5,795.9,18.009,0.0094,0
7977,393,1502.8,679.7,1575.8,871.7,18.009,0.0128,0
7978,65,1640.0,681.9,1711.9,898.5,18.009,0.0175,0
7978,437,1221.7,741.8,1243.1,795.1,18.009,0.0094,0
7978,393,1515.6,678.5,1589.0,873.1,18.009,0.0128,0
7979,65,1658.5,676.8,1731.1,900.5,18.009,0.0180,0
7979,437,1223.3,741.3,1244.9,794.6,18.009,0.0094,0
7979,393,1528.3,679.1,1602.1,875.4,18.009,0.0128,0
7980,65,1677.4,675.7,1749.5,902.0,18.009,0.0186,0
7980,437,1225.8,741.2,1247.5,794.9,18.009,0.0094,0
7980,393,1543.0,673.3,1618.7,875.5,18.009,0.0128,0
7981,65,1696.2,672.5,1768.1,903.0,18.009,0.0192,0
7981,437,1228.0,741.3,1249.8,795.2,18.009,0.0094,0
7981,393,1556.7,672.6,1633.7,878.3,18.009,0.0128,0
7982,65,1715.8,670.7,1787.9,906.0,18.009,0.0200,0
7982,437,1231.0,740.9,1253.2,794.7,18.009,0.0094,0
7982,393,1573.7,671.4,1651.8,880.9,18.009,0.0128,0
7983,65,1737.3,666.6,1810.1,908.2,18.009,0.0209,0
7983,437,1232.2,740.4,1255.4,796.6,18.009,0.0094,0
7983,393,1591.3,667.2,1671.1,882.3,18.009,0.0165,0
7984,65,1757.3,659.7,1831.5,910.6,18.009,0.0221,0
7984,437,1232.7,740.0,1255.8,796.1,18.009,0.0094,0
7984,393,1607.4,661.9,1689.5,884.0,18.009,0.0170,0
7985,65,1780.1,653.9,1854.6,911.4,18.009,0.0234,0
7985,437,1233.9,739.3,1257.5,796.6,18.009,0.0094,0
7985,393,1625.5,656.9,1709.7,884.9,18.009,0.0176,0
7986,65,1802.1,646.7,1877.3,912.5,18.009,0.0250,0
7986,437,1235.3,739.7,1259.0,797.5,18.009,0.0094,0
7986,393,1645.2,654.2,1731.6,887.5,18.009,0.0182,0
7987,65,1826.0,641.2,1901.3,913.0,18.009,0.0269,0
7987,437,1238.9,739.5,1262.7,797.3,18.009,0.0094,0
7987,393,1663.5,649.8,1752.1,890.2,18.009,0.0189,0
7988,65,1849.3,634.7,1920.0,913.0,18.009,0.0292,0
7988,437,1241.1,739.3,1264.9,797.2,18.009,0.0094,0
7988,393,1682.3,639.5,1775.0,892.2,18.009,0.0198,0
7989,65,1866.2,628.2,1920.0,912.3,18.009,0.0320,0
7989,437,1242.5,738.9,1266.1,796.5,18.009,0.0094,0
7989,393,1702.9,635.9,1797.5,893.8,18.009,0.0208,0
7990,437,1245.2,738.6,1268.1,795.0,18.009,0.0094,0
7990,393,1722.7,629.6,1820.2,895.4,18.009,0.0220,0
7991,437,1247.0,737.7,1270.0,794.4,18.009,0.0094,0
7991,393,1747.8,625.1,1846.6,896.8,18.009,0.0234,0
7992,437,1249.0,736.9,1273.2,796.8,18.009,0.0094,0
7992,393,1771.3,620.7,1871.8,898.6,18.009,0.0251,0
7993,437,1251.3,736.4,1275.6,797.0,18.009,0.0094,0
7993,393,1798.2,624.4,1897.1,899.6,18.009,0.0269,0
7994,437,1253.9,735.8,1278.1,796.5,18.009,0.0094,0
7994,393,1817.6,606.6,1920.0,900.1,18.009,0.0296,0
7994,494,1106.6,739.7,1125.5,789.4,18.009,0.0096,0
7995,437,1255.1,734.3,1280.1,797.1,18.009,0.0094,0
7995,393,1836.4,606.3,1920.0,901.2,18.009,0.0327,0
7995,494,1108.0,739.0,1127.4,789.8,18.009,0.0097,0
7996,437,1258.0,733.4,1282.8,796.4,18.009,0.0094,0
7996,393,1853.8,596.8,1920.0,900.7,18.009,0.0368,0
7996,494,1110.7,738.8,1129.0,786.9,18.009,0.0096,0
7997,437,1259.6,734.0,1284.1,796.6,18.009,0.0094,0
7997,494,1112.0,739.1,1130.1,786.5,18.009,0.0096,0
7998,437,1263.6,734.3,1288.1,797.0,18.009,0.0094,0
7998,494,1112.2,738.0,1130.5,785.8,18.009,0.0096,0
7999,437,1266.5,734.7,1290.7,797.5,18.009,0.0094,0
7999,516,452.6,713.3,489.2,801.2,18.009,0.0338,0
8000,437,1268.9,734.0,1293.2,796.9,18.009,0.0094,0
8000,516,447.3,710.8,484.1,801.9,18.009,0.0349,0
8000,519,479.7,722.4,506.9,793.8,18.009,0.0262,0
8001,437,1271.3,733.3,1295.3,796.3,18.009,0.0094,0
8001,516,441.7,708.5,478.5,801.9,18.009,0.0358,0
8001,519,472.3,721.4,499.8,794.0,18.009,0.0267,0
8002,437,1273.8,732.3,1297.9,796.2,18.009,0.0094,0
8002,516,435.5,706.8,471.6,800.6,18.009,0.0367,0
8002,519,467.2,719.6,494.5,792.6,18.009,0.0270,0
8003,437,1277.0,731.0,1301.3,796.0,18.009,0.0094,0
8003,516,430.8,705.2,465.6,799.0,18.009,0.0374,0
8003,519,461.8,718.3,488.9,791.1,18.009,0.0274,0
8003,522,294.3,698.2,328.3,802.3,18.009,0.0606,0
8003,494,1124.9,735.3,1143.7,784.7,18.009,0.0096,0
8004,437,1279.4,729.4,1304.0,795.5,18.009,0.0094,0
8004,516,426.8,704.6,460.5,797.4,18.009,0.0381,0
8004,519,454.7,716.5,482.7,792.9,18.009,0.0279,0
8004,522,282.4,694.8,317.3,802.6,18.009,0.0628,0
8005,437,1281.9,727.3,1307.0,795.2,18.009,0.0094,0
8005,516,422.1,703.6,455.0,796.6,18.009,0.0387,0
8005,519,450.2,715.7,477.6,792.2,18.009,0.0284,0
8005,522,270.4,691.6,305.9,801.7,18.009,0.0651,0
8005,495,87.7,654.3,143.1,795.2,18.009,0.1484,0
8006,437,1284.9,725.1,1310.1,794.2,18.009,0.0094,0
8006,516,418.6,702.0,452.3,797.5,18.009,0.0393,0
8006,519,444.7,714.0,471.1,789.2,18.009,0.0287,0
8006,522,257.4,688.9,293.5,802.3,18.009,0.0679,0
8006,495,70.3,650.6,125.7,793.7,18.009,0.1613,0
8007,437,1286.6,725.1,1311.7,794.5,18.009,0.0094,0
8007,516,411.1,702.9,443.9,798.2,18.009,0.0400,0
8007,519,436.6,712.8,463.6,789.6,18.009,0.0291,0
8007,522,243.5,686.2,280.0,800.8,18.009,0.0706,0
8007,495,52.9,645.5,108.1,791.9,18.009,0.1742,0
8008,437,1288.8,725.6,1314.1,796.4,18.009,0.0094,0
8008,516,406.9,698.6,440.8,796.8,18.009,0.0405,0
8008,519,428.0,707.9,457.2,789.6,18.009,0.0297,0
8008,522,229.3,681.4,266.6,798.6,18.009,0.0733,0
8008,495,34.3,638.2,90.5,790.0,18.009,0.1872,0
8008,494,1130.2,728.6,1151.0,784.3,18.009,0.0096,0
8009,437,1292.0,725.4,1317.2,796.5,18.009,0.0094,0
8009,516,403.3,694.2,438.4,793.6,18.009,0.0407,0
8009,522,216.9,677.6,254.2,795.2,18.009,0.0760,0
8009,495,17.0,630.3,72.7,782.7,18.009,0.1997,0
8009,494,1132.5,725.9,1153.9,784.4,18.009,0.0096,0
8010,437,1295.4,726.4,1320.9,799.2,18.009,0.0095,0
8010,516,398.7,692.6,434.4,792.5,18.009,0.0409,0
8010,522,202.6,673.9,241.1,793.9,18.009,0.0789,0
8010,495,1.9,624.7,57.8,780.6,18.009,0.2130,0
8011,437,1298.0,727.6,1323.5,800.7,18.009,0.0095,0
8011,516,393.9,690.5,430.2,791.0,18.009,0.0409,0
8011,522,188.1,670.9,227.6,792.5,18.009,0.0821,0
8011,495,0.0,619.1,44.2,776.8,18.009,0.2257,0
8012,437,1301.0,728.2,1326.0,800.1,18.009,0.0095,0
8012,516,386.3,688.4,422.1,787.8,18.009,0.0408,0
8012,522,173.7,668.2,214.4,792.0,18.009,0.0859,0
8012,494,1135.0,722.2,1158.6,788.8,18.009,0.0096,0
8013,437,1303.8,729.0,1329.3,802.5,18.009,0.0095,0
8013,516,377.8,687.9,414.2,789.4,18.009,0.0410,0
8013,522,158.7,667.3,200.8,793.4,18.009,0.0905,0
8013,537,106.3,647.3,151.3,787.3,18.009,0.1169,0
8014,437,1306.6,730.9,1332.0,804.5,18.009,0.0095,0
8014,516,369.3,689.5,406.8,793.4,18.009,0.0415,0
8014,522,143.2,668.2,186.2,795.8,18.009,0.0960,0
8014,537,90.5,645.8,135.3,787.1,18.009,0.1253,0
8015,437,1310.9,733.4,1335.7,805.2,18.009,0.0095,0
8015,516,360.1,692.1,398.1,797.3,18.009,0.0423,0
8015,522,126.8,669.2,171.1,799.4,18.009,0.1031,0
8015,537,73.4,646.5,120.4,796.7,18.009,0.1379,0
8016,437,1313.7,734.0,1338.6,807.1,18.009,0.0095,0
8016,516,350.8,695.3,389.8,803.0,18.009,0.0436,0
8016,522,109.5,671.3,154.4,803.3,18.009,0.1121,0
8016,537,55.4,646.2,103.7,802.4,18.009,0.1528,0
8016,494,1142.7,737.1,1162.9,794.2,18.009,0.0096,0
8017,437,1316.5,734.2,1341.5,807.9,18.009,0.0095,0
8017,516,344.0,697.0,384.7,807.0,18.009,0.0453,0
8017,522,91.6,672.1,136.8,806.1,18.009,0.1232,0
8017,494,1142.5,735.8,1164.7,797.6,18.009,0.0096,0
8018,437,1319.9,737.8,1344.2,810.4,18.009,0.0096,0
8018,516,333.8,699.1,375.3,810.4,18.009,0.0475,0
8018,522,73.0,672.0,118.9,810.5,18.009,0.1373,0
8018,494,1143.2,741.3,1164.7,800.7,18.009,0.0096,0
8018,537,21.0,649.2,67.9,802.8,18.009,0.1528,0
8019,437,1322.7,738.5,1347.6,813.2,18.009,0.0096,0
8019,516,324.7,701.7,366.6,812.8,18.009,0.0501,0
8019,522,56.2,669.3,102.7,813.0,18.009,0.1544,0
8019,494,1143.8,737.9,1167.8,803.8,18.009,0.0096,0
8019,537,3.5,647.5,51.3,805.6,18.009,0.1528,0
8020,437,1325.6,738.8,1350.2,812.7,18.009,0.0096,0
8020,516,314.4,702.5,356.8,813.1,18.009,0.0531,0
8020,522,39.3,666.7,85.9,813.7,18.009,0.1739,0
8020,494,1143.9,734.5,1169.1,804.3,18.009,0.0096,0
8020,537,0.0,647.5,35.6,803.8,18.009,0.1528,0
8021,437,1327.6,737.4,1353.0,813.8,18.009,0.0096,0
8021,516,303.7,702.5,346.8,812.8,18.009,0.0563,0
8021,522,21.8,662.8,68.5,814.0,18.009,0.1959,0
8021,494,1144.8,737.1,1169.2,804.5,18.009,0.0096,0
8022,437,1330.6,736.5,1356.5,814.1,18.009,0.0096,0
8022,516,294.6,700.7,339.6,814.5,18.009,0.0602,0
8022,522,3.9,659.3,50.5,813.8,18.009,0.2196,0
8022,494,1146.5,734.6,1171.5,804.9,18.009,0.0096,0
8023,437,1334.7,734.2,1361.4,814.0,18.009,0.0097,0
8023,516,285.2,702.5,329.9,814.1,18.009,0.0643,0
8023,522,0.0,654.4,35.7,812.6,18.009,0.2426,0
8023,494,1149.0,732.8,1173.9,803.7,18.009,0.0096,0
8024,437,1338.1,729.7,1365.7,812.0,18.009,0.0097,0
8024,516,278.8,700.4,324.3,815.1,18.009,0.0690,0
8024,494,1152.3,728.8,1177.7,801.0,18.009,0.0096,0
8025,437,1342.3,726.6,1370.0,808.4,18.009,0.0097,0
8025,516,272.1,698.1,318.1,814.5,18.009,0.0742,0
8025,494,1156.7,729.1,1181.6,799.9,18.009,0.0096,0
8026,437,1345.0,724.9,1373.3,807.5,18.009,0.0097,0
8026,516,261.5,698.2,306.6,812.9,18.009,0.0797,0
8026,494,1158.1,727.2,1183.3,798.9,18.009,0.0096,0
8027,437,1347.4,723.4,1376.6,807.3,18.009,0.0097,0
8027,516,252.2,696.1,297.6,812.8,18.009,0.0857,0
8027,494,1158.7,727.0,1183.1,797.9,18.009,0.0096,0
8028,437,1351.2,724.0,1380.6,807.8,18.009,0.0097,0
8028,516,242.4,694.1,288.1,813.1,18.009,0.0924,0
8028,494,1163.6,728.4,1188.1,799.3,18.009,0.0096,0
8029,437,1355.3,724.7,1385.2,809.3,18.009,0.0097,0
8029,516,232.5,692.5,277.7,812.3,18.009,0.0992,0
8029,494,1166.4,729.1,1190.8,799.4,18.009,0.0096,0
8030,437,1358.6,724.4,1389.0,809.9,18.009,0.0097,0
8030,516,222.3,690.0,268.9,815.2,18.009,0.1073,0
8030,532,1303.0,721.1,1336.3,824.3,18.009,0.0106,0
8030,494,1168.2,728.2,1192.9,799.1,18.009,0.0096,0
8031,437,1363.2,724.1,1393.8,810.0,18.009,0.0098,0
8031,516,209.4,687.1,258.1,820.1,18.009,0.1179,0
8031,559,1217.6,740.7,1239.6,795.0,18.009,0.0094,0
8031,532,1308.1,718.7,1342.0,824.6,18.009,0.0107,0
8031,494,1170.2,728.9,1194.8,799.6,18.009,0.0101,0
8032,437,1367.7,723.5,1398.7,809.8,18.009,0.0098,0
8032,516,197.9,684.3,246.5,820.3,18.009,0.1288,0
8032,532,1314.5,719.7,1347.9,823.8,18.009,0.0107,0
8032,494,1172.4,728.9,1196.9,799.3,18.009,0.0101,0
8033,437,1371.7,722.3,1403.3,810.3,18.009,0.0098,0
8033,516,186.6,681.3,234.3,817.4,18.009,0.1390,0
8033,532,1321.8,719.5,1355.5,824.2,18.009,0.0107,0
8033,494,1175.3,728.2,1200.5,800.2,18.009,0.0101,0
8034,437,1375.3,720.3,1407.8,810.3,18.009,0.0098,0
8034,516,174.7,679.0,221.7,817.0,18.009,0.1499,0
8034,532,1329.8,718.7,1363.3,823.1,18.009,0.0107,0
8034,494,1178.0,726.7,1203.9,800.5,18.009,0.0101,0
8035,437,1379.2,719.4,1411.8,810.7,18.009,0.0098,0
8035,516,162.0,675.9,208.3,814.9,18.009,0.1604,0
8035,532,1336.1,717.0,1370.1,825.1,18.009,0.0108,0
8035,494,1179.4,725.3,1206.1,801.0,18.009,0.0101,0
8035,559,1225.4,740.3,1246.4,790.8,18.009,0.0094,0
8036,437,1382.7,717.9,1415.2,810.5,18.009,0.0099,0
8036,516,150.5,672.3,195.5,810.2,18.009,0.1691,0
8036,494,1181.6,723.6,1208.1,799.0,18.009,0.0101,0
8036,559,1226.3,739.0,1248.3,791.0,18.009,0.0094,0
8037,437,1387.3,717.6,1419.7,810.8,18.009,0.0099,0
8037,516,138.8,670.5,183.9,811.0,18.009,0.1789,0
8037,494,1184.1,723.9,1210.6,799.5,18.009,0.0100,0
8037,559,1227.6,738.6,1249.8,790.0,18.009,0.0094,0
8037,532,1349.0,720.4,1381.7,826.2,18.009,0.0108,0
8038,437,1392.2,717.7,1423.9,809.7,18.009,0.0099,0
8038,516,126.8,668.1,172.0,809.7,18.009,0.1879,0
8038,494,1185.9,724.0,1212.6,799.5,18.009,0.0100,0
8038,559,1227.9,738.5,1251.1,791.2,18.009,0.0094,0
8039,437,1395.6,718.0,1427.8,812.0,18.009,0.0099,0
8039,516,112.6,667.0,158.7,810.6,18.009,0.1975,0
8039,494,1189.2,724.0,1216.7,801.2,18.009,0.0100,0
8039,559,1228.0,737.4,1252.7,793.5,18.009,0.0094,0
8039,532,1364.8,720.7,1397.8,830.2,18.009,0.0108,0
8040,437,1400.3,718.3,1433.1,815.0,18.009,0.0100,0
8040,516,101.7,667.9,148.2,812.1,18.009,0.2075,0
8040,494,1192.5,724.7,1220.5,803.1,18.009,0.0101,0
8040,559,1228.2,739.5,1252.3,794.6,18.009,0.0094,0
8040,532,1372.7,717.4,1406.6,833.1,18.009,0.0108,0
8041,437,1405.2,718.7,1438.5,818.1,18.009,0.0100,0
8041,516,88.3,665.2,135.6,813.6,18.009,0.2187,0
8041,494,1193.9,724.9,1222.0,804.2,18.009,0.0101,0
8041,532,1380.0,719.9,1413.8,836.0,18.009,0.0108,0
8042,437,1400.1,718.2,1439.2,832.2,18.009,0.0102,0
8042,516,75.3,664.2,122.0,810.8,18.009,0.2284,0
8042,494,1197.0,726.6,1225.1,806.6,18.009,0.0101,0
8043,437,1402.9,719.8,1444.1,839.0,18.009,0.0104,0
8043,516,67.3,663.2,113.2,812.6,18.009,0.2392,0
8043,494,1199.6,727.7,1227.9,808.9,18.009,0.0101,0
8043,559,1231.7,744.0,1256.7,801.0,18.009,0.0094,0
8044,437,1408.4,721.3,1450.9,844.1,18.009,0.0105,0
8044,516,54.8,658.8,101.3,815.2,18.009,0.2521,0
8044,494,1202.8,727.8,1231.4,811.4,18.009,0.0102,0
8045,437,1414.8,720.8,1457.8,847.0,18.009,0.0107,0
8045,516,41.9,653.6,87.2,808.9,18.009,0.2619,0
8045,494,1204.9,727.5,1233.8,812.4,18.009,0.0102,0
8045,554,519.6,723.7,547.4,801.4,18.009,0.0269,0
8045,559,1235.7,747.3,1260.1,803.3,18.009,0.0094,0
8046,437,1422.3,720.9,1465.4,849.2,18.009,0.0109,0
8046,516,25.3,649.0,71.3,809.2,18.009,0.2728,0
8046,494,1207.5,726.8,1236.7,813.1,18.009,0.0102,0
8046,554,515.3,722.7,540.1,790.2,18.009,0.0266,0
8046,559,1237.7,748.5,1261.9,803.8,18.009,0.0094,0
8047,437,1431.1,719.7,1474.7,851.1,18.009,0.0110,0
8047,516,11.5,643.3,57.3,805.7,18.009,0.2820,0
8047,494,1209.4,726.9,1239.0,814.3,18.009,0.0103,0
8047,554,510.1,722.1,532.6,781.5,18.009,0.0261,0
8047,559,1238.8,747.0,1264.0,804.6,18.009,0.0094,0
8048,437,1439.6,718.6,1483.7,851.5,18.009,0.0112,0
8048,516,0.0,639.3,43.6,807.0,18.009,0.2925,0
8048,494,1213.5,724.3,1243.4,814.0,18.009,0.0103,0
8048,554,506.8,719.7,525.2,765.6,18.009,0.0250,0
8048,559,1241.2,746.3,1266.5,804.3,18.009,0.0094,0
8049,437,1446.4,715.9,1492.2,853.2,18.009,0.0114,0
8049,516,0.0,634.4,33.2,807.9,18.009,0.3038,0
8049,494,1216.6,723.1,1246.7,813.9,18.009,0.0104,0
8049,559,1242.8,745.3,1268.1,803.8,18.009,0.0094,0
8050,437,1460.5,710.4,1507.2,853.6,18.009,0.0115,0
8050,494,1220.1,722.2,1250.0,812.7,18.009,0.0104,0
8051,437,1474.4,703.8,1522.3,853.9,18.009,0.0117,0
8051,494,1224.7,721.8,1254.5,811.1,18.009,0.0104,0
8051,532,1459.0,721.4,1489.9,824.8,18.009,0.0108,0
8052,437,1488.1,698.6,1537.3,855.0,18.009,0.0119,0
8052,494,1227.3,720.3,1257.8,811.1,18.009,0.0104,0
8052,532,1463.9,717.8,1496.7,822.3,18.009,0.0108,0
8053,437,1502.3,698.0,1551.2,855.5,18.009,0.0121,0
8053,494,1230.0,719.7,1261.5,812.7,18.009,0.0104,0
8053,532,1470.1,717.3,1505.0,824.4,18.009,0.0108,0
8054,437,1517.1,697.1,1566.6,858.0,18.009,0.0123,0
8054,494,1234.4,717.8,1266.8,813.8,18.009,0.0105,0
8054,532,1477.9,717.2,1513.8,826.2,18.009,0.0108,0
8055,437,1530.6,695.9,1580.8,860.4,18.009,0.0125,0
8055,494,1238.3,717.6,1270.3,813.3,18.009,0.0105,0
8055,532,1485.1,716.9,1521.3,825.0,18.009,0.0108,0
8056,437,1547.1,697.5,1597.6,862.0,18.009,0.0127,0
8056,494,1242.3,717.9,1274.7,815.0,18.009,0.0105,0
8056,532,1489.6,716.1,1528.2,828.6,18.009,0.0108,0
8057,437,1563.7,695.5,1616.7,864.6,18.009,0.0129,0
8057,494,1247.4,718.4,1280.5,816.1,18.009,0.0106,0
8057,532,1495.2,717.8,1534.3,827.4,18.009,0.0108,0
8058,437,1582.0,691.3,1638.0,866.8,18.009,0.0131,0
8058,494,1251.1,717.5,1285.3,817.8,18.009,0.0106,0
8058,532,1499.3,716.2,1541.3,830.7,18.009,0.0108,0
8059,437,1600.1,690.4,1658.5,869.6,18.009,0.0133,0
8059,494,1255.5,717.7,1290.3,818.8,18.009,0.0106,0
8059,532,1506.2,715.6,1549.6,832.0,18.009,0.0108,0
8060,437,1616.8,689.6,1677.9,872.9,18.009,0.0135,0
8060,494,1260.0,717.8,1295.7,821.0,18.009,0.0107,0
8060,532,1514.8,716.2,1559.5,834.2,18.009,0.0108,0
8061,437,1634.0,694.8,1695.5,875.2,18.009,0.0137,0
8061,494,1264.7,717.0,1301.5,823.1,18.009,0.0107,0
8061,532,1522.8,715.1,1569.1,835.8,18.009,0.0108,0
8062,437,1649.9,686.8,1715.8,878.2,18.009,0.0139,0
8062,494,1269.4,717.2,1306.6,824.4,18.009,0.0108,0
8062,581,1079.4,744.3,1098.5,789.9,18.009,0.0097,0
8062,532,1532.2,712.8,1580.1,837.4,18.009,0.0108,0
8063,437,1668.5,684.0,1737.0,881.5,18.009,0.0142,0
8063,494,1276.1,717.2,1314.4,826.4,18.009,0.0109,0
8063,581,1081.9,747.3,1100.1,790.9,18.009,0.0097,0
8063,532,1541.3,713.0,1589.8,839.1,18.009,0.0108,0
8064,437,1687.8,680.7,1759.1,884.8,18.009,0.0146,0
8064,494,1282.8,717.8,1321.6,828.6,18.009,0.0109,0
8064,581,1082.1,747.9,1100.2,791.3,18.009,0.0097,0
8064,595,664.3,735.4,682.8,788.0,18.009,0.0155,0
8064,532,1549.6,710.4,1599.2,840.3,18.009,0.0108,0
8065,437,1707.2,672.5,1782.2,888.2,18.009,0.0150,0
8065,494,1288.4,718.3,1328.5,831.2,18.009,0.0110,0
8065,595,661.9,735.5,680.4,788.6,18.009,0.0156,0
8065,532,1559.5,708.9,1609.4,841.2,18.009,0.0108,0
8066,437,1730.0,666.8,1807.2,890.7,18.009,0.0156,0
8066,494,1292.9,718.4,1334.3,833.2,18.009,0.0111,0
8066,595,660.5,735.0,679.2,787.9,18.009,0.0157,0
8066,532,1568.1,707.0,1618.7,843.1,18.009,0.0111,0
8066,581,1085.2,750.0,1103.4,793.3,18.009,0.0097,0
8067,437,1755.8,663.8,1833.4,891.7,18.009,0.0162,0
8067,494,1300.2,718.8,1341.9,834.9,18.009,0.0112,0
8067,595,659.1,734.3,678.0,788.2,18.009,0.0158,0
8067,532,1578.0,704.3,1628.9,842.6,18.009,0.0112,0
8067,581,1087.5,748.5,1105.8,792.6,18.009,0.0097,0
8068,437,1784.1,656.0,1863.3,893.3,18.009,0.0169,0
8068,494,1308.7,718.1,1350.8,836.1,18.009,0.0112,0
8068,595,657.7,733.6,676.9,787.7,18.009,0.0159,0
8068,532,1587.7,700.6,1639.2,843.8,18.009,0.0113,0
8068,603,1117.5,749.0,1136.4,800.7,18.009,0.0098,0
8069,437,1813.7,649.8,1893.2,894.9,18.009,0.0177,0
8069,494,1315.7,717.0,1358.5,836.3,18.009,0.0113,0
8069,595,656.7,733.1,672.4,776.6,18.009,0.0157,0
8069,532,1598.5,700.2,1649.5,844.4,18.009,0.0113,0
8069,603,1119.3,749.8,1138.0,801.0,18.009,0.0098,0
8069,581,1090.7,746.1,1109.6,791.3,18.009,0.0097,0
8070,437,1844.5,641.5,1920.0,897.3,18.009,0.0187,0
8070,494,1322.0,716.8,1365.9,838.7,18.009,0.0114,0
8070,595,655.0,729.0,670.5,771.2,18.009,0.0156,0
8070,532,1609.5,697.2,1661.6,847.4,18.009,0.0115,0
8070,603,1122.3,746.8,1141.5,800.3,18.009,0.0099,0
8071,494,1330.7,714.8,1375.6,839.1,18.009,0.0115,0
8071,595,653.7,726.7,668.0,764.6,18.009,0.0153,0
8071,532,1620.8,695.4,1672.9,847.5,18.009,0.0116,0
8071,603,1125.2,748.8,1143.4,799.3,18.009,0.0099,0
8071,581,1095.6,744.0,1115.7,793.4,18.009,0.0097,0
8072,494,1338.5,711.2,1385.1,839.9,18.009,0.0116,0
8072,532,1634.3,696.7,1686.2,848.9,18.009,0.0117,0
8072,603,1127.2,745.9,1146.2,799.3,18.009,0.0099,0
8072,581,1095.6,743.3,1116.3,793.7,18.009,0.0097,0
8073,494,1345.0,709.6,1392.8,840.1,18.009,0.0117,0
8073,603,1129.5,744.2,1148.7,798.1,18.009,0.0099,0
8073,581,1097.0,743.9,1117.1,792.8,18.009,0.0097,0
8074,494,1357.7,708.9,1405.8,840.9,18.009,0.0118,0
8074,603,1133.1,745.2,1151.5,796.9,18.009,0.0098,0
8074,581,1099.6,745.0,1118.3,790.2,18.009,0.0097,0
8074,532,1659.3,699.8,1710.3,849.3,18.009,0.0117,0
8075,494,1369.8,707.4,1419.2,844.5,18.009,0.0119,0
8075,603,1136.3,745.1,1155.0,797.4,18.009,0.0098,0
8075,581,1101.7,744.9,1121.1,791.9,18.009,0.0097,0
8075,532,1671.0,703.7,1722.1,853.2,18.009,0.0117,0
8076,494,1381.0,705.4,1431.2,846.0,18.009,0.0120,0
8076,603,1138.8,744.9,1157.7,797.5,18.009,0.0098,0
8076,581,1104.3,745.4,1123.2,791.7,18.009,0.0097,0
8076,532,1683.5,703.0,1735.1,853.7,18.009,0.0117,0
8077,494,1391.4,703.1,1442.8,848.6,18.009,0.0121,0
8077,603,1142.2,742.8,1161.5,796.5,18.009,0.0098,0
8077,613,336.9,663.3,375.3,779.3,18.009,0.0434,0
8077,581,1106.3,744.5,1125.3,791.2,18.009,0.0097,0
8077,532,1697.6,703.1,1749.3,854.1,18.009,0.0117,0
8078,494,1402.0,700.0,1455.0,850.9,18.009,0.0123,0
8078,603,1145.4,740.7,1165.9,798.2,18.009,0.0098,0
8078,613,328.8,662.6,366.8,778.9,18.009,0.0444,0
8078,581,1108.3,743.6,1127.7,792.0,18.009,0.0097,0
8078,532,1711.8,699.9,1764.9,854.9,18.009,0.0117,0
8079,494,1412.8,698.6,1466.8,854.4,18.009,0.0125,0
8079,603,1147.1,739.3,1168.2,799.2,18.009,0.0099,0
8079,613,320.0,663.6,358.8,783.0,18.009,0.0457,0
8079,581,1110.4,744.3,1129.4,791.9,18.009,0.0097,0
8079,532,1727.4,698.6,1780.5,854.9,18.009,0.0117,0
8080,494,1422.6,699.0,1477.0,857.5,18.009,0.0126,0
8080,603,1148.6,738.2,1170.1,800.3,18.009,0.0099,0
8080,613,309.9,662.5,349.8,786.7,18.009,0.0473,0
8080,581,1111.2,744.2,1130.6,793.2,18.009,0.0097,0
8081,494,1434.8,700.1,1489.3,859.5,18.009,0.0128,0
8081,603,1151.5,741.6,1172.1,801.3,18.009,0.0099,0
8081,613,299.3,664.3,339.2,789.3,18.009,0.0492,0
8081,581,1113.0,744.0,1133.3,795.2,18.009,0.0097,0
8081,532,1755.5,687.2,1811.0,853.1,18.009,0.0117,0
8082,494,1449.6,700.3,1505.5,861.7,18.009,0.0129,0
8082,603,1153.7,743.3,1175.1,804.9,18.009,0.0099,0
8082,613,288.7,668.2,328.4,793.7,18.009,0.0513,0
8082,532,1767.1,674.3,1826.1,854.6,18.009,0.0117,0
8083,494,1462.1,699.4,1520.5,865.9,18.009,0.0131,0
8083,603,1157.0,744.4,1178.3,805.9,18.009,0.0099,0
8083,613,278.5,667.6,317.5,791.9,18.009,0.0533,0
8083,532,1782.0,672.0,1841.2,855.0,18.009,0.0117,0
8083,581,1117.8,744.9,1137.6,795.8,18.009,0.0097,0
8084,494,1477.1,700.0,1537.3,869.6,18.009,0.0133,0
8084,603,1161.1,751.2,1181.0,808.2,18.009,0.0099,0
8084,532,1796.8,669.1,1857.2,857.3,18.009,0.0117,0
8084,581,1120.6,749.3,1139.4,798.6,18.009,0.0097,0
8085,494,1489.7,698.2,1552.7,874.7,18.009,0.0136,0
8085,603,1166.0,749.1,1187.3,811.2,18.009,0.0099,0
8085,532,1811.0,666.8,1872.2,859.3,18.009,0.0117,0
8085,581,1122.6,752.6,1141.4,802.6,18.009,0.0097,0
8085,613,255.2,672.5,294.3,798.2,18.009,0.0533,0
8086,494,1504.2,694.7,1569.4,876.8,18.009,0.0139,0
8086,603,1169.0,747.9,1190.5,811.7,18.009,0.0099,0
8086,616,214.2,674.0,253.3,806.9,18.009,0.0804,0
8086,532,1826.9,669.4,1887.2,859.1,18.009,0.0117,0
8086,581,1124.3,752.1,1143.6,804.5,18.009,0.0097,0
8086,613,240.8,674.6,278.7,799.2,18.009,0.0533,0
8087,494,1520.5,692.3,1587.2,877.5,18.009,0.0141,0
8087,603,1173.2,748.9,1193.9,811.3,18.009,0.0100,0
8087,616,203.9,673.5,241.7,799.4,18.009,0.0845,0
8087,532,1841.4,663.7,1904.0,857.3,18.009,0.0117,0
8087,581,1126.9,752.5,1146.0,805.1,18.009,0.0097,0
8088,494,1537.4,688.3,1605.9,878.2,18.009,0.0144,0
8088,603,1177.3,746.4,1198.5,810.8,18.009,0.0100,0
8088,616,194.9,673.6,229.4,785.7,18.009,0.0859,0
8088,532,1853.0,663.2,1916.0,854.8,18.009,0.0117,0
8089,494,1552.9,682.4,1623.2,878.4,18.009,0.0147,0
8089,603,1180.8,746.5,1201.6,810.1,18.009,0.0100,0
8089,616,185.4,671.3,217.1,770.0,18.009,0.0850,0
8089,532,1860.8,649.3,1920.0,851.9,18.009,0.0117,0
8089,581,1132.7,748.6,1152.8,804.7,18.009,0.0097,0
8090,494,1569.8,676.1,1641.3,877.6,18.009,0.0150,0
8090,603,1184.4,742.6,1205.9,808.4,18.009,0.0100,0
8090,532,1871.9,655.7,1920.0,849.4,18.009,0.0117,0
8090,581,1136.1,746.9,1156.0,803.0,18.009,0.0097,0
8091,494,1588.2,668.2,1661.5,877.8,18.009,0.0154,0
8091,603,1189.1,741.5,1210.5,807.8,18.009,0.0100,0
8091,581,1138.3,744.1,1158.3,800.6,18.009,0.0097,0
8092,494,1607.7,662.6,1682.2,877.8,18.009,0.0158,0
8092,603,1192.1,739.0,1213.6,805.9,18.009,0.0100,0
8092,581,1141.0,742.2,1161.3,800.2,18.009,0.0097,0
8093,494,1630.2,656.0,1706.7,877.7,18.009,0.0163,0
8093,603,1195.2,736.4,1217.3,805.4,18.009,0.0100,0
8093,581,1143.2,741.9,1163.2,799.4,18.009,0.0097,0
8094,494,1651.2,648.5,1729.2,877.6,18.009,0.0168,0
8094,603,1200.2,735.7,1222.6,805.2,18.009,0.0100,0
8094,581,1146.1,739.6,1165.9,796.7,18.009,0.0097,0
8095,494,1677.3,640.1,1756.6,876.0,18.009,0.0174,0
8095,603,1204.8,730.4,1228.6,803.7,18.009,0.0100,0
8095,581,1148.7,736.0,1168.7,794.4,18.009,0.0097,0
8096,494,1703.4,632.6,1785.3,875.1,18.009,0.0180,0
8096,603,1210.0,731.0,1233.3,801.2,18.009,0.0100,0
8096,581,1150.5,732.0,1170.6,790.4,18.009,0.0097,0
8097,494,1729.3,624.7,1814.3,873.8,18.009,0.0188,0
8097,603,1211.5,730.0,1233.6,797.1,18.009,0.0099,0
8097,581,1153.6,728.9,1173.8,787.1,18.009,0.0097,0
8098,494,1754.6,616.4,1843.6,872.6,18.009,0.0198,0
8098,603,1217.4,727.1,1240.4,795.3,18.009,0.0099,0
8098,581,1157.0,724.9,1177.7,785.3,18.009,0.0097,0
8099,494,1779.6,608.4,1872.8,871.9,18.009,0.0209,0
8099,603,1221.1,724.8,1244.1,792.5,18.009,0.0098,0
8099,581,1159.8,721.5,1180.9,783.1,18.009,0.0097,0
8100,494,1803.1,600.3,1900.5,871.6,18.009,0.0223,0
8100,603,1225.5,713.0,1250.8,788.7,18.009,0.0099,0
8100,634,1494.1,691.8,1535.7,806.6,18.009,0.0104,0
8100,581,1162.8,718.7,1185.2,783.2,18.009,0.0097,0
8101,494,1822.4,591.3,1920.0,869.7,18.009,0.0240,0
8101,603,1230.4,709.1,1256.7,787.2,18.009,0.0099,0
8101,634,1503.2,688.0,1545.4,805.1,18.009,0.0105,0
8101,581,1166.1,716.3,1189.1,781.3,18.009,0.0097,0
8102,494,1842.5,600.1,1920.0,868.1,18.009,0.0256,0
8102,603,1235.4,705.7,1262.8,785.9,18.009,0.0099,0
8102,634,1512.3,683.9,1555.1,803.7,18.009,0.0105,0
8102,581,1168.8,713.9,1192.4,779.8,18.009,0.0097,0
8103,603,1240.2,703.2,1268.1,785.0,18.009,0.0099,0
8103,634,1521.9,681.8,1565.2,803.0,18.009,0.0105,0
8103,581,1171.0,713.3,1194.8,778.9,18.009,0.0097,0
8104,603,1245.3,698.7,1274.5,785.6,18.009,0.0099,0
8104,634,1532.1,680.2,1575.9,802.8,18.009,0.0105,0
8104,646,583.8,705.8,613.6,774.6,18.009,0.0189,0
8104,581,1173.3,712.3,1197.7,779.0,18.009,0.0097,0
8105,603,1251.8,705.7,1279.2,787.6,18.009,0.0099,0
8105,634,1543.0,679.5,1587.5,804.3,18.009,0.0106,0
8105,646,580.9,706.5,610.5,774.9,18.009,0.0189,0
8105,581,1176.1,713.6,1200.8,779.2,18.009,0.0097,0
8106,603,1256.2,704.9,1284.7,791.8,18.009,0.0099,0
8106,634,1554.4,681.9,1598.7,806.1,18.009,0.0106,0
8106,646,578.9,707.1,609.8,778.0,18.009,0.0190,0
8106,581,1180.9,715.1,1206.1,781.9,18.009,0.0097,0
8107,603,1263.6,706.6,1292.1,793.6,18.009,0.0099,0
8107,634,1567.0,684.5,1611.6,809.6,18.009,0.0106,0
8107,646,579.2,713.1,604.5,769.1,18.009,0.0186,0
8107,581,1184.6,718.3,1210.2,786.4,18.009,0.0097,0
8108,634,1578.3,687.6,1623.6,814.6,18.009,0.0106,0
8108,646,574.8,714.8,598.6,766.6,18.009,0.0183,0
8108,581,1188.0,721.3,1213.8,790.9,18.009,0.0097,0
8109,634,1589.6,688.9,1636.2,820.3,18.009,0.0107,0
8109,646,572.6,717.7,593.7,761.1,18.009,0.0179,0
8109,581,1191.8,724.7,1217.6,795.1,18.009,0.0097,0
8109,652,384.0,695.6,414.8,799.8,18.009,0.0381,0
8110,634,1601.6,689.7,1648.9,824.4,18.009,0.0108,0
8110,581,1195.6,728.9,1221.7,800.7,18.009,0.0097,0
8110,652,375.7,700.0,407.8,806.0,18.009,0.0397,0
8111,634,1614.0,688.9,1662.1,827.3,18.009,0.0108,0
8111,581,1199.9,731.7,1226.6,805.5,18.009,0.0098,0
8111,652,366.7,705.5,399.6,813.1,18.009,0.0421,0
8112,581,1203.5,734.6,1230.8,810.4,18.009,0.0099,0
8112,652,356.9,710.2,389.7,816.4,18.009,0.0449,0
8113,581,1206.0,736.8,1233.9,814.5,18.009,0.0099,0
8113,652,345.6,712.3,379.8,821.9,18.009,0.0487,0
8113,634,1641.7,690.2,1689.4,829.3,18.009,0.0108,0
8114,581,1211.4,741.1,1238.8,818.2,18.009,0.0100,0
8114,652,335.7,713.9,371.0,826.1,18.009,0.0536,0
8114,634,1655.6,687.9,1704.8,834.2,18.009,0.0108,0
8115,581,1214.1,741.1,1241.8,819.7,18.009,0.0100,0
8115,652,324.2,712.3,360.5,825.5,18.009,0.0591,0
8115,634,1669.7,685.4,1720.2,837.2,18.009,0.0108,0
8116,581,1216.3,741.6,1244.2,820.4,18.009,0.0101,0
8116,652,312.2,711.0,349.2,824.1,18.009,0.0653,0
8116,634,1684.0,683.6,1734.7,837.1,18.009,0.0108,0
8117,581,1220.8,740.0,1248.6,819.5,18.009,0.0101,0
8117,652,301.9,709.3,337.7,815.5,18.009,0.0705,0
8117,634,1697.3,680.5,1749.0,837.1,18.009,0.0108,0
8118,581,1225.8,738.9,1253.7,819.7,18.009,0.0102,0
8118,652,290.5,707.0,324.3,804.3,18.009,0.0737,0
8118,634,1709.5,679.6,1761.8,836.0,18.009,0.0108,0
8119,581,1230.4,735.9,1258.7,818.5,18.009,0.0102,0
8119,652,280.7,700.9,311.3,784.9,18.009,0.0729,0
8119,634,1723.8,678.3,1777.5,835.1,18.009,0.0108,0
8120,581,1236.8,736.7,1263.8,816.6,18.009,0.0102,0
8120,652,270.9,697.1,296.2,759.0,18.009,0.0681,0
8120,634,1739.1,674.2,1794.8,833.9,18.009,0.0108,0
8121,581,1242.1,735.0,1269.5,815.8,18.009,0.0102,0
8121,634,1758.2,672.4,1815.6,833.6,18.009,0.0108,0
8122,581,1247.5,732.2,1275.6,815.6,18.009,0.0102,0
8122,634,1774.7,667.1,1834.8,833.8,18.009,0.0108,0
8123,581,1252.6,731.3,1281.1,815.7,18.009,0.0103,0
8123,634,1792.1,665.9,1853.6,835.2,18.009,0.0108,0
8124,581,1258.7,731.0,1288.1,817.5,18.009,0.0103,0
8124,634,1808.6,660.5,1872.3,836.4,18.009,0.0108,0
8125,581,1264.2,730.8,1294.1,819.2,18.009,0.0103,0
8125,634,1826.2,659.4,1889.8,836.6,18.009,0.0108,0
8126,581,1269.9,730.2,1300.6,820.4,18.009,0.0104,0
8126,634,1843.0,656.0,1907.6,838.3,18.009,0.0108,0
8127,581,1275.5,728.6,1307.4,822.1,18.009,0.0104,0
8128,581,1281.0,727.6,1314.0,824.6,18.009,0.0105,0
8128,634,1871.7,648.3,1920.0,839.7,18.009,0.0108,0
8129,581,1287.2,727.2,1320.9,826.3,18.009,0.0105,0
8130,581,1294.0,726.3,1328.2,827.6,18.009,0.0106,0
8131,581,1300.6,724.4,1335.6,828.4,18.009,0.0106,0
8132,581,1307.8,722.7,1343.2,828.7,18.009,0.0107,0
8133,581,1316.1,720.4,1352.3,828.5,18.009,0.0107,0
8133,675,1373.2,724.9,1404.2,815.3,18.009,0.0100,0
8134,581,1324.0,718.8,1361.1,828.2,18.009,0.0107,0
8134,675,1378.5,722.5,1410.3,815.7,18.009,0.0100,0
8135,581,1331.6,716.6,1369.1,827.3,18.009,0.0108,0
8135,675,1384.1,719.1,1416.2,814.5,18.009,0.0100,0
8135,679,1557.8,675.7,1610.7,853.4,18.009,0.0128,0
8136,581,1340.8,715.4,1379.1,828.2,18.009,0.0108,0
8136,675,1390.8,720.7,1422.9,815.7,18.009,0.0101,0
8136,679,1579.7,672.0,1634.0,854.2,18.009,0.0130,0
8137,581,1349.6,715.1,1388.3,828.7,18.009,0.0109,0
8137,675,1396.4,715.4,1430.3,815.8,18.009,0.0101,0
8137,679,1597.7,666.7,1653.9,856.2,18.009,0.0132,0
8138,581,1357.2,714.8,1396.9,830.8,18.009,0.0109,0
8138,675,1401.2,708.2,1436.9,815.2,18.009,0.0102,0
8138,679,1619.4,664.5,1678.4,859.5,18.009,0.0134,0
8138,686,448.3,696.9,481.1,784.7,18.009,0.0289,0
8138,632,1432.9,712.6,1466.1,813.7,18.009,0.0101,0
8139,581,1365.6,715.8,1406.3,833.8,18.009,0.0110,0
8139,675,1409.1,720.9,1441.7,817.3,18.009,0.0102,0
8139,679,1640.4,662.2,1701.9,863.0,18.009,0.0137,0
8139,686,442.7,698.3,475.7,787.3,18.009,0.0294,0
8139,632,1439.5,715.7,1472.5,815.7,18.009,0.0101,0
8140,581,1375.0,716.2,1416.4,836.5,18.009,0.0111,0
8140,675,1416.2,721.8,1449.6,819.2,18.009,0.0102,0
8140,679,1665.7,661.6,1729.3,865.9,18.009,0.0140,0
8140,686,436.4,700.5,469.1,789.1,18.009,0.0299,0
8140,632,1448.3,715.7,1483.2,818.4,18.009,0.0102,0
8141,581,1385.9,716.4,1428.8,840.5,18.009,0.0112,0
8141,675,1423.6,727.9,1457.2,822.9,18.009,0.0102,0
8141,679,1686.5,658.3,1752.2,868.6,18.009,0.0144,0
8141,686,430.9,703.5,463.7,792.3,18.009,0.0305,0
8141,632,1453.6,716.1,1488.7,819.5,18.009,0.0102,0
8142,581,1395.6,716.5,1439.8,843.8,18.009,0.0113,0
8142,679,1711.6,656.2,1780.7,872.2,18.009,0.0148,0
8142,686,424.2,704.5,457.4,795.1,18.009,0.0312,0
8142,632,1461.2,716.2,1497.3,822.8,18.009,0.0103,0
8143,581,1406.5,713.9,1452.0,846.3,18.009,0.0114,0
8143,679,1732.5,651.4,1804.2,874.6,18.009,0.0153,0
8143,686,421.9,703.4,455.7,793.1,18.009,0.0317,0
8143,632,1471.5,715.9,1506.9,821.6,18.009,0.0103,0
8144,581,1420.8,711.9,1467.0,847.0,18.009,0.0115,0
8144,679,1754.2,643.5,1829.0,875.7,18.009,0.0159,0
8144,686,416.3,704.2,446.5,782.3,18.009,0.0316,0
8144,632,1477.3,707.5,1515.4,822.2,18.009,0.0104,0
8145,581,1433.8,707.4,1481.6,847.4,18.009,0.0117,0
8145,679,1778.0,635.0,1855.1,875.3,18.009,0.0166,0
8145,686,409.2,704.5,436.6,773.3,18.009,0.0311,0
8145,632,1487.6,703.7,1526.3,821.7,18.009,0.0104,0
8146,581,1446.0,702.3,1495.0,846.4,18.009,0.0118,0
8146,679,1807.1,623.2,1886.0,873.1,18.009,0.0175,0
8146,632,1496.4,699.1,1535.5,818.9,18.009,0.0105,0
8147,581,1457.4,697.3,1507.8,846.0,18.009,0.0119,0
8147,679,1838.1,612.1,1918.3,870.9,18.009,0.0186,0
8147,632,1505.6,694.0,1545.5,816.8,18.009,0.0105,0
8148,581,1470.2,693.4,1521.3,845.6,18.009,0.0120,0
8148,632,1513.2,690.7,1553.6,815.8,18.009,0.0106,0
8149,581,1485.6,690.5,1538.1,845.6,18.009,0.0121,0
8150,581,1500.0,691.3,1553.5,847.2,18.009,0.0122,0
8151,581,1519.4,689.5,1575.1,850.0,18.009,0.0123,0
8152,581,1536.4,688.6,1593.4,853.2,18.009,0.0124,0
8153,581,1554.1,686.8,1612.7,856.0,18.009,0.0126,0
8154,581,1572.3,685.4,1632.4,858.3,18.009,0.0127,0
8155,581,1591.8,682.3,1653.9,861.6,18.009,0.0129,0
8156,581,1613.1,678.5,1677.4,865.6,18.009,0.0132,0
8157,581,1637.0,675.5,1703.1,869.5,18.009,0.0135,0
8157,686,324.4,682.0,357.8,762.6,18.009,0.0311,0
8158,581,1661.4,671.1,1728.9,872.0,18.009,0.0138,0
8158,686,312.0,680.7,351.2,777.2,18.009,0.0311,0
8159,581,1687.2,665.2,1756.1,873.5,18.009,0.0141,0
8159,686,301.4,681.6,342.5,784.5,18.009,0.0311,0
8160,581,1713.0,659.3,1784.1,877.7,18.009,0.0146,0
8160,686,290.2,683.5,331.8,789.2,18.009,0.0311,0
8161,581,1739.8,652.5,1812.5,880.4,18.009,0.0151,0
8161,686,281.2,686.2,322.4,792.8,18.009,0.0311,0
8162,581,1768.9,645.4,1842.8,882.2,18.009,0.0158,0
8162,686,271.5,685.7,313.3,795.1,18.009,0.0311,0
8163,581,1800.7,639.4,1875.4,884.1,18.009,0.0165,0
8163,727,1169.2,736.0,1187.4,789.0,18.009,0.0094,0
8163,686,262.0,685.6,304.4,797.1,18.009,0.0311,0
8164,581,1831.4,633.6,1907.5,886.6,18.009,0.0174,0
8164,727,1170.3,737.2,1188.8,790.8,18.009,0.0094,0
8164,686,252.0,684.2,294.9,798.4,18.009,0.0311,0
8165,581,1855.6,627.9,1920.0,887.7,18.009,0.0185,0
8165,727,1171.6,738.0,1190.0,791.2,18.009,0.0094,0
8165,686,241.5,682.4,285.0,799.6,18.009,0.0311,0
8166,727,1173.2,737.9,1192.0,792.1,18.009,0.0094,0
8166,686,233.0,682.8,275.9,799.1,18.009,0.0311,0
8167,727,1174.7,737.4,1194.0,792.6,18.009,0.0094,0
8167,686,223.5,680.4,267.0,799.4,18.009,0.0311,0
8168,727,1176.7,736.4,1196.3,791.9,18.009,0.0095,0
8168,732,1715.1,678.7,1770.9,839.5,18.009,0.0116,0
8168,686,213.3,677.9,257.4,799.9,18.009,0.0311,0
8169,727,1180.5,737.4,1199.5,791.4,18.009,0.0095,0
8169,732,1730.9,667.2,1791.2,838.3,18.009,0.0118,0
8169,686,204.3,678.0,248.4,800.9,18.009,0.0311,0
8170,727,1182.6,738.6,1201.2,791.2,18.009,0.0094,0
8170,732,1749.6,668.2,1810.4,836.6,18.009,0.0119,0
8170,712,1293.5,723.6,1326.8,820.7,18.009,0.0103,0
8170,686,193.8,677.2,238.2,802.9,18.009,0.0311,0
8171,727,1184.6,738.7,1203.0,790.7,18.009,0.0094,0
8171,732,1770.8,668.4,1831.8,834.8,18.009,0.0120,0
8171,712,1299.1,721.1,1333.4,820.9,18.009,0.0104,0
8171,686,183.1,677.6,227.8,805.8,18.009,0.0311,0
8172,732,1783.9,669.1,1842.8,831.8,18.009,0.0120,0
8172,712,1307.3,720.6,1341.6,820.8,18.009,0.0104,0
8172,686,173.5,677.0,218.9,808.1,18.009,0.0899,0
8173,732,1806.3,669.5,1866.7,831.7,18.009,0.0121,0
8173,712,1316.3,719.2,1349.6,816.5,18.009,0.0104,0
8173,686,163.0,678.2,208.8,810.2,18.009,0.1012,0
8174,732,1820.1,676.4,1877.5,831.2,18.009,0.0121,0
8174,712,1324.0,719.0,1358.9,822.1,18.009,0.0105,0
8174,686,152.1,678.3,199.0,812.8,18.009,0.1134,0
8174,738,1854.8,625.2,1908.3,817.4,18.009,0.0136,0
8174,727,1191.1,740.1,1209.4,791.6,18.009,0.0094,0
8175,732,1837.1,680.2,1891.8,827.7,18.009,0.0120,0
8175,712,1331.3,718.4,1367.5,825.6,18.009,0.0105,0
8175,686,139.3,679.2,187.2,815.8,18.009,0.1275,0
8175,738,1870.6,620.2,1920.0,815.9,18.009,0.0140,0
8175,727,1193.0,739.3,1211.9,792.2,18.009,0.0094,0
8176,712,1338.2,719.2,1374.9,827.9,18.009,0.0106,0
8176,686,125.8,682.7,173.7,817.6,18.009,0.1430,0
8176,727,1193.8,739.2,1213.2,793.7,18.009,0.0094,0
8177,712,1347.8,719.6,1385.1,829.8,18.009,0.0107,0
8177,686,112.3,687.0,157.5,815.0,18.009,0.1581,0
8177,727,1195.7,739.5,1215.4,795.0,18.009,0.0094,0
8177,732,1866.0,657.3,1920.0,826.2,18.009,0.0120,0
8178,712,1357.1,719.4,1395.3,831.5,18.009,0.0107,0
8178,686,106.0,690.0,139.9,782.4,18.009,0.1550,0
8178,727,1198.1,740.0,1217.8,796.2,18.009,0.0094,0
8179,712,1366.2,718.0,1405.9,834.4,18.009,0.0108,0
8179,727,1201.2,740.7,1221.2,797.3,18.009,0.0094,0
8180,727,1203.0,739.5,1223.8,797.9,18.009,0.0094,0
8181,727,1205.5,738.6,1226.6,797.9,18.009,0.0094,0
8182,727,1208.2,736.9,1228.9,795.6,18.009,0.0094,0
8183,727,1210.5,733.5,1231.7,793.9,18.009,0.0094,0
8184,727,1212.5,724.5,1235.8,790.9,18.009,0.0094,0
8185,727,1214.6,720.5,1238.0,787.0,18.009,0.0094,0
8186,727,1216.2,719.3,1239.2,784.2,18.009,0.0094,0
8187,727,1219.7,718.5,1242.2,782.1,18.009,0.0094,0
8188,727,1222.7,718.0,1244.9,780.8,18.009,0.0094,0
8189,727,1224.4,717.6,1246.8,781.4,18.009,0.0095,0
8190,727,1225.5,715.6,1248.7,782.5,18.009,0.0095,0
8190,717,1168.0,724.1,1188.3,785.6,18.009,0.0097,0
8191,727,1227.7,716.4,1251.4,784.8,18.009,0.0095,0
8191,717,1168.1,726.7,1188.6,788.7,18.009,0.0097,0
8192,727,1229.8,715.2,1254.1,786.2,18.009,0.0095,0
8192,717,1168.8,727.0,1189.7,790.2,18.009,0.0097,0
8193,727,1232.8,715.5,1257.2,786.7,18.009,0.0096,0
8193,717,1171.0,727.4,1192.1,790.8,18.009,0.0097,0
8194,727,1234.4,715.7,1258.9,787.3,18.009,0.0096,0
8194,717,1172.6,730.4,1192.7,790.8,18.009,0.0097,0
8195,727,1237.2,715.2,1261.5,786.2,18.009,0.0096,0
8195,717,1174.1,728.5,1194.2,788.7,18.009,0.0097,0
8195,730,1594.8,669.8,1668.8,847.7,18.009,0.0125,0
8196,727,1239.2,711.5,1264.5,784.7,18.009,0.0096,0
8196,717,1175.8,722.7,1197.3,787.6,18.009,0.0097,0
8196,730,1615.1,664.2,1691.4,847.5,18.009,0.0127,0
8197,727,1240.9,706.6,1267.5,783.2,18.009,0.0096,0
8197,717,1177.8,720.8,1199.3,785.6,18.009,0.0097,0
8197,730,1635.7,656.7,1714.4,847.5,18.009,0.0129,0
8198,727,1243.5,703.1,1270.7,781.2,18.009,0.0097,0
8198,717,1180.4,722.2,1201.2,784.1,18.009,0.0096,0
8198,730,1659.2,649.7,1739.3,846.7,18.009,0.0132,0
8199,727,1245.6,699.5,1274.2,781.5,18.009,0.0097,0
8199,717,1182.8,716.6,1205.4,784.2,18.009,0.0097,0
8199,730,1685.1,644.0,1766.4,848.1,18.009,0.0135,0
8200,727,1248.1,699.3,1277.0,782.0,18.009,0.0098,0
8200,717,1185.4,715.8,1208.5,785.5,18.009,0.0097,0
8200,730,1712.1,637.8,1794.8,849.5,18.009,0.0139,0
8201,727,1250.4,702.5,1279.3,783.8,18.009,0.0098,0
8201,717,1185.7,715.8,1209.6,788.2,18.009,0.0097,0
8201,730,1741.8,630.3,1826.3,853.1,18.009,0.0144,0
8202,727,1253.8,709.2,1282.3,787.5,18.009,0.0098,0
8202,717,1188.2,719.4,1212.1,792.3,18.009,0.0097,0
8202,730,1772.3,624.4,1858.1,857.8,18.009,0.0150,0
8203,727,1258.0,715.0,1286.3,792.1,18.009,0.0098,0
8203,717,1190.8,726.2,1213.6,795.8,18.009,0.0097,0
8203,730,1802.4,619.7,1889.0,863.8,18.009,0.0157,0
8204,727,1261.0,717.8,1289.6,795.8,18.009,0.0098,0
8204,717,1192.5,726.4,1216.4,799.7,18.009,0.0098,0
8204,730,1831.0,613.0,1918.5,866.8,18.009,0.0167,0
8205,727,1262.4,719.4,1291.4,798.7,18.009,0.0098,0
8205,717,1194.1,730.0,1217.8,802.8,18.009,0.0098,0
8205,730,1852.9,606.7,1920.0,868.2,18.009,0.0179,0
8206,727,1265.7,720.1,1295.3,800.2,18.009,0.0098,0
8206,717,1195.9,725.3,1221.4,804.1,18.009,0.0099,0
8207,727,1269.3,720.1,1299.3,800.5,18.009,0.0098,0
8207,717,1199.7,728.7,1223.9,804.0,18.009,0.0099,0
8208,727,1272.2,717.8,1302.9,799.0,18.009,0.0098,0
8208,717,1202.5,731.0,1226.0,803.9,18.009,0.0099,0
8209,727,1275.7,715.6,1306.9,798.2,18.009,0.0099,0
8209,717,1204.7,724.5,1229.8,802.7,18.009,0.0099,0
8210,727,1280.0,715.5,1311.5,797.9,18.009,0.0099,0
8210,717,1206.6,728.5,1230.5,802.1,18.009,0.0099,0
8211,727,1283.5,713.8,1315.3,797.2,18.009,0.0099,0
8211,717,1209.3,730.2,1232.4,801.4,18.009,0.0099,0
8211,761,669.6,736.7,685.7,782.4,18.009,0.0144,0
8212,727,1287.0,711.4,1319.5,797.8,18.009,0.0099,0
8212,717,1213.3,730.9,1236.8,803.3,18.009,0.0099,0
8212,761,666.4,736.9,682.8,783.3,18.009,0.0146,0
8213,727,1291.3,711.3,1324.4,799.8,18.009,0.0099,0
8213,717,1216.0,728.0,1240.5,803.4,18.009,0.0099,0
8213,761,664.0,738.4,680.1,784.0,18.009,0.0147,0
8214,727,1295.1,714.5,1327.0,801.2,18.009,0.0099,0
8214,717,1219.1,731.0,1243.0,805.4,18.009,0.0100,0
8214,761,661.8,738.3,678.5,785.8,18.009,0.0148,0
8215,727,1299.0,717.3,1329.8,801.9,18.009,0.0099,0
8215,717,1220.1,733.5,1244.1,806.8,18.009,0.0100,0
8215,761,660.3,737.6,677.3,786.1,18.009,0.0150,0
8215,749,1252.7,726.8,1278.5,797.8,18.009,0.0096,0
8216,727,1304.8,715.5,1336.4,801.9,18.009,0.0099,0
8216,717,1223.3,732.4,1247.9,807.1,18.009,0.0100,0
8216,761,658.0,736.8,674.9,785.4,18.009,0.0151,0
8216,749,1256.1,727.5,1281.9,798.0,18.009,0.0096,0
8217,727,1307.7,716.4,1339.4,802.4,18.009,0.0099,0
8217,717,1227.5,735.6,1251.2,806.9,18.009,0.0099,0
8217,761,655.3,736.8,672.1,785.2,18.009,0.0153,0
8217,749,1260.0,728.9,1285.3,798.2,18.009,0.0096,0
8218,727,1311.7,715.9,1343.8,803.3,18.009,0.0099,0
8218,717,1231.0,735.4,1254.9,807.4,18.009,0.0099,0
8218,761,652.6,736.8,669.3,785.3,18.009,0.0154,0
8218,749,1261.8,728.7,1287.5,798.9,18.009,0.0096,0
8219,727,1315.9,716.0,1347.9,803.7,18.009,0.0099,0
8219,717,1232.8,730.4,1258.9,809.2,18.009,0.0100,0
8219,761,650.3,736.3,667.1,785.6,18.009,0.0155,0
8219,749,1267.5,728.9,1293.5,799.2,18.009,0.0096,0
8220,727,1319.5,715.8,1351.2,803.6,18.009,0.0099,0
8220,761,647.6,733.7,665.7,787.6,18.009,0.0157,0
8220,749,1271.2,726.2,1298.3,799.4,18.009,0.0096,0
8221,727,1322.2,714.8,1353.5,802.9,18.009,0.0099,0
8221,761,645.2,733.3,663.0,787.0,18.009,0.0158,0
8221,749,1274.7,720.3,1303.3,798.2,18.009,0.0096,0
8221,717,1238.9,721.4,1267.3,808.1,18.009,0.0100,0
8222,727,1329.2,712.8,1361.2,803.2,18.009,0.0099,0
8222,761,642.7,734.7,660.3,787.7,18.009,0.0159,0
8222,749,1278.1,716.7,1307.6,797.9,18.009,0.0097,0
8222,717,1242.5,720.6,1270.9,808.1,18.009,0.0100,0
8223,727,1335.0,711.2,1367.7,803.6,18.009,0.0100,0
8223,761,639.6,735.3,657.4,788.9,18.009,0.0161,0
8223,749,1282.3,716.0,1312.2,798.2,18.009,0.0097,0
8223,717,1245.3,716.6,1275.1,809.0,18.009,0.0100,0
8224,727,1340.3,708.5,1373.9,803.6,18.009,0.0100,0
8224,761,636.7,736.2,654.1,788.6,18.009,0.0162,0
8224,749,1286.0,716.6,1315.8,799.1,18.009,0.0097,0
8224,840,70.5,642.3,118.0,788.8,18.009,0.1301,0
8224,717,1248.0,714.9,1278.2,809.4,18.009,0.0100,0
8225,727,1345.5,705.9,1380.1,804.4,18.009,0.0100,0
8225,761,633.4,734.7,651.9,790.0,18.009,0.0164,0
8225,749,1290.5,720.8,1319.3,799.9,18.009,0.0097,0
8225,840,52.8,638.2,100.5,787.8,18.009,0.1437,0
8225,717,1251.6,717.7,1281.4,809.8,18.009,0.0100,0
8226,727,1351.1,705.4,1385.9,803.9,18.009,0.0101,0
8226,761,630.7,734.1,649.6,790.3,18.009,0.0166,0
8226,749,1294.3,717.0,1324.5,799.3,18.009,0.0097,0
8226,840,35.8,633.6,82.8,784.5,18.009,0.1583,0
8226,717,1255.4,717.4,1285.8,810.8,18.009,0.0100,0
8227,727,1356.7,705.3,1391.7,804.2,18.009,0.0101,0
8227,761,628.2,733.4,647.5,790.5,18.009,0.0168,0
8227,749,1298.4,708.8,1330.8,798.8,18.009,0.0098,0
8227,840,18.3,627.6,66.2,785.1,18.009,0.1746,0
8227,717,1259.3,714.0,1290.8,810.8,18.009,0.0100,0
8228,727,1361.7,702.7,1397.4,803.5,18.009,0.0101,0
8228,761,624.8,731.9,644.6,790.5,18.009,0.0170,0
8228,749,1303.5,710.9,1335.2,798.9,18.009,0.0098,0
8228,840,1.1,622.7,49.0,784.9,18.009,0.1926,0
8228,717,1263.6,714.7,1295.6,811.1,18.009,0.0100,0
8229,727,1365.1,702.1,1401.5,804.7,18.009,0.0102,0
8229,761,622.5,735.7,641.0,789.6,18.009,0.0171,0
8229,749,1308.1,713.1,1339.7,799.9,18.009,0.0098,0
8229,717,1267.8,713.7,1300.9,813.1,18.009,0.0100,0
8230,727,1371.6,701.1,1409.7,807.3,18.009,0.0102,0
8230,761,619.4,737.3,637.7,790.4,18.009,0.0173,0
8230,749,1313.5,714.4,1344.8,800.2,18.009,0.0098,0
8230,717,1273.6,714.5,1307.0,813.7,18.009,0.0100,0
8231,727,1376.5,700.8,1415.2,807.6,18.009,0.0103,0
8231,761,616.5,736.4,636.0,793.2,18.009,0.0175,0
8231,749,1319.8,713.7,1351.7,801.5,18.009,0.0098,0
8231,717,1276.5,714.3,1310.8,815.2,18.009,0.0100,0
8232,727,1381.5,698.6,1421.5,808.1,18.009,0.0103,0
8232,761,613.9,738.5,632.9,794.2,18.009,0.0177,0
8232,749,1323.5,709.8,1356.9,801.9,18.009,0.0099,0
8232,717,1281.6,714.3,1315.5,815.2,18.009,0.0100,0
8233,727,1386.9,698.3,1428.0,809.1,18.009,0.0104,0
8233,761,610.4,737.0,629.9,794.0,18.009,0.0180,0
8233,749,1328.7,711.6,1361.7,803.1,18.009,0.0099,0
8233,717,1286.2,715.4,1319.8,816.0,18.009,0.0100,0
8234,727,1391.8,698.7,1434.3,810.8,18.009,0.0104,0
8234,761,607.8,735.9,627.1,792.1,18.009,0.0182,0
8234,749,1332.8,707.4,1367.2,803.4,18.009,0.0100,0
8234,717,1289.7,715.3,1323.9,816.5,18.009,0.0100,0
8235,727,1398.5,696.9,1442.5,811.0,18.009,0.0105,0
8235,761,605.3,733.4,624.8,790.7,18.009,0.0183,0
8235,749,1339.8,705.8,1374.7,804.1,18.009,0.0100,0
8235,717,1295.5,712.9,1331.0,817.9,18.009,0.0100,0
8236,727,1405.2,695.1,1450.7,810.9,18.009,0.0105,0
8236,761,602.6,732.9,622.2,790.8,18.009,0.0185,0
8236,749,1346.3,706.5,1380.7,804.7,18.009,0.0101,0
8236,717,1301.5,711.6,1337.3,818.1,18.009,0.0106,0
8237,727,1411.8,695.0,1457.3,809.6,18.009,0.0106,0
8237,761,600.0,733.5,619.1,790.0,18.009,0.0186,0
8237,749,1352.5,707.2,1386.5,804.1,18.009,0.0101,0
8237,717,1309.0,712.3,1344.3,818.0,18.009,0.0106,0
8238,727,1419.7,694.6,1466.3,810.3,18.009,0.0106,0
8238,761,596.8,733.4,616.2,791.1,18.009,0.0188,0
8238,749,1357.2,701.2,1392.9,803.8,18.009,0.0101,0
8238,717,1316.4,711.7,1351.7,818.6,18.009,0.0107,0
8239,727,1428.2,693.2,1476.1,811.6,18.009,0.0107,0
8239,761,593.7,729.9,614.5,791.8,18.009,0.0190,0
8239,749,1364.1,703.6,1399.3,804.5,18.009,0.0101,0
8239,717,1323.3,712.1,1358.6,820.3,18.009,0.0107,0
8240,727,1437.3,691.8,1486.4,812.1,18.009,0.0107,0
8240,761,590.5,732.0,611.4,794.6,18.009,0.0193,0
8240,749,1370.4,702.1,1406.4,805.4,18.009,0.0102,0
8240,717,1330.7,712.2,1365.9,820.7,18.009,0.0107,0
8241,727,1445.9,691.8,1495.4,813.2,18.009,0.0108,0
8241,761,587.3,737.2,607.4,796.7,18.009,0.0196,0
8241,749,1378.0,704.8,1413.6,807.3,18.009,0.0102,0
8241,717,1337.2,713.1,1372.5,822.3,18.009,0.0108,0
8242,727,1455.8,691.0,1505.5,814.4,18.009,0.0108,0
8242,761,584.7,738.9,604.9,797.8,18.009,0.0198,0
8242,749,1385.8,705.9,1422.4,811.2,18.009,0.0103,0
8242,717,1344.0,714.7,1379.3,824.4,18.009,0.0108,0
8243,727,1465.6,691.0,1515.2,815.3,18.009,0.0108,0
8243,761,581.6,740.2,601.9,798.8,18.009,0.0201,0
8243,749,1392.6,706.6,1429.4,812.1,18.009,0.0103,0
8243,717,1350.3,712.7,1386.5,825.4,18.009,0.0108,0
8244,727,1475.9,689.6,1525.2,814.9,18.009,0.0109,0
8244,761,577.3,734.6,599.4,798.0,18.009,0.0204,0
8244,749,1400.9,706.2,1437.8,811.6,18.009,0.0103,0
8244,717,1355.9,709.7,1393.3,825.7,18.009,0.0109,0
8245,727,1485.6,688.8,1534.7,815.1,18.009,0.0109,0
8245,761,572.4,730.8,595.4,797.4,18.009,0.0208,0
8245,749,1408.5,701.9,1446.7,810.8,18.009,0.0104,0
8245,717,1363.0,704.3,1402.2,826.3,18.009,0.0110,0
8246,727,1495.1,686.7,1545.0,816.4,18.009,0.0110,0
8246,761,568.5,728.9,591.9,796.8,18.009,0.0211,0
8246,749,1415.2,702.4,1452.9,811.0,18.009,0.0104,0
8246,717,1371.2,704.8,1409.9,825.9,18.009,0.0110,0
8247,727,1504.0,685.6,1553.9,815.6,18.009,0.0110,0
8247,761,564.6,727.8,588.3,797.5,18.009,0.0215,0
8247,749,1423.7,701.7,1461.9,811.8,18.009,0.0104,0
8247,717,1380.1,704.0,1419.1,827.1,18.009,0.0111,0
8248,727,1510.9,683.2,1562.3,816.0,32.010,0.0100,0
8248,761,561.7,730.9,584.9,798.4,32.010,0.0181,0
8248,749,1431.5,698.4,1470.4,811.0,32.010,0.0096,0
8248,717,1387.9,700.8,1427.8,827.8,32.010,0.0101,0
8249,727,1519.3,682.5,1571.6,816.5,32.010,0.0096,0
8249,761,557.6,730.2,581.5,800.2,32.010,0.0165,0
8249,749,1438.0,698.5,1476.5,810.4,32.010,0.0092,0
8249,717,1394.3,699.3,1435.3,829.3,32.010,0.0098,0
8249,805,523.3,716.4,552.2,797.8,32.010,0.0182,0
8250,727,1529.0,680.2,1582.9,816.5,32.010,0.0093,0
8250,761,553.3,733.7,576.4,801.4,32.010,0.0153,0
8250,749,1449.1,698.3,1488.4,812.6,32.010,0.0090,0
8250,717,1402.6,701.0,1444.1,831.1,32.010,0.0095,0
8250,805,518.1,715.9,547.4,798.4,32.010,0.0167,0
8251,727,1540.0,680.0,1595.3,818.2,32.010,0.0091,0
8251,761,548.8,734.1,571.7,801.9,32.010,0.0144,0
8251,749,1459.3,697.8,1499.1,813.6,32.010,0.0088,0
8251,717,1411.5,700.6,1454.0,832.5,32.010,0.0093,0
8251,805,514.9,716.7,543.9,799.5,32.010,0.0156,0
8252,727,1551.6,677.3,1608.7,818.6,32.010,0.0089,0
8252,761,544.8,733.2,568.2,802.6,32.010,0.0137,0
8252,749,1467.6,695.3,1508.2,812.4,32.010,0.0087,0
8252,717,1423.2,701.1,1466.1,833.5,32.010,0.0091,0
8252,805,509.9,717.5,539.6,800.5,32.010,0.0147,0
8253,727,1563.6,674.6,1622.2,817.5,32.010,0.0088,0
8253,761,539.2,732.8,562.7,801.8,32.010,0.0131,0
8253,749,1477.4,692.6,1518.5,811.1,32.010,0.0086,0
8253,717,1433.2,699.6,1476.6,833.4,32.010,0.0090,0
8253,805,504.2,718.2,533.4,800.0,32.010,0.0140,0
8254,727,1574.9,671.7,1634.8,816.2,32.010,0.0087,0
8254,761,534.3,732.0,557.8,801.0,32.010,0.0126,0
8254,749,1486.4,686.8,1527.2,806.9,32.010,0.0084,0
8254,717,1443.4,696.4,1487.2,831.7,32.010,0.0089,0
8254,805,499.6,717.6,528.7,798.3,32.010,0.0134,0
8255,727,1587.0,666.7,1648.7,814.9,32.010,0.0086,0
8255,761,530.2,731.1,553.3,799.2,32.010,0.0121,0
8255,749,1494.8,684.5,1535.6,806.7,32.010,0.0084,0
8255,717,1451.0,693.7,1495.6,830.3,32.010,0.0087,0
8255,805,494.7,713.5,525.1,797.3,32.010,0.0129,0
8256,761,525.6,731.4,548.2,797.7,32.010,0.0117,0
8256,749,1503.5,680.7,1544.9,806.7,32.010,0.0083,0
8256,717,1459.2,688.5,1505.1,829.5,32.010,0.0087,0
8256,805,493.0,712.8,522.8,795.7,32.010,0.0125,0
8257,761,520.1,729.3,543.3,797.3,32.010,0.0114,0
8257,749,1514.9,680.2,1555.7,806.7,32.010,0.0082,0
8257,717,1468.9,685.9,1515.5,829.5,32.010,0.0086,0
8257,805,485.6,711.7,515.8,795.3,32.010,0.0122,0
8257,894,1818.5,625.7,1857.7,781.1,32.010,0.0083,0
8257,727,1611.9,659.1,1675.9,814.9,32.010,0.0086,0
8258,761,513.6,726.7,537.6,796.8,32.010,0.0112,0
8258,749,1523.3,677.7,1564.6,806.6,32.010,0.0082,0
8258,717,1478.1,679.7,1526.3,829.5,32.010,0.0086,0
8258,805,479.1,711.5,509.0,794.8,32.010,0.0119,0
8258,894,1835.9,622.5,1875.4,780.1,32.010,0.0083,0
8258,727,1625.1,656.2,1688.7,815.2,32.010,0.0086,0
8259,761,509.1,724.4,533.6,796.5,32.010,0.0110,0
8259,749,1530.4,681.2,1570.7,808.4,32.010,0.0081,0
8259,717,1489.4,682.4,1537.2,832.4,32.010,0.0085,0
8259,805,472.8,709.2,503.3,794.2,32.010,0.0117,0
8259,894,1854.1,618.8,1894.4,781.8,32.010,0.0082,0
8259,727,1637.0,653.2,1700.4,816.9,32.010,0.0086,0
8260,761,503.9,724.6,528.9,798.1,32.010,0.0109,0
8260,717,1499.1,679.3,1548.3,834.7,32.010,0.0085,0
8260,805,467.2,709.1,498.1,795.6,32.010,0.0115,0
8260,894,1871.8,615.1,1912.4,781.0,32.010,0.0082,0
8260,727,1649.7,650.6,1712.7,819.2,32.010,0.0086,0
8261,761,498.0,725.2,523.1,799.6,32.010,0.0108,0
8261,717,1511.1,683.3,1560.0,837.4,32.010,0.0084,0
8261,805,460.4,710.0,491.6,797.1,32.010,0.0114,0
8261,749,1555.6,679.2,1598.2,812.2,32.010,0.0081,0
8262,761,492.3,727.0,517.9,802.7,32.010,0.0107,0
8262,717,1526.4,690.5,1573.9,840.6,32.010,0.0084,0
8262,805,454.1,713.3,485.5,800.6,32.010,0.0113,0
8262,749,1568.6,681.1,1611.9,815.4,32.010,0.0081,0
8262,727,1675.6,646.6,1740.1,822.8,32.010,0.0086,0
8263,761,486.4,730.1,511.7,804.8,32.010,0.0107,0
8263,717,1540.6,690.4,1589.2,843.4,32.010,0.0083,0
8263,805,447.6,715.2,479.1,803.0,32.010,0.0112,0
8263,749,1583.1,680.2,1626.6,816.1,32.010,0.0081,0
8263,727,1687.9,645.5,1752.4,823.3,32.010,0.0086,0
8264,761,480.8,729.8,506.8,806.0,32.010,0.0108,0
8264,717,1555.7,689.5,1605.8,847.4,32.010,0.0083,0
8264,805,440.0,711.6,473.3,804.1,32.010,0.0113,0
8264,749,1596.4,678.0,1640.7,815.8,32.010,0.0081,0
8264,727,1703.7,644.3,1768.7,824.7,32.010,0.0086,0
8265,761,474.0,726.0,500.7,805.0,32.010,0.0109,0
8265,805,433.4,712.6,465.8,802.8,32.010,0.0114,0
8265,749,1608.6,672.8,1654.9,816.7,32.010,0.0081,0
8265,727,1718.8,640.8,1785.1,824.5,32.010,0.0086,0
8266,761,466.9,723.0,495.0,805.8,32.010,0.0110,0
8266,805,423.5,707.9,456.9,802.5,32.010,0.0115,0
8266,749,1621.8,669.8,1668.4,815.3,32.010,0.0081,0
8266,727,1733.8,639.2,1801.7,824.8,32.010,0.0086,0
8266,717,1579.3,687.2,1632.1,849.2,32.010,0.0083,0
8267,761,459.5,724.3,487.3,805.4,32.010,0.0110,0
8267,805,416.9,708.4,450.7,802.3,32.010,0.0116,0
8267,749,1635.4,669.1,1682.4,815.5,32.010,0.0081,0
8267,727,1749.8,634.7,1820.4,824.8,32.010,0.0086,0
8267,717,1592.4,683.7,1645.1,844.9,32.010,0.0083,0
8268,761,451.3,722.9,479.5,805.0,32.010,0.0111,0
8268,805,410.3,707.8,444.1,801.7,32.010,0.0117,0
8268,749,1647.1,669.8,1693.0,813.8,32.010,0.0081,0
8268,727,1766.2,629.5,1839.1,823.0,32.010,0.0086,0
8268,717,1606.9,677.0,1660.7,843.6,32.010,0.0083,0
8269,761,444.3,724.3,472.7,805.1,32.010,0.0112,0
8269,805,400.1,702.0,436.0,801.8,32.010,0.0118,0
8269,749,1660.5,661.4,1707.8,812.6,32.010,0.0081,0
8269,727,1782.9,624.7,1858.1,821.7,32.010,0.0086,0
8269,717,1622.5,670.6,1678.0,844.3,32.010,0.0083,0
8270,761,434.7,722.8,463.6,804.5,32.010,0.0113,0
8270,805,391.0,699.5,428.3,801.8,32.010,0.0120,0
8270,749,1674.9,655.5,1722.5,811.3,32.010,0.0081,0
8270,727,1800.1,618.5,1877.3,819.9,32.010,0.0086,0
8270,717,1638.8,663.2,1696.2,845.9,32.010,0.0083,0
8271,805,381.6,695.9,420.4,802.1,32.010,0.0122,0
8271,866,359.0,700.4,386.7,792.5,32.010,0.0120,0
8271,749,1689.6,651.3,1738.5,815.6,32.010,0.0081,0
8271,727,1817.5,612.1,1896.2,818.2,32.010,0.0086,0
8271,717,1654.7,657.6,1712.5,845.3,32.010,0.0083,0
8272,866,350.2,698.5,379.2,794.6,32.010,0.0121,0
8272,727,1834.0,606.4,1913.7,816.8,32.010,0.0086,0
8272,717,1673.9,650.8,1734.5,845.9,32.010,0.0083,0
8273,727,1852.4,600.8,1920.0,816.6,32.010,0.0086,0
8273,717,1692.5,645.3,1757.2,848.1,32.010,0.0083,0
8274,727,1866.5,594.7,1920.0,815.5,32.010,0.0086,0
8274,717,1707.4,641.8,1775.5,849.6,32.010,0.0083,0
8275,717,1722.9,640.2,1793.1,849.5,32.010,0.0083,0
8276,916,1209.0,732.7,1231.6,791.7,32.010,0.0077,0
8276,717,1740.9,633.9,1815.1,850.8,32.010,0.0083,0
8277,916,1212.8,737.3,1234.7,793.8,32.010,0.0077,0
8277,717,1762.4,631.7,1839.2,852.2,32.010,0.0083,0
8278,916,1215.8,736.6,1238.5,794.9,32.010,0.0077,0
8278,717,1784.7,628.8,1864.1,854.0,32.010,0.0083,0
8279,916,1218.4,730.1,1244.0,797.0,32.010,0.0078,0
8279,717,1806.2,628.2,1886.3,855.1,32.010,0.0083,0
8280,916,1223.4,730.1,1249.5,798.6,32.010,0.0078,0
8280,717,1829.1,626.8,1909.1,855.7,32.010,0.0083,0
8281,916,1227.0,731.9,1252.6,799.5,32.010,0.0078,0
8281,717,1848.6,620.1,1920.0,857.5,32.010,0.0089,0
8282,916,1230.4,729.2,1257.6,801.7,32.010,0.0078,0
8282,805,318.5,717.1,356.4,823.1,32.010,0.0122,0
8282,866,286.2,705.9,322.0,817.3,32.010,0.0121,0
8283,916,1235.5,732.4,1261.3,802.2,32.010,0.0078,0
8283,805,312.5,717.3,351.4,825.0,32.010,0.0122,0
8283,866,273.2,694.0,314.0,819.3,32.010,0.0121,0
8284,916,1238.4,727.8,1265.8,802.8,32.010,0.0078,0
8284,805,303.7,717.2,343.8,825.5,32.010,0.0122,0
8284,866,261.7,690.1,304.9,819.6,32.010,0.0121,0
8285,916,1242.6,732.3,1268.6,804.6,32.010,0.0079,0
8285,805,292.6,716.7,333.4,826.4,32.010,0.0122,0
8285,866,249.4,689.4,293.8,820.7,32.010,0.0121,0
8286,916,1248.2,736.4,1273.3,806.8,32.010,0.0079,0
8286,805,278.7,716.8,319.7,827.7,32.010,0.0122,0
8286,866,235.9,686.3,282.4,821.6,32.010,0.0121,0
8287,916,1252.8,741.2,1276.7,808.2,32.010,0.0078,0
8287,805,266.3,715.8,308.1,829.4,32.010,0.0122,0
8287,866,221.9,685.6,269.3,822.5,32.010,0.0121,0
8288,916,1255.7,737.3,1281.2,809.4,32.010,0.0079,0
8288,805,253.2,714.9,296.1,830.6,32.010,0.0122,0
8288,866,207.9,683.3,256.0,822.0,32.010,0.0121,0
8289,916,1261.4,734.6,1288.2,810.5,32.010,0.0079,0
8289,925,1202.9,733.7,1227.0,801.0,32.010,0.0079,0
8289,805,240.2,712.7,284.1,830.5,32.010,0.0122,0
8289,866,193.1,680.1,241.7,822.6,32.010,0.0121,0
8290,916,1265.5,733.8,1293.1,812.0,32.010,0.0079,0
8290,925,1205.4,733.7,1230.0,802.4,32.010,0.0079,0
8290,805,223.6,709.6,268.4,830.7,32.010,0.0122,0
8290,866,176.9,676.2,226.3,822.9,32.010,0.0121,0
8291,916,1270.5,724.1,1301.8,812.0,32.010,0.0079,0
8291,925,1207.5,732.7,1232.7,802.8,32.010,0.0079,0
8291,805,211.0,705.4,257.2,830.0,32.010,0.0122,0
8291,866,165.1,674.4,213.8,822.2,32.010,0.0121,0
8292,916,1276.3,722.8,1308.5,812.7,32.010,0.0080,0
8292,925,1209.5,728.9,1236.5,803.8,32.010,0.0079,0
8292,805,196.1,703.0,243.1,829.8,32.010,0.0122,0
8292,866,152.4,670.5,200.5,821.4,32.010,0.0121,0
8293,916,1282.1,717.9,1316.0,813.0,32.010,0.0080,0
8293,925,1214.6,726.2,1241.9,803.0,32.010,0.0079,0
8293,805,182.6,700.9,230.0,830.3,32.010,0.0122,0
8293,866,138.6,668.6,186.5,822.4,32.010,0.0121,0
8294,916,1289.8,722.8,1321.7,812.7,32.010,0.0080,0
8294,805,168.2,699.4,215.3,830.9,32.010,0.0122,0
8294,866,123.4,663.9,171.4,822.1,32.010,0.0121,0
8295,916,1292.5,714.2,1326.6,810.6,32.010,0.0080,0
8295,805,153.2,696.7,200.4,831.2,32.010,0.0122,0
8295,866,107.9,660.2,156.4,823.8,32.010,0.0121,0
8295,925,1223.2,721.6,1251.1,801.4,32.010,0.0079,0
8296,916,1300.2,713.4,1333.7,809.0,32.010,0.0080,0
8296,805,136.8,686.3,186.5,830.6,32.010,0.0122,0
8296,866,92.5,656.4,141.0,820.4,32.010,0.0121,0
8296,925,1226.9,720.0,1254.3,798.9,32.010,0.0079,0
8297,916,1305.9,710.2,1340.3,809.1,32.010,0.0080,0
8297,805,122.0,681.9,172.7,829.3,32.010,0.0199,0
8297,866,80.0,652.2,129.1,818.6,32.010,0.0213,0
8297,925,1231.8,717.9,1259.7,798.2,32.010,0.0079,0
8298,916,1314.0,708.4,1348.6,809.0,34.005,0.0080,0
8298,805,108.9,681.0,160.2,828.9,34.005,0.0200,0
8298,925,1235.8,715.5,1264.4,797.8,34.005,0.0079,0
8299,916,1321.8,708.2,1356.6,809.8,34.005,0.0079,0
8299,805,91.9,672.3,146.2,827.1,34.005,0.0203,0
8299,925,1240.5,714.9,1269.3,797.4,34.005,0.0079,0
8299,866,47.4,644.9,98.1,816.3,34.005,0.0213,0
8300,916,1329.0,704.9,1365.3,810.2,34.005,0.0079,0
8300,805,75.2,671.4,129.0,823.3,34.005,0.0205,0
8300,925,1243.9,709.1,1274.7,798.1,34.005,0.0079,0
8301,916,1337.6,704.1,1375.4,812.6,34.005,0.0080,0
8301,805,57.8,672.0,111.4,821.4,34.005,0.0206,0
8301,925,1249.0,708.6,1280.0,798.9,34.005,0.0079,0
8302,916,1346.6,706.2,1384.7,814.3,34.005,0.0079,0
8302,805,40.9,668.0,96.2,822.4,34.005,0.0209,0
8302,952,630.9,724.9,654.8,782.5,34.005,0.0090,0
8302,925,1255.6,708.5,1286.8,800.0,34.005,0.0079,0
8303,916,1356.1,704.5,1395.6,815.4,32.010,0.0080,0
8303,805,22.6,668.1,78.1,823.8,32.010,0.0217,0
8303,952,627.8,725.4,651.6,783.0,32.010,0.0091,0
8303,936,1129.1,733.0,1148.6,785.4,32.010,0.0077,0
8303,925,1261.4,707.0,1293.3,800.8,32.010,0.0079,0
8304,916,1364.7,706.3,1404.7,817.4,32.010,0.0080,0
8304,805,3.7,662.8,61.3,825.2,32.010,0.0225,0
8304,952,624.6,725.9,649.1,785.2,32.010,0.0092,0
8304,936,1131.4,733.2,1151.4,786.1,32.010,0.0078,0
8304,935,1203.1,720.5,1227.7,788.6,32.010,0.0078,0
8304,925,1267.3,708.5,1299.8,803.1,32.010,0.0079,0
8305,916,1373.5,704.1,1414.7,818.8,32.010,0.0081,0
8305,952,621.7,726.8,646.6,786.8,32.010,0.0092,0
8305,936,1133.8,735.4,1153.5,786.4,32.010,0.0078,0
8305,935,1207.0,723.0,1231.1,790.1,32.010,0.0078,0
8305,925,1274.6,709.0,1307.9,804.2,32.010,0.0079,0
8306,916,1383.4,704.2,1424.9,818.9,32.010,0.0081,0
8306,952,618.6,725.4,644.0,786.4,32.010,0.0092,0
8306,936,1135.0,730.6,1156.0,785.4,32.010,0.0078,0
8306,935,1209.9,721.2,1234.2,789.2,32.010,0.0078,0
8306,925,1280.7,706.5,1315.2,803.7,32.010,0.0079,0
8307,916,1393.7,700.6,1436.3,818.5,32.010,0.0081,0
8307,952,614.3,724.3,640.5,786.9,32.010,0.0093,0
8307,936,1136.4,728.6,1158.0,785.0,32.010,0.0078,0
8307,935,1213.3,720.2,1238.0,789.1,32.010,0.0078,0
8307,925,1286.0,704.6,1321.5,803.7,32.010,0.0079,0
8308,916,1404.6,697.3,1448.8,820.3,32.010,0.0081,0
8308,952,610.0,726.2,636.1,788.1,32.010,0.0093,0
8308,936,1137.6,729.7,1159.0,785.7,32.010,0.0078,0
8308,935,1215.8,720.8,1240.7,789.9,32.010,0.0078,0
8308,925,1291.9,704.3,1328.2,804.9,32.010,0.0079,0
8309,916,1416.2,695.4,1461.7,824.1,32.010,0.0081,0
8309,952,607.4,728.0,633.8,790.8,32.010,0.0093,0
8309,936,1139.4,730.7,1161.3,788.7,32.010,0.0078,0
8309,935,1220.8,721.8,1246.5,792.5,32.010,0.0078,0
8309,925,1297.5,704.8,1334.8,807.7,32.010,0.0079,0
8310,916,1430.4,694.0,1477.0,827.0,32.010,0.0081,0
8310,952,604.1,730.0,630.5,792.9,32.010,0.0094,0
8310,936,1140.5,730.3,1163.3,791.1,32.010,0.0078,0
8310,935,1225.0,720.9,1252.1,794.9,32.010,0.0078,0
8310,925,1302.8,704.3,1341.8,811.2,32.010,0.0081,0
8311,916,1442.8,692.4,1490.7,831.2,32.010,0.0082,0
8311,952,601.5,732.8,627.7,795.4,32.010,0.0094,0
8311,936,1143.9,733.0,1166.7,793.8,32.010,0.0078,0
8311,935,1230.3,722.8,1257.8,797.9,32.010,0.0078,0
8311,925,1310.7,706.5,1350.2,814.2,32.010,0.0081,0
8312,916,1457.6,696.4,1505.7,837.7,34.005,0.0081,0
8312,952,595.6,733.4,623.0,798.2,34.005,0.0094,0
8312,936,1146.1,736.4,1169.5,798.8,34.005,0.0078,0
8312,935,1234.5,724.7,1262.9,801.4,34.005,0.0078,0
8312,925,1318.1,709.2,1357.8,817.9,34.005,0.0080,0
8313,916,1471.3,696.8,1520.1,841.9,34.005,0.0081,0
8313,952,593.4,734.2,621.0,800.0,34.005,0.0094,0
8313,936,1150.7,738.4,1173.8,800.5,34.005,0.0078,0
8313,935,1239.5,725.2,1269.3,804.5,34.005,0.0078,0
8313,925,1326.0,708.9,1367.1,822.3,34.005,0.0080,0
8314,916,1489.2,697.3,1538.7,845.1,34.005,0.0081,0
8314,952,591.7,735.6,619.0,801.3,34.005,0.0094,0
8314,936,1152.2,736.3,1177.0,803.1,34.005,0.0078,0
8314,935,1245.0,726.9,1275.6,806.3,34.005,0.0078,0
8314,925,1336.2,710.1,1376.9,824.2,34.005,0.0080,0
8314,944,199.5,689.5,241.5,815.8,34.005,0.0141,0
8315,916,1504.8,693.6,1555.5,844.9,34.005,0.0081,0
8315,952,589.0,736.1,616.5,802.5,34.005,0.0095,0
8315,936,1154.5,736.6,1180.0,804.4,34.005,0.0078,0
8315,935,1249.8,727.1,1281.3,806.4,34.005,0.0078,0
8315,925,1346.1,705.1,1387.6,823.8,34.005,0.0080,0
8315,944,183.6,687.6,226.5,817.3,34.005,0.0144,0
8316,916,1524.5,698.0,1574.6,846.1,34.005,0.0081,0
8316,952,586.8,735.9,613.6,801.8,34.005,0.0095,0
8316,936,1160.2,738.4,1183.9,802.0,34.005,0.0078,0
8316,935,1253.5,727.6,1285.4,805.2,34.005,0.0078,0
8316,925,1356.6,703.5,1398.5,824.7,34.005,0.0081,0
8316,944,167.1,686.0,211.2,816.1,34.005,0.0147,0
8317,916,1542.7,685.8,1596.8,846.1,34.005,0.0082,0
8317,952,585.2,734.8,612.0,801.2,34.005,0.0095,0
8317,935,1260.2,726.5,1293.0,804.1,34.005,0.0078,0
8317,925,1366.5,698.7,1409.6,823.8,34.005,0.0081,0
8317,944,150.9,683.6,197.3,816.0,34.005,0.0150,0
8317,978,1189.6,732.7,1213.9,798.4,34.005,0.0078,0
8318,916,1561.6,676.8,1618.5,845.3,34.005,0.0082,0
8318,952,581.8,732.0,609.0,799.2,34.005,0.0095,0
8318,935,1266.3,722.3,1299.8,800.3,34.005,0.0078,0
8318,925,1375.5,691.2,1420.1,822.7,34.005,0.0081,0
8318,944,130.2,677.6,178.9,814.7,34.005,0.0154,0
8318,978,1193.7,729.2,1218.1,795.7,34.005,0.0078,0
8318,936,1167.4,729.4,1193.0,799.0,34.005,0.0078,0
8319,916,1583.5,670.9,1642.7,844.2,34.005,0.0082,0
8319,952,578.6,730.7,605.7,797.9,34.005,0.0096,0
8319,935,1271.2,718.7,1306.8,799.9,34.005,0.0078,0
8319,925,1386.6,687.4,1432.5,821.6,34.005,0.0081,0
8319,944,110.9,675.0,161.2,813.7,34.005,0.0157,0
8319,978,1196.8,725.3,1221.7,793.6,34.005,0.0078,0
8319,936,1171.0,725.8,1196.6,796.1,34.005,0.0078,0
8320,916,1603.8,665.0,1665.2,845.4,34.005,0.0082,0
8320,952,574.6,728.3,602.5,797.6,34.005,0.0096,0
8320,935,1275.3,715.3,1312.8,799.6,34.005,0.0078,0
8320,925,1398.6,685.8,1445.5,820.3,34.005,0.0081,0
8320,944,91.5,669.9,144.6,813.0,34.005,0.0161,0
8320,978,1201.5,725.4,1226.3,793.5,34.005,0.0077,0
8320,936,1174.4,723.3,1200.4,795.6,34.005,0.0078,0
8321,916,1627.9,659.0,1691.7,847.7,34.005,0.0082,0
8321,952,570.6,728.1,599.0,799.0,34.005,0.0096,0
8321,935,1280.9,714.2,1319.9,800.8,34.005,0.0078,0
8321,925,1409.6,684.7,1457.9,822.4,34.005,0.0081,0
8321,944,74.7,669.1,129.7,814.6,34.005,0.0165,0
8321,978,1205.0,724.7,1230.3,794.2,34.005,0.0077,0
8321,936,1179.3,722.6,1205.7,796.2,34.005,0.0078,0
8322,916,1651.4,653.3,1716.1,848.1,34.005,0.0083,0
8322,952,567.5,729.4,596.1,800.4,34.005,0.0096,0
8322,935,1288.4,713.8,1328.1,802.1,34.005,0.0078,0
8322,925,1421.4,683.5,1470.8,823.1,34.005,0.0081,0
8322,944,50.3,667.1,108.9,815.5,34.005,0.0169,0
8322,978,1209.7,725.5,1234.3,793.2,34.005,0.0077,0
8322,936,1183.4,726.7,1208.6,796.8,34.005,0.0078,0
8323,916,1675.8,649.0,1742.0,851.8,34.005,0.0083,0
8323,952,563.9,730.5,593.3,803.8,34.005,0.0097,0
8323,935,1295.0,714.2,1335.3,804.7,34.005,0.0078,0
8323,925,1434.0,683.7,1486.1,828.5,34.005,0.0081,0
8323,944,34.0,666.0,94.7,817.7,34.005,0.0174,0
8323,978,1215.1,727.5,1239.6,795.0,34.005,0.0077,0
8323,936,1188.8,731.1,1214.0,801.0,34.005,0.0078,0
8324,916,1702.5,645.2,1770.2,855.9,34.005,0.0083,0
8324,952,559.7,732.1,589.4,805.7,34.005,0.0097,0
8324,935,1301.7,714.9,1342.5,807.2,34.005,0.0078,0
8324,944,16.2,660.1,79.6,818.1,34.005,0.0180,0
8324,978,1218.9,727.3,1244.7,799.2,34.005,0.0077,0
8324,936,1192.5,729.6,1218.9,803.1,34.005,0.0078,0
8325,916,1730.6,638.1,1800.4,858.2,34.005,0.0084,0
8325,952,556.6,734.4,586.0,807.4,34.005,0.0098,0
8325,935,1309.4,715.6,1350.3,809.6,34.005,0.0078,0
8325,944,4.3,679.9,60.1,818.3,34.005,0.0182,0
8325,978,1224.2,730.1,1249.4,800.9,34.005,0.0077,0
8325,991,456.3,729.9,485.4,806.6,34.005,0.0103,0
8325,936,1197.1,733.7,1222.9,806.1,34.005,0.0078,0
8325,925,1463.7,685.1,1517.2,834.6,34.005,0.0081,0
8326,916,1760.0,632.2,1831.0,860.2,34.005,0.0085,0
8326,952,551.6,734.4,581.7,808.6,34.005,0.0098,0
8326,935,1317.6,714.4,1358.8,811.3,34.005,0.0078,0
8326,978,1228.9,729.7,1254.3,801.8,34.005,0.0077,0
8326,991,448.8,729.0,478.3,807.9,34.005,0.0104,0
8326,936,1202.2,734.4,1228.3,807.6,34.005,0.0078,0
8327,916,1791.4,625.4,1863.9,860.4,34.005,0.0085,0
8327,952,547.7,734.6,577.8,808.5,34.005,0.0099,0
8327,935,1326.2,714.6,1366.7,811.9,34.005,0.0078,0
8327,978,1235.6,729.8,1261.7,802.6,34.005,0.0077,0
8327,991,440.6,727.4,470.7,808.6,34.005,0.0105,0
8327,936,1205.8,730.6,1233.5,808.1,34.005,0.0078,0
8327,925,1491.1,679.9,1548.2,839.3,34.005,0.0081,0
8328,916,1824.3,619.6,1899.0,860.5,34.005,0.0086,0
8328,952,544.5,734.2,574.7,808.5,34.005,0.0099,0
8328,935,1335.8,713.2,1376.7,813.0,34.005,0.0078,0
8328,978,1239.6,729.3,1266.3,803.5,34.005,0.0078,0
8328,991,433.0,725.2,463.2,808.1,34.005,0.0106,0
8328,936,1208.2,724.7,1238.0,808.4,34.005,0.0078,0
8328,925,1509.3,673.0,1569.3,839.9,34.005,0.0081,0
8329,916,1849.1,614.3,1920.0,861.3,34.005,0.0086,0
8329,952,541.2,732.6,571.7,808.0,34.005,0.0100,0
8329,935,1345.0,709.8,1386.6,813.1,34.005,0.0078,0
8329,978,1245.4,728.3,1271.7,802.1,34.005,0.0077,0
8329,991,426.3,721.4,457.5,807.4,34.005,0.0107,0
8329,936,1212.9,724.4,1242.8,808.5,34.005,0.0078,0
8329,925,1529.2,669.9,1590.4,841.0,34.005,0.0081,0
8330,952,538.6,730.7,569.0,806.8,34.005,0.0100,0
8330,935,1355.5,707.3,1397.5,812.9,34.005,0.0078,0
8330,978,1251.1,726.5,1278.1,803.2,34.005,0.0078,0
8330,936,1219.1,723.2,1249.6,807.9,34.005,0.0078,0
8330,925,1548.9,663.7,1612.5,842.8,34.005,0.0081,0
8331,952,533.8,729.2,564.8,805.9,34.005,0.0100,0
8331,935,1366.4,706.9,1408.8,813.2,34.005,0.0078,0
8331,978,1256.0,728.3,1282.9,804.4,34.005,0.0078,0
8331,936,1224.9,726.6,1254.2,808.0,34.005,0.0078,0
8331,925,1569.3,659.0,1633.9,844.5,34.005,0.0081,0
8332,952,530.9,728.2,561.9,805.9,34.005,0.0101,0
8332,935,1376.0,706.1,1419.1,814.4,34.005,0.0079,0
8332,978,1262.4,726.9,1289.9,805.6,34.005,0.0078,0
8332,936,1230.1,724.3,1261.1,809.9,34.005,0.0078,0
8332,925,1589.7,652.4,1655.8,846.7,34.005,0.0081,0
8332,991,399.8,714.2,433.1,805.9,34.005,0.0107,0
8333,952,527.0,727.7,558.1,805.7,34.005,0.0101,0
8333,935,1385.9,706.0,1429.1,815.0,34.005,0.0079,0
8333,978,1268.7,729.0,1295.8,806.8,34.005,0.0078,0
8333,936,1235.1,720.6,1267.6,810.3,34.005,0.0079,0
8333,925,1611.8,647.0,1678.3,847.0,34.005,0.0081,0
8333,991,389.0,712.9,423.0,806.2,34.005,0.0107,0
8334,952,522.1,726.9,553.7,806.6,34.005,0.0102,0
8334,935,1395.0,704.7,1438.5,815.3,34.005,0.0079,0
8334,936,1240.2,718.6,1273.8,811.0,34.005,0.0079,0
8334,925,1632.7,641.0,1700.3,847.4,34.005,0.0081,0
8334,991,377.5,714.0,411.9,806.8,34.005,0.0107,0
8335,952,516.8,725.4,548.9,807.0,34.005,0.0102,0
8335,935,1405.6,702.2,1449.7,814.9,34.005,0.0079,0
8335,936,1244.9,717.7,1278.2,810.0,34.005,0.0079,0
8335,1006,465.1,720.2,494.4,806.7,34.005,0.0106,0
8335,925,1655.6,634.0,1725.4,846.9,34.005,0.0081,0
8335,991,368.8,713.7,403.8,807.5,34.005,0.0107,0
8336,952,511.7,725.7,543.9,807.5,34.005,0.0103,0
8336,935,1415.5,698.7,1460.5,815.6,34.005,0.0079,0
8336,936,1250.8,715.4,1285.0,810.1,34.005,0.0079,0
8336,1006,456.6,718.5,486.6,807.9,34.005,0.0107,0
8336,925,1682.5,627.7,1755.2,846.5,34.005,0.0081,0
8336,991,359.0,715.2,394.1,808.6,34.005,0.0107,0
8336,978,1289.1,715.5,1320.5,807.0,34.005,0.0078,0
8337,952,507.1,724.9,539.3,807.3,34.005,0.0103,0
8337,935,1426.8,694.8,1473.0,815.9,34.005,0.0079,0
8337,936,1257.2,711.4,1292.8,810.4,34.005,0.0079,0
8337,1006,447.6,716.9,477.6,807.8,34.005,0.0108,0
8337,925,1710.9,621.7,1787.7,847.4,34.005,0.0081,0
8337,991,346.8,715.7,382.7,809.0,34.005,0.0107,0
8337,978,1296.2,715.0,1327.2,807.0,34.005,0.0078,0
8338,952,503.3,725.2,535.0,806.6,34.005,0.0104,0
8338,935,1438.3,693.0,1485.2,817.1,34.005,0.0079,0
8338,936,1263.7,711.1,1299.3,810.5,34.005,0.0079,0
8338,1006,440.1,717.3,469.7,807.7,34.005,0.0108,0
8338,925,1739.6,617.2,1820.7,849.3,34.005,0.0081,0
8338,991,336.4,711.9,373.8,808.4,34.005,0.0107,0
8338,978,1303.2,711.6,1335.3,807.9,34.005,0.0078,0
8339,952,497.8,724.2,529.5,806.7,34.005,0.0104,0
8339,935,1452.3,692.3,1499.1,818.7,34.005,0.0079,0
8339,936,1270.5,709.6,1307.3,812.8,34.005,0.0080,0
8339,1006,431.9,716.0,461.4,807.1,34.005,0.0109,0
8339,925,1767.1,613.3,1852.2,851.6,34.005,0.0081,0
8339,991,326.2,709.7,364.1,806.9,34.005,0.0107,0
8339,978,1310.7,710.5,1343.4,809.1,34.005,0.0078,0
8340,952,492.6,723.6,524.0,806.4,34.005,0.0105,0
8340,935,1467.5,690.5,1514.7,820.6,34.005,0.0079,0
8340,936,1278.3,710.0,1315.6,815.3,34.005,0.0080,0
8340,1006,422.4,713.5,452.2,806.9,34.005,0.0110,0
8340,925,1794.1,610.7,1882.8,854.3,34.005,0.0081,0
8340,991,320.4,708.9,357.2,806.7,34.005,0.0107,0
8340,978,1319.2,711.1,1351.0,806.7,34.005,0.0078,0
8341,952,486.4,722.3,518.1,805.6,34.005,0.0105,0
8341,935,1483.7,687.0,1532.1,821.6,34.005,0.0079,0
8341,936,1287.8,709.1,1325.6,816.7,34.005,0.0080,0
8341,1006,414.3,712.7,444.2,807.0,34.005,0.0111,0
8341,925,1819.3,606.2,1911.1,855.4,34.005,0.0081,0
8341,978,1325.7,711.1,1358.3,809.6,34.005,0.0078,0
8342,952,480.1,721.6,512.3,806.4,34.005,0.0106,0
8342,935,1499.6,685.6,1549.8,824.8,34.005,0.0079,0
8342,936,1295.3,707.8,1333.7,818.3,34.005,0.0080,0
8342,1006,405.8,712.1,435.5,807.3,34.005,0.0112,0
8342,997,1374.2,706.2,1409.1,810.8,34.005,0.0078,0
8342,925,1836.4,596.3,1920.0,857.3,34.005,0.0088,0
8342,978,1332.6,708.9,1366.3,811.4,34.005,0.0078,0
8343,952,474.7,721.0,506.6,805.7,34.005,0.0106,0
8343,935,1515.3,684.8,1566.8,824.8,34.005,0.0079,0
8343,936,1303.0,707.8,1342.2,820.7,34.005,0.0080,0
8343,1006,396.2,711.8,426.0,808.0,34.005,0.0113,0
8343,997,1384.5,708.1,1420.2,812.2,34.005,0.0078,0
8343,978,1340.7,708.9,1374.4,812.3,34.005,0.0078,0
8344,952,468.8,721.8,501.2,808.0,34.005,0.0107,0
8344,935,1530.8,683.5,1585.1,827.6,34.005,0.0080,0
8344,936,1312.9,707.2,1352.4,822.8,34.005,0.0080,0
8344,1006,385.4,712.0,415.6,808.6,34.005,0.0114,0
8344,997,1394.3,705.4,1431.8,812.7,34.005,0.0078,0
8344,978,1349.6,707.7,1384.1,813.3,34.005,0.0078,0
8345,935,1546.4,682.2,1603.7,830.1,34.005,0.0080,0
8345,936,1321.0,711.3,1359.1,822.8,34.005,0.0080,0
8345,1006,374.2,710.6,405.1,809.3,34.005,0.0115,0
8345,997,1404.8,708.0,1442.8,814.7,34.005,0.0078,0
8345,978,1359.3,708.5,1394.3,816.1,34.005,0.0078,0
8346,935,1562.7,681.2,1623.1,832.3,34.005,0.0080,0
8346,936,1331.0,710.8,1370.4,827.2,34.005,0.0080,0
8346,1006,365.2,709.3,396.5,809.7,34.005,0.0116,0
8346,997,1415.4,707.6,1454.8,816.5,34.005,0.0078,0
8346,978,1367.6,709.3,1403.4,818.7,34.005,0.0078,0
8346,952,455.3,719.4,488.3,807.8,34.005,0.0107,0
8347,935,1579.5,680.4,1642.9,833.5,34.005,0.0080,0
8347,936,1338.9,712.1,1378.6,830.7,34.005,0.0081,0
8347,1006,352.9,705.4,385.3,809.4,34.005,0.0118,0
8347,997,1424.5,702.9,1467.0,819.8,34.005,0.0078,0
8347,978,1376.3,708.1,1413.1,820.7,34.005,0.0078,0
8347,952,448.1,717.1,481.9,808.6,34.005,0.0107,0
8348,935,1597.1,678.9,1663.4,835.2,34.005,0.0080,0
8348,936,1345.4,710.9,1385.2,830.0,34.005,0.0081,0
8348,1006,341.4,702.8,374.2,809.1,34.005,0.0119,0
8348,997,1435.3,702.3,1478.7,821.0,34.005,0.0079,0
8348,978,1385.1,706.1,1423.1,822.9,34.005,0.0078,0
8348,952,440.2,713.5,474.4,807.2,34.005,0.0107,0
8349,935,1616.6,676.4,1685.9,836.9,34.005,0.0080,0
8349,936,1359.1,720.0,1395.9,831.1,34.005,0.0080,0
8349,1006,329.5,700.2,362.6,808.5,34.005,0.0121,0
8349,997,1447.5,700.9,1492.0,823.4,34.005,0.0079,0
8349,1018,265.2,693.3,297.1,798.6,34.005,0.0123,0
8349,978,1395.6,703.6,1434.2,822.5,34.005,0.0078,0
8349,952,432.9,710.5,467.6,805.9,34.005,0.0107,0
8350,935,1634.6,673.9,1706.4,839.4,34.005,0.0080,0
8350,936,1366.4,707.8,1407.4,833.0,34.005,0.0081,0
8350,1006,316.4,697.2,350.0,807.4,34.005,0.0122,0
8350,997,1458.5,695.7,1505.0,824.4,34.005,0.0079,0
8350,1042,93.2,654.5,150.9,817.8,34.005,0.0182,0
8350,1018,252.6,692.6,284.3,798.2,34.005,0.0124,0
8350,978,1407.1,702.6,1446.2,823.7,34.005,0.0078,0
8350,952,425.2,710.2,460.0,806.3,34.005,0.0107,0
8351,935,1655.6,671.5,1730.6,841.5,34.005,0.0080,0
8351,936,1375.9,702.3,1419.6,836.8,34.005,0.0081,0
8351,1006,302.5,693.1,337.0,807.7,34.005,0.0124,0
8351,997,1471.7,692.6,1519.5,826.1,34.005,0.0079,0
8351,1042,74.7,646.3,136.4,816.5,34.005,0.0187,0
8351,978,1419.3,698.3,1459.3,822.7,34.005,0.0080,0
8351,952,417.9,707.9,453.4,806.1,34.005,0.0107,0
8351,991,232.0,688.5,270.0,793.7,34.005,0.0107,0
8352,935,1669.7,667.7,1745.7,844.0,34.005,0.0081,0
8352,936,1387.0,699.8,1432.0,839.5,34.005,0.0082,0
8352,1006,287.9,688.1,323.7,808.2,34.005,0.0126,0
8352,997,1485.2,691.0,1534.2,828.1,34.005,0.0079,0
8352,1042,57.4,644.0,121.1,815.9,34.005,0.0192,0
8352,978,1430.8,696.8,1472.8,827.3,34.005,0.0080,0
8352,952,409.4,706.8,445.1,805.4,34.005,0.0107,0
8352,991,221.2,686.8,258.7,793.5,34.005,0.0107,0
8353,935,1692.0,663.3,1768.1,843.8,34.005,0.0081,0
8353,936,1397.5,697.5,1443.7,841.2,34.005,0.0082,0
8353,1006,274.8,684.8,311.4,807.5,34.005,0.0128,0
8353,997,1500.3,687.0,1550.2,828.4,34.005,0.0080,0
8353,1042,39.9,640.2,105.5,815.0,34.005,0.0198,0
8353,978,1443.6,693.2,1486.8,828.9,34.005,0.0080,0
8353,952,401.9,707.0,437.7,805.8,34.005,0.0107,0
8353,991,207.4,684.6,245.6,794.3,34.005,0.0107,0
8354,935,1715.2,657.7,1791.3,844.6,34.005,0.0081,0
8354,936,1409.8,693.7,1456.6,840.1,34.005,0.0082,0
8354,1006,259.8,685.1,297.3,809.9,34.005,0.0130,0
8354,997,1515.2,685.0,1566.1,829.9,34.005,0.0080,0
8354,1042,21.6,636.7,88.7,815.1,34.005,0.0204,0
8354,978,1456.4,692.1,1499.8,830.0,34.005,0.0080,0
8354,952,393.6,706.7,429.8,806.3,34.005,0.0107,0
8354,991,195.0,685.2,232.7,795.0,34.005,0.0107,0
8355,935,1742.0,654.0,1816.5,844.9,34.005,0.0081,0
8355,936,1421.2,690.1,1470.1,842.8,34.005,0.0082,0
8355,1006,243.5,685.6,281.1,810.9,34.005,0.0132,0
8355,997,1531.1,684.0,1583.3,833.2,34.005,0.0080,0
8355,1042,3.5,632.5,70.7,814.9,34.005,0.0211,0
8355,978,1469.7,688.7,1514.0,831.2,34.005,0.0080,0
8355,952,385.1,706.6,421.7,807.8,34.005,0.0107,0
8355,991,181.9,683.6,220.0,797.9,34.005,0.0107,0
8355,1018,208.0,689.9,242.7,803.3,34.005,0.0124,0
8356,935,1770.3,642.7,1846.4,845.4,34.005,0.0082,0
8356,936,1432.9,686.5,1482.5,840.2,34.005,0.0083,0
8356,1006,226.3,684.2,265.0,812.9,34.005,0.0135,0
8356,997,1546.7,681.7,1599.2,833.2,34.005,0.0080,0
8356,978,1484.9,687.9,1530.1,834.7,34.005,0.0081,0
8356,952,376.7,706.9,413.6,809.1,34.005,0.0107,0
8356,1018,192.8,686.0,229.5,805.9,34.005,0.0124,0
8357,935,1796.9,635.6,1872.3,844.8,34.005,0.0082,0
8357,1006,208.3,684.0,248.4,814.8,34.005,0.0138,0
8357,997,1563.1,679.5,1616.2,833.9,34.005,0.0080,0
8357,978,1500.3,687.1,1546.4,835.4,34.005,0.0081,0
8357,952,367.2,708.0,404.7,812.1,34.005,0.0107,0
8357,1018,178.8,685.7,216.1,807.6,34.005,0.0124,0
8357,991,149.7,682.9,189.0,800.4,34.005,0.0107,0
8358,935,1824.6,629.9,1899.4,844.2,34.005,0.0083,0
8358,1006,190.5,683.6,232.1,815.6,34.005,0.0141,0
8358,997,1581.7,677.0,1636.0,835.7,34.005,0.0080,0
8358,978,1516.7,686.2,1563.9,836.2,34.005,0.0081,0
8358,952,357.5,707.2,395.7,813.3,34.005,0.0107,0
8358,1018,164.1,684.3,201.8,808.0,34.005,0.0124,0
8358,991,136.6,681.4,175.2,800.3,34.005,0.0107,0
8358,936,1460.4,679.5,1514.8,847.5,34.005,0.0083,0
8359,935,1851.5,624.2,1920.0,844.8,34.005,0.0083,0
8359,1006,176.7,681.5,218.9,814.5,34.005,0.0143,0
8359,997,1599.9,672.7,1656.2,837.3,34.005,0.0081,0
8359,978,1531.2,681.9,1581.4,837.6,34.005,0.0081,0
8359,952,347.4,707.1,385.7,813.0,34.005,0.0107,0
8359,936,1475.3,675.6,1531.4,849.7,34.005,0.0083,0
8360,935,1871.2,627.7,1920.0,846.0,34.005,0.0084,0
8360,1006,158.9,675.6,203.8,815.3,34.005,0.0147,0
8360,997,1619.3,672.5,1676.4,839.5,34.005,0.0081,0
8360,978,1549.5,682.7,1601.3,840.5,34.005,0.0081,0
8360,952,337.8,705.4,376.7,812.8,34.005,0.0107,0
8360,936,1491.4,673.7,1549.0,852.5,34.005,0.0083,0
8360,1018,129.9,670.2,171.4,808.8,34.005,0.0124,0
8360,991,103.4,675.8,142.6,800.4,34.005,0.0107,0
8361,1006,140.7,673.0,187.5,816.4,34.005,0.0151,0
8361,997,1638.6,668.6,1697.0,841.1,34.005,0.0081,0
8361,978,1567.9,681.6,1621.0,840.8,34.005,0.0081,0
8361,952,328.5,704.7,368.3,814.5,34.005,0.0123,0
8361,936,1511.6,669.8,1572.1,854.8,34.005,0.0083,0
8361,1018,112.5,666.1,154.7,810.6,34.005,0.0124,0
8361,991,86.5,673.9,125.0,800.3,34.005,0.0107,0
8362,1006,121.5,673.1,170.0,818.4,34.005,0.0155,0
8362,997,1658.8,663.2,1718.4,841.1,34.005,0.0081,0
8362,978,1585.3,676.1,1641.4,843.0,34.005,0.0081,0
8362,952,318.8,703.9,359.7,816.8,34.005,0.0125,0
8362,936,1529.9,666.8,1593.1,856.4,34.005,0.0083,0
8362,1018,95.7,668.0,135.9,808.0,34.005,0.0124,0
8362,991,72.2,670.8,110.5,801.8,34.005,0.0107,0
8363,1006,104.1,670.0,154.4,820.6,34.005,0.0159,0
8363,997,1680.5,657.7,1741.0,841.4,34.005,0.0081,0
8363,978,1603.7,672.7,1661.1,843.8,34.005,0.0081,0
8363,952,310.0,703.5,351.5,818.2,34.005,0.0127,0
8363,936,1549.0,667.7,1614.4,858.7,34.005,0.0083,0
8363,991,55.6,669.6,93.6,803.1,34.005,0.0107,0
8364,1006,82.8,664.9,135.3,822.3,34.005,0.0165,0
8364,997,1703.9,653.5,1764.8,841.0,34.005,0.0081,0
8364,978,1623.8,665.4,1682.8,844.3,34.005,0.0082,0
8364,952,299.0,703.2,340.9,819.7,34.005,0.0129,0
8364,936,1568.8,669.6,1636.2,862.6,34.005,0.0083,0
8364,991,39.8,665.3,79.0,804.7,34.005,0.0107,0
8364,1018,59.0,662.9,100.2,808.4,34.005,0.0124,0
8365,1006,62.3,662.7,115.5,822.8,34.005,0.0171,0
8365,997,1729.1,651.4,1790.1,841.6,34.005,0.0082,0
8365,978,1645.4,660.4,1705.0,845.2,34.005,0.0082,0
8365,952,288.5,701.9,331.3,821.2,34.005,0.0131,0
8365,936,1587.8,667.5,1657.7,865.5,34.005,0.0083,0
8365,991,26.2,664.6,66.7,806.5,34.005,0.0107,0
8366,1006,41.3,659.0,95.2,823.2,34.005,0.0178,0
8366,997,1752.9,642.4,1815.7,842.5,34.005,0.0082,0
8366,978,1667.7,654.8,1727.8,845.5,34.005,0.0082,0
8366,952,279.1,701.4,322.1,822.9,34.005,0.0133,0
8366,936,1606.5,662.2,1679.8,868.7,34.005,0.0083,0
8366,991,12.1,661.1,54.1,808.8,34.005,0.0107,0
8367,997,1778.1,634.8,1841.8,842.7,34.005,0.0082,0
8367,952,268.4,700.0,312.6,825.8,34.005,0.0136,0
8367,1092,1544.7,674.9,1602.2,841.4,34.005,0.0081,0
8367,936,1628.0,654.4,1705.6,870.7,34.005,0.0083,0
8367,1018,16.9,655.8,62.9,821.1,34.005,0.0124,0
8368,952,256.3,698.9,300.6,825.4,34.005,0.0138,0
8368,1092,1561.7,671.0,1620.4,841.9,34.005,0.0082,0
8368,936,1649.4,646.4,1731.3,874.5,34.005,0.0083,0
8368,1018,0.0,642.8,46.7,823.1,34.005,0.0124,0
8368,978,1713.9,643.0,1776.5,846.7,34.005,0.0082,0
8369,952,244.2,697.0,289.8,828.2,34.005,0.0141,0
8369,1092,1578.6,667.3,1638.3,842.2,34.005,0.0082,0
8369,936,1672.4,634.3,1758.5,876.1,34.005,0.0083,0
8370,952,232.1,696.4,277.1,826.7,34.005,0.0144,0
8370,1092,1596.7,663.5,1657.5,843.0,34.005,0.0082,0
8370,936,1698.5,624.2,1788.0,878.0,34.005,0.0083,0
8370,978,1763.5,628.3,1828.3,848.0,34.005,0.0082,0
8371,952,220.6,694.6,266.1,827.1,34.005,0.0147,0
8371,1092,1616.9,658.2,1679.3,844.5,34.005,0.0082,0
8371,936,1726.5,614.7,1817.6,878.0,34.005,0.0083,0
8371,978,1793.0,623.2,1857.4,848.9,34.005,0.0082,0
8371,997,1876.0,652.4,1920.0,840.3,34.005,0.0082,0
8372,952,207.6,692.4,253.0,825.9,34.005,0.0150,0
8372,1092,1636.3,654.5,1699.8,845.0,34.005,0.0082,0
8372,936,1758.2,607.4,1850.1,879.4,34.005,0.0083,0
8372,978,1821.3,616.6,1885.7,849.1,34.005,0.0082,0
8373,952,195.6,689.6,241.3,824.8,34.005,0.0153,0
8373,1092,1657.0,650.2,1721.6,845.7,34.005,0.0083,0
8373,936,1791.3,596.6,1884.2,881.2,34.005,0.0091,0
8373,978,1851.7,610.4,1916.8,849.3,34.005,0.0082,0
8374,952,182.7,688.5,228.4,825.0,34.005,0.0156,0
8374,1092,1679.7,645.5,1746.2,848.0,34.005,0.0083,0
8374,936,1829.1,583.9,1920.0,883.9,34.005,0.0092,0
8375,952,168.9,685.9,215.3,826.2,34.005,0.0159,0
8375,1092,1702.8,638.6,1771.4,849.0,34.005,0.0083,0
8375,936,1850.7,573.3,1920.0,885.0,34.005,0.0094,0
8376,952,154.7,684.9,201.1,826.9,34.005,0.0163,0
8376,1092,1727.5,632.7,1797.4,849.2,34.005,0.0084,0
8377,952,141.5,683.8,188.0,828.1,34.005,0.0166,0
8377,1092,1752.7,624.3,1823.7,847.9,34.005,0.0084,0
8378,952,128.4,683.2,175.0,829.6,34.005,0.0170,0
8378,1092,1779.0,619.5,1849.9,846.8,34.005,0.0085,0
8379,952,115.0,680.8,161.5,828.9,33.008,0.0176,0
8379,1092,1804.8,612.1,1876.4,846.6,33.008,0.0086,0
8380,952,99.9,676.7,147.8,829.9,32.010,0.0184,0
8381,952,86.3,675.2,134.3,829.6,32.010,0.0191,0
8381,1093,1114.8,728.9,1136.4,790.3,32.010,0.0078,0
8382,1093,1119.9,728.7,1141.3,789.4,32.010,0.0079,0
8382,1078,1440.9,687.8,1486.7,810.8,32.010,0.0080,0
8383,1093,1121.9,726.0,1144.0,789.2,32.010,0.0079,0
8383,1078,1451.9,684.3,1498.8,810.2,32.010,0.0080,0
8383,952,57.5,669.8,107.5,831.6,32.010,0.0191,0
8384,1093,1124.4,727.3,1145.9,789.1,32.010,0.0079,0
8384,1078,1463.3,679.9,1511.5,809.4,32.010,0.0080,0
8384,952,42.8,667.9,93.1,833.0,32.010,0.0191,0
8385,1093,1127.5,723.1,1149.8,787.4,32.010,0.0079,0
8385,1078,1477.2,675.9,1526.0,807.9,32.010,0.0080,0
8385,952,29.0,665.7,80.1,833.2,32.010,0.0191,0
8386,1093,1131.2,724.0,1153.1,786.8,32.010,0.0079,0
8386,1078,1491.5,672.6,1541.4,807.6,32.010,0.0081,0
8386,1073,1442.4,681.9,1489.1,823.8,32.010,0.0082,0
8386,952,15.7,663.4,67.5,832.9,32.010,0.0191,0
8387,1093,1133.6,726.9,1155.0,787.9,32.010,0.0079,0
8387,1078,1505.3,671.8,1554.9,807.3,32.010,0.0081,0
8387,1073,1454.9,682.2,1502.4,827.0,32.010,0.0083,0
8387,952,2.1,661.5,54.5,831.7,32.010,0.0191,0
8388,1093,1136.2,728.3,1157.9,790.5,32.010,0.0079,0
8388,1078,1521.6,672.5,1572.4,811.2,32.010,0.0081,0
8388,1073,1469.1,682.5,1517.6,832.2,32.010,0.0083,0
8388,1099,1623.1,673.2,1670.2,805.1,32.010,0.0079,0
8388,952,0.0,659.3,45.5,830.9,32.010,0.0191,0
8389,1093,1138.6,729.6,1161.0,793.5,32.010,0.0079,0
8389,1078,1537.9,673.5,1590.3,816.1,32.010,0.0081,0
8389,1073,1484.1,684.4,1533.2,836.2,32.010,0.0083,0
8389,1099,1636.9,674.2,1684.2,807.8,32.010,0.0079,0
8389,952,0.0,683.5,32.1,830.2,32.010,0.0191,0
8390,1093,1141.7,731.7,1164.7,796.9,32.010,0.0079,0
8390,1078,1556.0,673.3,1610.7,820.5,32.010,0.0081,0
8390,1099,1650.5,673.7,1698.9,811.3,32.010,0.0079,0
8391,1093,1143.8,733.6,1167.7,801.4,32.010,0.0079,0
8391,1078,1573.8,675.0,1630.2,824.8,32.010,0.0081,0
8391,1099,1665.2,675.0,1714.0,814.4,32.010,0.0079,0
8391,1024,1437.3,704.1,1481.0,826.0,32.010,0.0080,0
8391,1073,1517.7,683.0,1570.7,846.5,32.010,0.0083,0
8392,1093,1145.8,734.3,1170.3,803.8,32.010,0.0080,0
8392,1078,1591.0,675.3,1648.9,827.6,32.010,0.0081,0
8392,1099,1681.8,675.4,1731.5,817.3,32.010,0.0079,0
8392,1024,1449.6,699.6,1495.2,828.5,32.010,0.0081,0
8392,1073,1535.2,682.5,1589.6,851.2,32.010,0.0083,0
8393,1093,1149.0,735.0,1173.7,805.5,32.010,0.0080,0
8393,1099,1697.7,673.9,1747.7,818.1,32.010,0.0079,0
8393,1024,1462.4,700.7,1508.5,831.0,32.010,0.0081,0
8393,1073,1552.8,681.0,1608.3,854.8,32.010,0.0083,0
8394,1093,1152.2,735.8,1176.8,806.0,32.010,0.0080,0
8394,1099,1713.9,670.0,1764.8,818.4,32.010,0.0079,0
8394,1024,1476.0,698.2,1522.9,831.3,32.010,0.0081,0
8394,1073,1571.6,675.9,1629.2,855.4,32.010,0.0083,0
8394,1078,1624.8,668.7,1686.3,830.1,32.010,0.0081,0
8395,1093,1155.0,733.8,1180.0,804.8,32.010,0.0080,0
8395,1024,1490.8,693.6,1539.0,831.0,32.010,0.0081,0
8395,1073,1592.3,669.4,1651.3,853.0,32.010,0.0083,0
8395,1078,1642.7,664.4,1705.5,828.8,32.010,0.0081,0
8396,1093,1157.4,731.0,1182.2,801.9,32.010,0.0080,0
8396,1024,1505.5,690.7,1554.5,830.1,32.010,0.0081,0
8396,1073,1614.9,663.9,1675.5,852.4,32.010,0.0083,0
8396,1078,1662.0,656.9,1726.9,827.2,32.010,0.0081,0
8396,1099,1744.9,656.8,1797.6,813.4,32.010,0.0079,0
8397,1093,1159.5,728.3,1184.2,799.0,32.010,0.0080,0
8397,1024,1521.7,685.5,1572.6,829.6,32.010,0.0082,0
8397,1073,1637.2,657.7,1699.6,851.8,32.010,0.0083,0
8397,1078,1682.1,649.6,1748.0,825.6,32.010,0.0081,0
8397,1099,1761.2,650.8,1814.1,810.6,32.010,0.0079,0
8398,1093,1161.3,724.5,1186.8,797.5,32.010,0.0080,0
8398,1024,1538.6,680.7,1591.4,828.5,32.010,0.0082,0
8398,1073,1660.7,650.8,1725.9,852.1,32.010,0.0083,0
8398,1078,1704.4,641.4,1771.3,824.5,32.010,0.0081,0
8398,1099,1779.0,646.4,1831.5,808.1,32.010,0.0079,0
8399,1093,1166.0,722.8,1192.3,797.0,32.010,0.0080,0
8399,1024,1555.4,677.9,1609.9,829.6,32.010,0.0082,0
8399,1073,1686.4,648.4,1753.1,852.8,32.010,0.0083,0
8399,1078,1729.7,635.3,1796.2,822.4,32.010,0.0081,0
8399,1099,1796.3,643.9,1848.4,807.0,32.010,0.0079,0
8400,1093,1168.4,722.4,1195.6,798.1,32.010,0.0080,0
8400,1024,1571.7,677.5,1627.6,832.9,32.010,0.0082,0
8400,1142,1348.3,708.6,1384.3,814.0,32.010,0.0081,0
8400,1073,1712.5,645.1,1781.9,854.9,32.010,0.0083,0
8400,1078,1754.8,629.5,1821.8,823.3,32.010,0.0081,0
8400,1099,1809.9,638.2,1863.6,808.6,32.010,0.0079,0
8401,1093,1169.6,723.9,1196.0,797.4,32.010,0.0080,0
8401,1024,1590.0,674.4,1647.2,833.4,32.010,0.0082,0
8401,1142,1358.2,706.2,1395.6,815.1,32.010,0.0081,0
8401,1073,1737.7,641.8,1810.0,857.7,32.010,0.0083,0
8401,1078,1780.1,624.0,1847.3,824.0,32.010,0.0081,0
8401,1099,1828.0,635.5,1881.8,808.5,32.010,0.0079,0
8402,1093,1171.1,726.1,1197.5,799.6,32.010,0.0080,0
8402,1142,1367.4,708.1,1405.5,817.7,32.010,0.0081,0
8402,1073,1761.8,635.7,1837.6,860.9,32.010,0.0083,0
8402,1078,1806.8,619.8,1874.3,824.7,32.010,0.0081,0
8403,1093,1172.2,727.6,1198.9,803.0,32.010,0.0080,0
8403,1142,1376.6,709.8,1415.9,822.2,32.010,0.0081,0
8403,1073,1786.7,634.0,1864.9,865.9,32.010,0.0083,0
8403,1024,1628.1,670.2,1689.5,841.0,32.010,0.0082,0
8404,1093,1175.9,728.5,1202.8,805.7,32.010,0.0080,0
8404,1142,1387.5,711.1,1427.6,825.8,32.010,0.0081,0
8404,1073,1812.4,629.7,1893.0,869.9,32.010,0.0083,0
8404,1024,1648.1,668.9,1711.0,845.8,32.010,0.0082,0
8404,1099,1864.2,616.7,1920.0,828.3,32.010,0.0079,0
8405,1093,1180.5,728.4,1208.3,808.1,32.010,0.0081,0
8405,1142,1397.7,710.3,1438.8,828.4,32.010,0.0081,0
8405,1073,1837.4,622.4,1920.0,871.8,32.010,0.0083,0
8405,1024,1669.7,665.4,1734.0,848.9,32.010,0.0082,0
8406,1093,1183.2,728.5,1211.4,808.8,32.010,0.0081,0
8406,1142,1408.4,706.9,1451.1,829.9,32.010,0.0081,0
8406,1073,1858.5,620.3,1920.0,872.2,32.010,0.0091,0
8406,1024,1693.5,661.2,1759.0,849.7,32.010,0.0082,0
8407,1093,1184.2,728.5,1212.2,808.4,32.010,0.0081,0
8407,1142,1419.4,703.6,1463.4,831.2,32.010,0.0082,0
8407,1024,1718.1,657.5,1784.7,850.5,32.010,0.0082,0
8408,1093,1189.3,727.6,1217.4,807.9,32.010,0.0081,0
8408,1142,1431.5,699.7,1476.8,831.7,32.010,0.0082,0
8408,1024,1743.2,650.2,1811.6,851.6,32.010,0.0082,0
8409,1093,1192.2,724.8,1221.0,807.4,32.010,0.0081,0
8409,1142,1444.2,695.9,1490.5,832.6,32.010,0.0082,0
8409,1185,1343.8,704.1,1380.4,802.3,32.010,0.0079,0
8409,1137,1294.8,722.8,1324.0,795.4,32.010,0.0077,0
8409,1024,1770.5,642.1,1841.7,853.5,32.010,0.0082,0
8410,1093,1194.2,721.5,1223.6,807.1,32.010,0.0081,0
8410,1142,1459.8,692.0,1507.4,832.8,32.010,0.0082,0
8410,1185,1349.9,701.8,1387.3,802.2,32.010,0.0079,0
8410,1137,1298.8,721.5,1327.8,794.6,32.010,0.0077,0
8410,1024,1792.8,635.7,1866.1,855.1,32.010,0.0082,0
8411,1093,1197.8,720.2,1227.5,806.9,32.010,0.0081,0
8411,1142,1475.3,689.4,1522.9,833.1,32.010,0.0082,0
8411,1185,1355.9,701.1,1392.9,801.3,32.010,0.0079,0
8411,1137,1302.7,719.9,1331.9,793.7,32.010,0.0077,0
8411,1024,1817.5,634.2,1892.0,857.7,32.010,0.0082,0
8412,1142,1491.1,685.9,1540.0,835.6,32.010,0.0083,0
8412,1185,1360.1,699.1,1398.1,802.0,32.010,0.0080,0
8412,1137,1305.6,716.7,1336.4,795.5,32.010,0.0078,0
8412,1024,1846.4,628.1,1920.0,860.0,32.010,0.0082,0
8413,1142,1507.5,682.6,1557.4,836.4,32.010,0.0083,0
8413,1185,1365.7,696.9,1405.4,804.2,32.010,0.0080,0
8413,1137,1310.2,716.9,1340.9,796.2,32.010,0.0078,0
8413,1024,1867.6,623.8,1920.0,858.2,32.010,0.0082,0
8413,1093,1202.6,724.7,1229.1,803.3,32.010,0.0081,0
8414,1142,1525.5,682.7,1576.1,838.1,32.010,0.0083,0
8414,1185,1370.8,698.0,1410.3,804.8,32.010,0.0080,0
8414,1137,1313.9,715.9,1345.7,797.6,32.010,0.0078,0
8415,1142,1542.2,683.1,1594.1,842.1,32.010,0.0083,0
8415,1185,1378.5,699.9,1418.2,808.1,32.010,0.0080,0
8415,1137,1320.2,719.3,1351.7,800.8,32.010,0.0078,0
8415,1093,1207.5,730.2,1228.2,791.9,32.010,0.0081,0
8416,1142,1558.2,683.6,1611.9,846.5,32.010,0.0083,0
8416,1185,1387.4,698.7,1428.3,810.8,32.010,0.0080,0
8416,1137,1327.3,720.8,1359.0,803.3,32.010,0.0078,0
8416,1201,1425.9,704.4,1458.8,808.6,32.010,0.0079,0
8416,1181,471.7,721.1,495.0,791.2,32.010,0.0105,0
8417,1142,1574.1,683.1,1629.4,849.6,32.010,0.0084,0
8417,1185,1393.3,699.4,1434.5,812.5,32.010,0.0080,0
8417,1137,1332.5,721.7,1364.4,804.5,32.010,0.0078,0
8417,1201,1432.9,704.0,1466.3,809.3,32.010,0.0079,0
8417,1181,467.8,721.6,490.9,792.4,32.010,0.0105,0
8417,1093,1214.8,732.8,1234.1,790.4,32.010,0.0081,0
8418,1142,1591.0,682.4,1647.7,851.8,32.010,0.0084,0
8418,1185,1399.3,700.1,1440.7,814.5,32.010,0.0080,0
8418,1137,1335.5,722.4,1368.1,805.4,32.010,0.0078,0
8418,1201,1439.0,703.7,1473.0,810.0,32.010,0.0079,0
8418,1181,462.3,721.0,485.5,792.3,32.010,0.0106,0
8419,1142,1608.7,679.6,1666.6,851.7,32.010,0.0084,0
8419,1185,1405.7,699.2,1447.4,814.4,32.010,0.0080,0
8419,1137,1340.4,722.3,1374.4,806.6,32.010,0.0078,0
8419,1201,1446.9,705.1,1481.1,811.4,32.010,0.0079,0
8419,1181,457.9,719.7,481.4,792.4,32.010,0.0106,0
8419,1093,1221.9,733.4,1241.4,791.5,32.010,0.0081,0
8420,1142,1628.8,674.9,1687.9,851.4,32.010,0.0084,0
8420,1185,1414.2,697.9,1456.9,815.2,32.010,0.0080,0
8420,1137,1349.0,722.0,1383.3,805.0,32.010,0.0078,0
8420,1201,1454.4,701.8,1489.6,811.5,32.010,0.0079,0
8420,1181,451.8,719.7,474.8,790.7,32.010,0.0107,0
8420,1093,1225.6,735.5,1244.9,792.2,32.010,0.0081,0
8421,1142,1650.4,670.5,1710.1,851.1,32.010,0.0084,0
8421,1185,1423.4,697.2,1465.9,813.4,32.010,0.0080,0
8421,1137,1356.3,720.2,1391.8,804.8,32.010,0.0078,0
8421,1201,1463.0,699.7,1498.9,811.5,32.010,0.0079,0
8421,1181,445.6,717.6,469.9,793.2,32.010,0.0107,0
8421,1093,1229.4,734.0,1249.0,791.8,32.010,0.0081,0
8422,1142,1672.6,665.3,1732.8,851.1,32.010,0.0084,0
8422,1185,1431.6,695.4,1474.6,812.8,32.010,0.0080,0
8422,1137,1362.8,717.7,1399.3,804.5,32.010,0.0078,0
8422,1201,1471.4,694.5,1508.4,809.7,32.010,0.0079,0
8422,1181,440.2,713.7,465.3,792.3,32.010,0.0108,0
8422,1093,1233.8,732.6,1253.3,790.2,32.010,0.0081,0
8423,1185,1439.8,692.8,1483.1,811.1,32.010,0.0080,0
8423,1137,1368.0,715.6,1405.0,804.1,32.010,0.0078,0
8423,1201,1479.9,690.8,1517.9,808.4,32.010,0.0079,0
8423,1181,434.8,714.0,459.6,792.3,32.010,0.0109,0
8424,1185,1448.0,688.4,1492.1,809.2,32.010,0.0080,0
8424,1137,1375.1,710.1,1413.2,801.5,32.010,0.0078,0
8424,1201,1487.6,690.3,1525.5,806.9,32.010,0.0079,0
8424,1181,428.8,710.8,453.8,788.9,32.010,0.0109,0
8424,1142,1717.9,651.3,1780.3,850.6,32.010,0.0084,0
8424,1093,1241.3,726.4,1262.2,787.7,32.010,0.0081,0
8425,1185,1454.1,686.1,1498.1,806.9,32.010,0.0080,0
8425,1137,1380.6,707.5,1418.4,800.0,32.010,0.0078,0
8425,1201,1495.2,681.9,1534.9,803.6,32.010,0.0079,0
8425,1093,1244.6,722.9,1266.0,785.8,32.010,0.0081,0
8426,1185,1463.7,681.9,1508.8,806.0,32.010,0.0080,0
8426,1137,1387.6,703.7,1425.4,797.2,32.010,0.0078,0
8426,1201,1503.6,680.4,1542.9,800.8,32.010,0.0079,0
8426,1093,1248.4,719.7,1271.0,784.9,32.010,0.0081,0
8426,1142,1767.8,637.2,1831.3,847.3,32.010,0.0084,0
8427,1185,1469.7,677.1,1515.5,804.8,32.010,0.0080,0
8427,1137,1395.9,700.8,1434.6,797.4,32.010,0.0078,0
8427,1201,1511.1,680.3,1549.3,797.1,32.010,0.0079,0
8427,1093,1252.9,718.4,1276.2,785.4,32.010,0.0081,0
8428,1185,1477.2,677.6,1522.5,805.0,32.010,0.0081,0
8428,1137,1403.3,699.0,1442.5,797.9,32.010,0.0078,0
8428,1201,1519.1,676.6,1559.2,799.9,32.010,0.0079,0
8428,1093,1257.1,719.1,1280.9,785.4,32.010,0.0081,0
8429,1185,1485.8,676.5,1532.2,807.5,32.010,0.0081,0
8429,1137,1413.0,699.8,1451.6,799.2,32.010,0.0078,0
8429,1201,1527.7,677.4,1568.0,802.2,32.010,0.0079,0
8429,1093,1259.7,718.1,1284.1,785.9,32.010,0.0081,0
8430,1185,1496.5,674.7,1542.8,807.8,32.010,0.0081,0
8430,1137,1421.5,699.0,1459.7,799.7,32.010,0.0078,0
8430,1201,1538.1,677.7,1578.4,804.4,32.010,0.0079,0
8430,1093,1266.8,719.8,1291.4,786.4,32.010,0.0081,0
8431,1185,1506.2,672.1,1553.5,809.8,32.010,0.0081,0
8431,1137,1430.7,698.1,1468.8,802.1,32.010,0.0079,0
8431,1201,1548.4,677.7,1589.0,806.4,32.010,0.0079,0
8431,1093,1271.4,720.0,1296.8,788.0,32.010,0.0081,0
8432,1185,1515.0,671.4,1562.8,812.7,32.010,0.0081,0
8432,1201,1557.1,679.5,1598.1,810.3,32.010,0.0080,0
8432,1093,1274.5,721.2,1301.5,791.6,32.010,0.0081,0
8433,1185,1524.8,669.3,1573.5,815.1,32.010,0.0081,0
8433,1201,1567.7,678.4,1609.0,811.1,32.010,0.0080,0
8434,1185,1534.9,670.2,1584.1,818.8,32.010,0.0081,0
8434,1201,1578.0,678.7,1619.7,813.4,32.010,0.0080,0
8434,1093,1284.8,723.2,1312.4,795.5,32.010,0.0081,0
8435,1185,1545.9,672.2,1595.0,820.4,32.010,0.0082,0
8435,1201,1590.2,677.0,1632.4,814.7,32.010,0.0080,0
8435,1093,1289.8,727.6,1316.4,797.1,32.010,0.0081,0
8436,1185,1554.7,670.5,1605.3,823.3,32.010,0.0082,0
8436,1201,1601.1,678.4,1643.1,815.6,32.010,0.0080,0
8436,1093,1294.5,725.9,1322.4,799.2,32.010,0.0081,0
8437,1185,1565.4,670.5,1616.2,824.2,32.010,0.0082,0
8437,1201,1612.4,674.8,1655.4,816.3,32.010,0.0080,0
8437,1093,1299.8,727.7,1326.9,798.9,32.010,0.0081,0
8438,1185,1575.0,672.2,1626.0,824.6,32.010,0.0082,0
8438,1201,1623.0,672.0,1667.1,817.0,32.010,0.0080,0
8438,1093,1303.1,724.4,1331.7,799.9,32.010,0.0081,0
8439,1185,1587.3,667.0,1639.6,823.3,32.010,0.0082,0
8439,1201,1634.4,668.0,1679.9,818.2,32.010,0.0080,0
8439,1093,1307.8,720.8,1337.4,800.1,32.010,0.0081,0
8439,1137,1481.9,700.3,1524.6,818.2,32.010,0.0079,0
8440,1185,1600.7,665.9,1653.3,824.4,32.010,0.0082,0
8440,1201,1646.5,668.6,1692.3,819.6,32.010,0.0080,0
8440,1093,1312.6,720.2,1342.7,800.6,32.010,0.0081,0
8440,1137,1494.0,700.4,1536.6,819.0,32.010,0.0079,0
8441,1185,1615.3,663.8,1668.1,824.9,32.010,0.0082,0
8441,1201,1659.8,666.2,1707.0,821.7,32.010,0.0081,0
8441,1093,1317.2,719.0,1348.1,801.9,32.010,0.0081,0
8441,1137,1505.6,700.5,1549.2,820.6,32.010,0.0079,0
8442,1185,1628.7,663.1,1681.5,825.8,32.010,0.0082,0
8442,1201,1672.7,664.7,1720.8,823.0,32.010,0.0081,0
8442,1093,1322.4,716.0,1354.4,802.8,32.010,0.0081,0
8442,1137,1518.2,699.6,1563.2,822.4,32.010,0.0079,0
8443,1185,1642.6,661.6,1695.7,826.3,32.010,0.0082,0
8443,1201,1686.3,665.6,1734.4,824.4,32.010,0.0081,0
8443,1168,1460.6,707.8,1503.1,825.7,32.010,0.0080,0
8443,1093,1327.4,715.8,1360.2,805.5,32.010,0.0081,0
8443,1137,1529.9,698.7,1577.1,826.2,32.010,0.0079,0
8444,1185,1654.7,661.9,1707.8,828.0,32.010,0.0082,0
8444,1201,1698.8,662.6,1747.9,825.3,32.010,0.0081,0
8444,1168,1469.4,707.8,1512.2,827.2,32.010,0.0080,0
8444,1093,1333.1,714.3,1366.0,804.9,32.010,0.0081,0
8444,1137,1541.6,698.3,1590.6,828.8,32.010,0.0079,0
8445,1185,1669.1,659.6,1722.9,828.7,32.010,0.0082,0
8445,1201,1713.2,659.1,1762.2,823.2,32.010,0.0081,0
8445,1168,1480.0,705.0,1524.0,828.2,32.010,0.0080,0
8445,1093,1339.8,715.3,1372.5,804.8,32.010,0.0081,0
8445,1137,1553.2,695.1,1604.5,830.8,32.010,0.0079,0
8446,1185,1682.4,656.7,1735.5,825.3,32.010,0.0082,0
8446,1201,1717.0,651.6,1770.0,824.2,32.010,0.0082,0
8446,1168,1489.2,692.2,1537.8,829.7,32.010,0.0081,0
8446,1093,1347.1,718.7,1378.5,804.7,32.010,0.0081,0
8446,1137,1565.6,692.7,1618.4,831.9,32.010,0.0079,0
8447,1185,1697.8,652.7,1749.8,819.9,30.014,0.0083,0
8447,1201,1729.9,647.5,1784.2,822.6,30.014,0.0083,0
8447,1168,1501.8,696.6,1548.3,828.2,30.014,0.0082,0
8447,1093,1353.9,717.6,1384.9,803.6,30.014,0.0081,0
8447,1137,1579.2,688.7,1633.0,830.2,30.014,0.0079,0
8448,1185,1712.6,647.3,1765.0,815.9,30.014,0.0083,0
8448,1201,1747.8,642.9,1802.3,820.8,30.014,0.0083,0
8448,1168,1514.2,694.0,1561.1,828.2,30.014,0.0082,0
8448,1093,1360.3,714.9,1392.2,803.3,30.014,0.0081,0
8448,1137,1592.3,684.7,1647.9,830.6,30.014,0.0079,0
8449,1185,1726.3,644.4,1780.6,820.3,30.014,0.0084,0
8449,1201,1766.6,636.9,1820.6,816.7,30.014,0.0084,0
8449,1168,1525.6,693.4,1573.4,832.2,30.014,0.0082,0
8449,1093,1367.9,718.9,1398.8,803.9,30.014,0.0079,0
8449,1137,1606.9,681.2,1664.0,831.4,30.014,0.0079,0
8450,1185,1741.3,640.3,1797.7,822.9,30.014,0.0084,0
8450,1201,1782.9,634.7,1836.4,817.1,30.014,0.0084,0
8450,1168,1538.3,695.9,1584.2,830.7,30.014,0.0082,0
8450,1266,1168.0,733.6,1192.9,790.7,30.014,0.0079,0
8450,1093,1374.4,720.6,1405.4,804.9,30.014,0.0079,0
8450,1137,1621.8,678.8,1680.2,832.9,30.014,0.0079,0
8451,1185,1756.7,636.5,1814.4,825.3,30.014,0.0085,0
8451,1201,1797.5,631.8,1850.8,816.6,30.014,0.0084,0
8451,1168,1550.8,690.8,1597.6,832.4,30.014,0.0083,0
8451,1266,1170.8,734.5,1195.4,790.5,30.014,0.0079,0
8451,1093,1381.1,719.3,1413.2,806.5,30.014,0.0079,0
8451,1137,1636.0,677.6,1696.2,835.9,30.014,0.0079,0
8452,1185,1770.4,633.7,1829.4,827.1,30.014,0.0085,0
8452,1201,1813.0,629.3,1867.1,820.9,30.014,0.0085,0
8452,1168,1562.2,683.3,1612.4,838.0,30.014,0.0083,0
8452,1266,1171.3,733.7,1197.6,792.6,30.014,0.0079,0
8452,1093,1388.8,722.1,1421.0,808.2,30.014,0.0079,0
8452,1137,1652.1,677.5,1712.8,838.0,30.014,0.0079,0
8453,1185,1784.6,631.7,1845.0,829.3,30.014,0.0086,0
8453,1201,1829.2,628.6,1882.9,822.8,30.014,0.0086,0
8453,1168,1576.2,677.8,1626.9,839.7,30.014,0.0084,0
8453,1266,1172.4,736.9,1198.6,795.4,30.014,0.0079,0
8453,1093,1396.3,725.1,1428.9,811.2,30.014,0.0079,0
8453,1137,1668.3,677.8,1729.9,840.7,30.014,0.0079,0
8454,1185,1802.9,629.1,1863.6,830.0,30.014,0.0086,0
8454,1201,1846.9,631.1,1898.4,821.9,30.014,0.0086,0
8454,1168,1591.0,674.5,1641.7,841.3,30.014,0.0084,0
8454,1266,1173.7,738.5,1199.7,796.7,30.014,0.0079,0
8454,1093,1403.6,724.8,1437.5,813.7,30.014,0.0079,0
8454,1137,1683.9,676.3,1747.1,844.5,30.014,0.0084,0
8455,1201,1863.5,626.0,1915.7,822.9,30.014,0.0086,0
8455,1168,1607.8,679.6,1655.2,841.8,30.014,0.0084,0
8455,1266,1174.1,739.1,1200.0,796.5,30.014,0.0079,0
8455,1093,1411.4,724.9,1446.2,814.8,30.014,0.0079,0
8455,1137,1702.4,673.8,1766.3,845.3,30.014,0.0084,0
8456,1168,1613.0,678.7,1661.1,839.4,30.014,0.0084,0
8456,1266,1176.8,739.2,1203.0,796.9,30.014,0.0079,0
8456,1093,1419.1,720.7,1455.8,814.1,30.014,0.0080,0
8456,1137,1720.4,668.4,1785.7,845.8,30.014,0.0084,0
8457,1266,1177.1,737.5,1203.4,794.9,30.014,0.0079,0
8457,1093,1426.5,716.7,1464.6,812.9,30.014,0.0080,0
8457,1137,1739.9,661.3,1806.0,843.6,30.014,0.0085,0
8458,1266,1179.7,735.7,1206.0,792.8,30.014,0.0079,0
8458,1093,1434.8,715.3,1473.5,811.4,30.014,0.0080,0
8458,1137,1759.6,655.2,1826.5,842.2,30.014,0.0085,0
8458,1168,1629.0,680.7,1674.2,835.3,30.014,0.0084,0
8459,1266,1181.0,734.8,1207.0,791.3,30.014,0.0079,0
8459,1093,1444.4,711.4,1485.0,810.5,30.014,0.0080,0
8460,1266,1182.0,731.0,1209.0,789.3,30.014,0.0079,0
8460,1093,1452.5,706.4,1495.0,809.4,30.014,0.0080,0
8460,1137,1802.4,642.1,1872.2,841.4,30.014,0.0085,0
8461,1266,1183.9,730.8,1210.9,788.7,30.014,0.0079,0
8461,1093,1461.4,703.8,1505.4,809.7,30.014,0.0080,0
8461,1137,1825.1,637.9,1895.1,841.4,30.014,0.0085,0
8462,1266,1184.4,731.8,1211.5,789.5,30.014,0.0079,0
8462,1093,1471.7,702.9,1516.4,810.0,30.014,0.0080,0
8462,1137,1848.0,634.2,1918.4,842.4,30.014,0.0085,0
8463,1266,1187.5,732.9,1214.7,791.3,30.014,0.0079,0
8463,1093,1482.9,703.3,1528.3,812.6,30.014,0.0080,0
8463,1137,1865.0,631.0,1920.0,844.3,30.014,0.0085,0
8464,1266,1188.0,731.2,1217.2,794.5,30.014,0.0079,0
8464,1093,1494.7,703.9,1541.1,816.5,30.014,0.0080,0
8464,1168,1666.7,651.5,1731.6,877.5,30.014,0.0084,0
8465,1266,1190.7,733.9,1219.4,796.5,30.014,0.0080,0
8465,1093,1507.8,703.2,1554.5,819.8,30.014,0.0080,0
8465,1168,1679.9,644.1,1748.0,882.1,30.014,0.0084,0
8466,1266,1191.5,731.0,1221.9,798.0,30.014,0.0080,0
8466,1093,1519.8,705.7,1565.6,822.8,30.014,0.0081,0
8466,1168,1697.9,641.5,1767.9,886.5,30.014,0.0084,0
8467,1266,1193.7,735.5,1223.0,800.4,30.014,0.0080,0
8467,1093,1532.7,705.2,1578.7,825.9,30.014,0.0081,0
8467,1320,1777.4,644.5,1847.6,912.7,30.014,0.0102,0
8467,1296,293.7,703.0,329.3,804.8,30.014,0.0142,0
8467,1168,1719.1,638.5,1791.3,890.9,30.014,0.0084,0
8468,1266,1197.7,735.0,1226.9,800.5,30.014,0.0080,0
8468,1093,1544.4,706.1,1589.9,829.0,30.014,0.0081,0
8468,1320,1803.1,638.3,1875.7,916.9,30.014,0.0103,0
8468,1325,165.6,690.4,211.6,813.6,30.014,0.0178,0
8468,1296,281.5,699.2,317.9,803.9,30.014,0.0145,0
8468,1168,1738.7,634.1,1813.7,894.2,30.014,0.0084,0
8469,1266,1199.6,737.0,1227.7,799.7,30.014,0.0080,0
8469,1093,1558.9,705.3,1603.7,828.5,30.014,0.0081,0
8469,1320,1831.2,635.0,1905.3,920.1,30.014,0.0105,0
8469,1325,151.9,683.2,199.3,810.8,30.014,0.0182,0
8469,1296,269.3,694.6,306.2,802.5,30.014,0.0147,0
8469,1324,1426.8,716.6,1455.2,795.1,30.014,0.0078,0
8469,1168,1762.4,633.5,1839.0,897.8,30.014,0.0084,0
8470,1266,1202.0,735.3,1230.2,798.1,30.014,0.0080,0
8470,1093,1570.9,704.1,1616.1,829.1,30.014,0.0081,0
8470,1320,1852.6,625.0,1920.0,923.2,30.014,0.0107,0
8470,1325,137.2,680.2,183.9,807.5,30.014,0.0186,0
8470,1296,256.4,690.8,293.2,800.0,30.014,0.0149,0
8470,1324,1431.7,711.3,1461.8,794.6,30.014,0.0078,0
8470,1168,1783.0,623.5,1863.8,902.7,30.014,0.0084,0
8471,1266,1200.8,730.4,1231.0,797.7,30.014,0.0080,0
8471,1093,1583.8,700.8,1630.3,828.9,30.014,0.0081,0
8471,1320,1869.9,621.0,1920.0,925.0,30.014,0.0109,0
8471,1325,121.4,676.6,167.6,805.2,30.014,0.0189,0
8471,1296,243.1,687.1,279.6,796.3,30.014,0.0151,0
8471,1324,1437.3,716.3,1465.7,793.8,30.014,0.0078,0
8471,1168,1809.4,627.5,1890.0,904.5,30.014,0.0084,0
8472,1266,1202.8,732.4,1232.6,798.2,30.014,0.0080,0
8472,1093,1597.6,698.3,1645.5,828.8,30.014,0.0081,0
8472,1325,104.1,672.9,149.9,802.7,30.014,0.0193,0
8472,1296,230.8,683.6,267.8,795.3,30.014,0.0153,0
8472,1324,1441.4,708.2,1472.6,793.8,30.014,0.0078,0
8472,1168,1832.3,619.0,1915.2,906.0,30.014,0.0084,0
8473,1266,1204.3,730.5,1235.3,798.5,30.014,0.0080,0
8473,1093,1610.1,699.7,1657.4,828.4,30.014,0.0081,0
8473,1325,87.6,670.1,133.0,801.9,30.014,0.0197,0
8473,1296,216.0,680.1,253.4,794.0,30.014,0.0155,0
8473,1324,1447.0,711.0,1477.3,794.0,30.014,0.0078,0
8473,1168,1850.9,620.9,1920.0,908.6,30.014,0.0084,0
8474,1266,1209.3,731.4,1239.4,798.1,30.014,0.0080,0
8474,1093,1624.7,697.6,1673.3,828.4,30.014,0.0081,0
8474,1325,70.2,657.3,117.7,799.2,30.014,0.0203,0
8474,1296,201.4,677.0,239.8,792.7,30.014,0.0158,0
8474,1324,1451.4,702.6,1484.2,793.4,30.014,0.0078,0
8474,1168,1859.7,634.6,1920.0,899.8,30.014,0.0084,0
8475,1266,1211.9,728.1,1242.4,796.8,30.014,0.0080,0
8475,1093,1638.1,691.8,1688.6,828.2,30.014,0.0081,0
8475,1325,53.3,648.0,101.7,795.6,30.014,0.0209,0
8475,1296,187.1,675.4,226.1,791.0,30.014,0.0160,0
8475,1324,1458.3,701.7,1490.8,792.2,30.014,0.0078,0
8476,1266,1215.5,724.3,1247.6,797.0,30.014,0.0080,0
8476,1093,1652.5,687.3,1705.0,828.7,30.014,0.0082,0
8476,1325,38.2,646.6,86.3,795.0,30.014,0.0216,0
8476,1296,172.0,671.3,212.5,789.1,30.014,0.0163,0
8476,1324,1465.9,709.6,1495.5,791.7,30.014,0.0078,0
8477,1266,1218.2,723.3,1250.8,797.0,30.014,0.0080,0
8477,1093,1669.7,687.3,1722.6,828.8,30.014,0.0082,0
8477,1325,19.1,644.0,67.0,793.2,30.014,0.0223,0
8477,1296,158.6,668.6,200.5,789.3,30.014,0.0165,0
8477,1324,1470.0,702.7,1502.0,792.1,30.014,0.0078,0
8478,1266,1220.6,722.3,1253.3,795.9,30.014,0.0080,0
8478,1093,1690.1,690.8,1742.3,827.8,30.014,0.0081,0
8478,1325,1.7,641.6,50.8,794.3,30.014,0.0230,0
8478,1296,144.2,667.8,187.4,790.4,30.014,0.0168,0
8478,1324,1477.3,703.7,1508.8,791.8,30.014,0.0078,0
8479,1266,1222.7,721.6,1255.7,795.5,30.014,0.0080,0
8479,1093,1705.5,681.6,1759.9,826.9,30.014,0.0082,0
8479,1325,0.0,640.5,38.7,791.1,30.014,0.0237,0
8479,1296,130.3,665.3,174.7,789.9,30.014,0.0172,0
8479,1324,1483.6,701.8,1516.2,792.4,30.014,0.0078,0
8480,1266,1225.7,724.1,1258.1,796.7,30.014,0.0080,0
8480,1093,1725.3,680.1,1780.1,827.2,30.014,0.0082,0
8480,1296,115.5,662.3,161.3,791.0,30.014,0.0175,0
8480,1324,1490.4,703.2,1522.6,793.2,30.014,0.0078,0
8481,1266,1228.2,726.5,1260.2,798.0,30.014,0.0080,0
8481,1093,1744.3,680.9,1797.2,827.7,30.014,0.0082,0
8481,1296,99.7,658.2,146.8,791.0,30.014,0.0179,0
8481,1324,1497.2,704.7,1529.2,793.7,30.014,0.0078,0
8482,1266,1229.3,727.5,1262.2,800.2,30.014,0.0080,0
8482,1093,1763.4,671.6,1818.6,829.4,30.014,0.0082,0
8482,1296,83.7,656.0,130.5,789.4,30.014,0.0183,0
8482,1324,1503.9,706.4,1536.2,795.8,30.014,0.0078,0
8483,1266,1232.1,727.6,1265.7,802.4,30.014,0.0080,0
8483,1093,1782.1,669.4,1837.1,832.0,30.014,0.0082,0
8483,1296,68.0,654.1,114.4,789.7,30.014,0.0188,0
8483,1324,1509.7,704.5,1543.2,797.2,30.014,0.0078,0
8484,1266,1236.3,729.5,1271.0,807.5,30.014,0.0081,0
8484,1093,1803.1,665.0,1858.8,833.6,30.014,0.0082,0
8484,1296,48.1,651.7,94.9,790.2,30.014,0.0193,0
8484,1324,1516.5,705.9,1550.4,799.3,30.014,0.0078,0
8485,1266,1240.8,730.7,1274.7,807.3,30.014,0.0081,0
8485,1093,1823.0,661.9,1879.2,834.9,30.014,0.0083,0
8485,1296,32.4,647.0,79.5,789.3,30.014,0.0198,0
8485,1324,1525.8,706.9,1559.1,799.1,30.014,0.0078,0
8486,1266,1244.3,729.0,1279.0,808.7,30.014,0.0081,0
8486,1093,1842.1,664.3,1896.6,834.9,30.014,0.0083,0
8486,1296,17.4,648.8,63.6,790.9,30.014,0.0204,0
8486,1324,1534.0,707.5,1567.5,800.5,30.014,0.0078,0
8487,1266,1248.0,731.1,1282.5,810.8,30.014,0.0081,0
8487,1093,1861.4,661.5,1915.7,833.4,30.014,0.0083,0
8487,1296,0.4,647.2,46.0,791.1,30.014,0.0211,0
8487,1324,1542.6,706.3,1576.1,800.2,30.014,0.0078,0
8488,1266,1252.0,729.9,1285.6,808.4,30.014,0.0081,0
8488,1093,1875.7,656.4,1920.0,834.1,30.014,0.0083,0
8488,1296,0.0,637.9,32.8,786.2,30.014,0.0218,0
8488,1324,1551.4,707.5,1584.3,799.2,30.014,0.0078,0
8489,1266,1255.2,727.0,1289.3,807.4,30.014,0.0081,0
8489,1324,1559.4,705.7,1593.4,800.5,30.014,0.0078,0
8490,1266,1260.5,727.2,1294.1,806.4,30.014,0.0081,0
8490,1324,1567.4,701.2,1602.2,798.4,30.014,0.0078,0
8491,1266,1263.3,723.1,1298.4,806.2,30.014,0.0081,0
8491,1324,1577.2,699.6,1611.9,796.0,30.014,0.0078,0
8492,1266,1267.3,724.6,1302.6,808.2,30.014,0.0081,0
8492,1324,1586.6,701.8,1621.0,797.6,30.014,0.0078,0
8493,1266,1272.8,727.4,1308.1,811.3,30.014,0.0081,0
8493,1324,1595.8,700.2,1630.0,795.1,30.014,0.0078,0
8494,1266,1277.4,726.4,1313.8,813.3,30.014,0.0081,0
8494,1324,1605.0,700.3,1641.0,801.1,30.014,0.0078,0
8495,1266,1282.5,726.9,1318.5,813.0,30.014,0.0081,0
8495,1324,1614.2,697.4,1650.9,800.2,30.014,0.0078,0
8496,1266,1285.5,724.6,1322.9,813.9,30.014,0.0082,0
8496,1324,1623.6,697.6,1661.7,804.7,30.014,0.0078,0
8497,1266,1290.0,722.6,1328.5,814.7,30.014,0.0082,0
8497,1324,1633.9,698.4,1670.8,802.2,30.014,0.0078,0
8498,1266,1292.3,721.6,1332.1,815.2,30.014,0.0082,0
8498,1324,1644.2,698.0,1681.3,802.7,30.014,0.0078,0
8499,1266,1295.7,721.9,1336.2,815.7,30.014,0.0082,0
8499,1324,1654.9,695.9,1692.6,803.2,30.014,0.0078,0
8500,1266,1300.1,720.2,1342.0,816.1,30.014,0.0082,0
8500,1324,1665.4,692.5,1703.1,801.0,30.014,0.0078,0
8501,1266,1303.1,720.6,1345.6,816.6,30.014,0.0082,0
8501,1324,1677.5,689.1,1715.4,799.1,30.014,0.0078,0
8502,1266,1307.9,720.3,1351.6,818.1,30.014,0.0082,0
8502,1324,1688.0,685.1,1727.5,800.7,30.014,0.0078,0
8503,1266,1311.6,720.4,1356.1,819.2,30.014,0.0082,0
8503,1324,1700.5,682.7,1739.0,796.2,30.014,0.0078,0
8504,1266,1316.9,718.4,1363.0,821.2,30.014,0.0083,0
8504,1324,1712.6,680.3,1751.2,795.0,30.014,0.0078,0
8505,1266,1323.7,720.5,1369.9,824.0,30.014,0.0083,0
8505,1324,1724.5,677.3,1763.5,794.4,30.014,0.0078,0
8506,1266,1330.5,721.3,1376.5,826.2,30.014,0.0083,0
8506,1324,1736.9,676.7,1776.4,796.5,30.014,0.0078,0
8507,1266,1336.7,723.2,1382.6,828.4,30.014,0.0083,0
8507,1324,1749.7,674.8,1789.5,796.5,30.014,0.0079,0
8508,1266,1345.9,724.0,1391.8,830.0,30.014,0.0083,0
8508,1324,1763.7,673.1,1804.2,797.5,30.014,0.0079,0
8509,1266,1352.8,723.8,1399.4,832.7,30.014,0.0083,0
8509,1324,1775.7,670.4,1816.5,795.9,30.014,0.0079,0
8509,1410,436.1,712.7,468.3,808.9,30.014,0.0122,0
8510,1266,1360.2,725.7,1407.0,835.7,30.014,0.0083,0
8510,1324,1790.5,669.5,1830.2,793.5,30.014,0.0079,0
8510,1410,429.0,713.7,461.8,812.4,30.014,0.0125,0
8511,1266,1368.0,725.0,1415.4,837.7,30.014,0.0084,0
8511,1324,1805.3,668.0,1845.2,794.7,30.014,0.0079,0
8511,1410,421.7,714.7,454.4,814.3,30.014,0.0127,0
8511,1287,145.9,694.1,191.0,814.6,30.014,0.0169,0
8512,1266,1375.1,723.4,1423.9,839.7,30.014,0.0084,0
8512,1324,1818.6,667.2,1858.4,795.0,30.014,0.0079,0
8512,1410,414.4,716.9,446.9,816.0,30.014,0.0129,0
8512,1287,127.5,694.0,173.4,816.0,30.014,0.0175,0
8513,1266,1383.8,727.0,1431.6,841.7,30.014,0.0084,0
8513,1324,1833.4,664.2,1874.1,795.9,30.014,0.0079,0
8513,1410,405.9,715.7,439.4,818.7,30.014,0.0132,0
8513,1287,110.3,692.7,156.9,817.7,30.014,0.0182,0
8514,1266,1391.4,728.9,1439.4,844.5,30.014,0.0084,0
8514,1324,1846.8,661.8,1887.9,796.0,30.014,0.0079,0
8514,1410,397.5,715.1,431.8,821.6,30.014,0.0135,0
8514,1287,90.2,690.7,137.9,819.0,30.014,0.0189,0
8515,1266,1398.6,725.5,1448.3,845.7,30.014,0.0084,0
8515,1410,389.4,716.9,423.4,822.5,30.014,0.0138,0
8515,1287,72.1,690.7,119.0,819.4,30.014,0.0197,0
8516,1266,1408.5,722.0,1459.4,845.9,30.014,0.0085,0
8516,1410,380.7,719.5,414.3,823.4,30.014,0.0141,0
8516,1287,52.3,689.1,98.5,819.8,30.014,0.0205,0
8516,1324,1877.9,655.6,1918.1,787.5,30.014,0.0079,0
8517,1266,1419.0,725.2,1469.0,848.1,30.014,0.0085,0
8517,1410,370.5,719.6,404.7,825.5,30.014,0.0144,0
8517,1287,32.1,687.4,77.5,820.0,30.014,0.0214,0
8518,1266,1429.8,725.5,1480.1,849.2,30.014,0.0085,0
8518,1410,360.2,718.6,394.7,825.7,30.014,0.0148,0
8518,1287,11.3,684.4,56.5,820.0,30.014,0.0224,0
8519,1266,1441.4,722.3,1492.3,849.0,30.014,0.0085,0
8519,1410,349.9,714.2,385.9,826.5,30.014,0.0152,0
8519,1287,0.0,679.1,39.4,819.3,30.014,0.0234,0
8520,1266,1451.5,717.1,1504.0,849.3,30.014,0.0085,0
8520,1410,338.2,705.0,376.2,825.2,30.014,0.0157,0
8521,1266,1461.8,715.0,1514.5,849.3,30.014,0.0085,0
8521,1410,327.7,703.9,364.8,821.9,30.014,0.0160,0
8522,1266,1474.3,713.8,1526.8,848.5,30.014,0.0085,0
8522,1410,317.4,701.7,354.1,818.4,30.014,0.0163,0
8523,1266,1486.0,708.7,1540.0,848.8,30.014,0.0085,0
8523,1410,307.2,697.7,344.0,815.5,30.014,0.0166,0
8523,1449,1523.7,700.4,1561.4,823.7,30.014,0.0081,0
8524,1266,1498.7,705.8,1552.6,846.4,30.014,0.0085,0
8524,1410,295.9,688.2,333.7,809.9,30.014,0.0168,0
8524,1449,1537.7,695.8,1576.0,820.2,30.014,0.0081,0
8524,1452,411.6,704.1,436.3,809.6,30.014,0.0140,0
8525,1266,1511.1,701.3,1566.2,845.7,30.014,0.0085,0
8525,1410,284.4,681.8,323.3,807.8,30.014,0.0170,0
8525,1449,1550.9,691.8,1590.9,820.2,30.014,0.0082,0
8525,1452,403.2,701.9,427.7,807.1,30.014,0.0142,0
8526,1266,1523.6,692.1,1580.7,842.8,30.014,0.0086,0
8526,1410,271.9,674.4,311.8,804.9,30.014,0.0173,0
8526,1449,1565.1,686.4,1606.4,818.2,30.014,0.0082,0
8526,1452,394.4,696.3,419.3,803.9,30.014,0.0143,0
8527,1266,1536.1,684.8,1594.6,841.3,30.014,0.0086,0
8527,1410,260.2,673.3,299.9,803.3,30.014,0.0175,0
8527,1449,1580.3,682.3,1622.7,815.3,30.014,0.0082,0
8527,1452,385.2,691.3,410.5,801.8,30.014,0.0144,0
8528,1410,247.1,672.0,287.7,805.6,30.014,0.0177,0
8528,1449,1595.3,678.9,1639.0,814.8,30.014,0.0082,0
8528,1452,375.5,690.0,401.6,804.0,30.014,0.0146,0
8529,1410,233.9,669.7,275.5,807.8,30.014,0.0180,0
8529,1449,1610.5,676.6,1655.3,815.6,30.014,0.0082,0
8529,1452,365.4,691.4,391.1,804.8,30.014,0.0148,0
8530,1410,219.7,670.9,261.3,810.7,30.014,0.0183,0
8530,1449,1625.7,678.1,1671.5,819.7,30.014,0.0082,0
8530,1452,353.9,692.8,380.3,809.0,30.014,0.0149,0
8531,1410,206.4,679.2,246.8,816.0,30.014,0.0187,0
8531,1449,1641.0,680.7,1688.4,827.7,30.014,0.0082,0
8531,1452,343.0,699.6,369.4,815.7,30.014,0.0152,0
8531,1266,1593.0,684.5,1656.4,857.3,30.014,0.0086,0
8532,1410,191.4,679.4,232.7,821.0,30.014,0.0191,0
8532,1449,1656.8,684.9,1705.2,835.5,30.014,0.0082,0
8532,1452,331.2,702.3,358.4,822.3,30.014,0.0155,0
8532,1436,9.1,643.8,51.7,762.6,30.014,0.0179,0
8532,1266,1608.8,687.9,1672.8,866.4,30.014,0.0086,0
8533,1410,176.0,678.9,218.5,826.3,30.014,0.0197,0
8533,1449,1674.6,690.3,1724.1,844.4,30.014,0.0083,0
8533,1452,319.8,707.5,346.9,827.7,30.014,0.0159,0
8533,1436,0.0,641.6,41.8,765.2,30.014,0.0182,0
8533,1266,1626.4,696.5,1689.5,876.3,30.014,0.0086,0
8534,1410,161.0,679.5,203.7,829.3,30.014,0.0203,0
8534,1449,1692.5,694.9,1742.6,853.2,30.014,0.0083,0
8534,1452,307.6,710.1,335.3,832.9,30.014,0.0164,0
8534,1436,0.0,642.3,34.2,763.7,30.014,0.0185,0
8534,1266,1646.6,703.6,1709.6,886.8,30.014,0.0086,0
8535,1410,145.3,677.2,188.6,831.2,30.014,0.0210,0
8535,1449,1711.2,697.2,1761.4,857.6,30.014,0.0083,0
8535,1452,295.8,710.4,324.1,835.4,30.014,0.0169,0
8535,1436,0.0,639.5,29.5,764.6,30.014,0.0188,0
8535,1266,1664.3,702.5,1728.2,893.9,30.014,0.0086,0
8536,1410,131.0,679.2,174.1,833.5,30.014,0.0218,0
8536,1449,1732.1,692.3,1783.6,859.4,30.014,0.0084,0
8536,1452,283.7,707.7,312.5,837.0,30.014,0.0174,0
8536,1266,1683.6,700.5,1748.5,895.7,30.014,0.0086,0
8537,1410,114.8,673.3,159.0,834.0,30.014,0.0227,0
8537,1449,1752.9,684.3,1804.9,854.9,30.014,0.0084,0
8537,1452,270.1,699.3,300.7,836.7,30.014,0.0181,0
8537,1266,1704.2,693.5,1770.2,892.2,30.014,0.0086,0
8538,1410,97.9,668.3,142.6,832.5,30.014,0.0238,0
8538,1449,1773.9,672.2,1826.4,848.2,30.014,0.0084,0
8538,1452,255.8,693.6,287.2,835.4,30.014,0.0187,0
8538,1266,1723.9,681.0,1792.0,885.4,30.014,0.0086,0
8539,1410,79.2,660.8,124.9,830.3,30.014,0.0250,0
8539,1449,1795.3,657.2,1848.3,839.8,30.014,0.0084,0
8539,1452,242.4,688.2,273.8,830.8,30.014,0.0193,0
8539,1266,1744.2,665.0,1814.9,877.3,30.014,0.0086,0
8540,1410,60.2,653.1,106.4,825.5,32.010,0.0256,0
8540,1449,1817.6,645.7,1869.8,829.8,32.010,0.0084,0
8540,1452,227.5,679.1,259.7,826.9,32.010,0.0194,0
8540,1266,1764.5,647.1,1837.9,868.1,32.010,0.0086,0
8541,1410,43.9,645.6,89.9,820.4,32.010,0.0263,0
8541,1452,212.3,670.4,244.8,820.7,32.010,0.0197,0
8541,1266,1786.9,630.1,1862.0,859.1,32.010,0.0086,0
8542,1410,22.4,639.6,69.0,816.0,32.010,0.0272,0
8542,1452,197.7,664.4,230.5,816.1,32.010,0.0200,0
8542,1266,1810.3,617.3,1886.6,852.5,32.010,0.0086,0
8542,1449,1864.1,616.2,1918.2,811.6,32.010,0.0084,0
8543,1410,3.9,629.1,51.8,812.0,32.010,0.0282,0
8543,1452,182.6,658.3,215.9,811.9,32.010,0.0203,0
8543,1266,1837.9,608.9,1915.2,849.5,32.010,0.0086,0
8544,1410,0.0,629.4,36.1,808.8,32.010,0.0290,0
8544,1452,166.3,650.2,200.5,809.1,32.010,0.0206,0
8544,1266,1854.9,583.4,1920.0,845.9,32.010,0.0086,0
8545,1452,149.9,645.9,184.7,808.5,32.010,0.0211,0
8546,1452,132.2,645.0,167.5,810.9,32.010,0.0215,0
8547,1452,114.9,646.8,150.9,816.0,32.010,0.0220,0
8548,1452,98.1,648.8,135.0,823.4,32.010,0.0226,0
8549,1452,79.5,651.2,116.8,829.4,32.010,0.0234,0
8550,1452,61.1,656.2,98.7,835.1,31.012,0.0244,0
8551,1452,40.8,658.1,79.1,841.5,30.014,0.0259,0
8552,1452,18.8,654.9,58.3,845.1,30.014,0.0275,0
8553,1452,0.4,656.8,39.5,846.1,31.012,0.0288,0
8567,1580,731.3,733.5,751.0,786.1,32.010,0.0089,0
8567,1581,414.7,708.6,446.9,791.1,32.010,0.0113,0
8567,1583,668.5,727.2,688.0,776.3,32.010,0.0090,0
8568,1580,728.7,734.5,749.0,788.9,32.010,0.0089,0
8568,1581,407.4,711.3,439.7,794.4,32.010,0.0114,0
8568,1583,666.8,729.7,686.5,779.5,32.010,0.0090,0
8569,1580,725.5,736.3,746.4,792.2,32.010,0.0089,0
8569,1581,400.2,712.7,432.1,795.6,32.010,0.0114,0
8569,1583,665.1,732.6,684.8,781.7,32.010,0.0090,0
8570,1580,722.6,740.6,743.5,795.7,32.010,0.0089,0
8570,1581,392.4,715.7,422.9,794.7,32.010,0.0114,0
8570,1583,663.3,735.8,683.5,785.6,32.010,0.0090,0
8571,1580,719.2,742.6,740.9,799.1,32.010,0.0089,0
8571,1581,385.2,716.7,416.5,798.6,32.010,0.0114,0
8571,1583,662.1,736.5,682.8,787.0,32.010,0.0090,0
8572,1580,715.6,742.1,738.3,800.8,32.010,0.0090,0
8572,1581,379.2,717.2,409.0,794.0,32.010,0.0114,0
8572,1583,659.6,738.4,680.2,788.0,32.010,0.0090,0
8573,1580,712.7,743.0,735.8,801.3,32.010,0.0090,0
8573,1581,371.5,716.6,401.1,792.4,32.010,0.0114,0
8573,1583,657.1,738.9,678.9,790.6,32.010,0.0090,0
8574,1580,710.4,740.0,734.5,800.1,32.010,0.0090,0
8574,1581,360.0,708.6,393.4,793.4,32.010,0.0116,0
8574,1583,655.2,737.6,676.8,788.8,32.010,0.0090,0
8575,1580,706.5,737.3,730.8,797.2,32.010,0.0091,0
8575,1581,350.0,705.5,384.0,791.6,32.010,0.0117,0
8575,1583,652.0,735.2,673.9,786.4,32.010,0.0090,0
