frame,track_id,x1,y1,x2,y2,ego_speed,prob_cross,pred
6041,1,1730.5,605.1,1890.9,1013.1,0.000,0.8275,1
6041,2,1521.2,620.1,1656.6,991.8,0.000,0.8205,1
6042,1,1737.8,606.5,1895.5,1013.4,0.000,0.8277,1
6042,2,1533.8,616.8,1669.5,991.0,0.000,0.8196,1
6043,1,1744.3,608.3,1899.4,1013.0,0.000,0.8278,1
6043,2,1542.8,613.6,1678.5,990.5,0.000,0.8188,1
6044,1,1752.1,610.0,1905.3,1012.9,0.000,0.8279,1
6044,2,1551.6,612.6,1684.7,984.8,0.000,0.8162,1
6044,9,279.3,686.6,300.6,737.5,0.000,0.6395,1
6045,1,1760.7,611.5,1912.8,1012.7,0.000,0.8281,1
6045,2,1555.6,610.5,1690.0,989.2,0.000,0.8166,1
6045,9,279.6,687.1,300.9,738.0,0.000,0.6394,1
6046,1,1769.1,611.9,1920.0,1012.6,0.000,0.8282,1
6046,2,1560.1,608.3,1696.4,995.2,0.000,0.8182,1
6046,9,279.8,687.7,301.0,738.7,0.000,0.6395,1
6047,1,1776.5,609.9,1920.0,1012.4,0.000,0.8280,1
6047,2,1566.7,605.7,1703.9,998.4,0.000,0.8199,1
6047,9,280.1,687.9,301.1,738.5,0.000,0.6393,1
6048,1,1780.9,607.2,1920.0,1012.5,0.000,0.8280,1
6048,2,1576.1,606.2,1712.6,1000.3,0.000,0.8211,1
6048,9,279.9,687.8,301.1,738.9,0.000,0.6394,1
6049,1,1786.8,604.3,1920.0,1012.5,0.000,0.8279,1
6049,2,1583.3,606.4,1720.6,1006.4,0.000,0.8239,1
6049,9,280.0,687.6,301.2,739.0,0.000,0.6396,1
6050,1,1794.0,601.8,1920.0,1012.0,0.000,0.8278,1
6050,2,1589.7,611.1,1726.1,1009.3,0.000,0.8260,1
6050,9,280.0,687.9,301.4,739.6,0.000,0.6399,1
6051,1,1803.4,600.0,1920.0,1012.2,0.000,0.8277,1
6051,2,1598.9,614.8,1734.6,1010.9,0.000,0.8275,1
6051,9,279.9,687.5,301.3,739.7,0.000,0.6402,1
6052,1,1814.0,599.2,1920.0,1011.0,0.000,0.8273,1
6052,2,1605.7,615.6,1740.9,1010.3,0.000,0.8280,1
6052,9,279.8,687.6,301.1,739.6,0.000,0.6404,1
6053,1,1823.0,599.4,1920.0,1010.0,0.000,0.8269,1
6053,2,1611.0,617.0,1746.5,1011.4,0.000,0.8289,1
6053,9,279.8,687.6,300.9,738.8,0.000,0.6402,1
6054,1,1828.4,602.1,1920.0,1008.7,0.000,0.8264,1
6054,2,1616.6,619.7,1752.1,1012.0,0.000,0.8295,1
6054,9,279.9,687.6,301.1,739.3,0.000,0.6404,1
6055,1,1832.0,605.3,1920.0,1008.6,0.000,0.8261,1
6055,2,1622.3,622.6,1758.0,1012.1,0.000,0.8299,1
6055,9,280.0,687.4,301.2,739.2,0.000,0.6404,1
6056,1,1838.3,639.5,1920.0,1008.3,0.000,0.8271,1
6056,2,1628.5,622.7,1765.1,1013.2,0.000,0.8305,1
6056,9,279.9,687.2,301.0,738.8,0.000,0.6404,1
6057,1,1841.8,658.6,1920.0,1007.8,0.000,0.8291,1
6057,2,1639.6,621.0,1776.6,1013.9,0.000,0.8308,1
6057,9,279.9,687.1,301.0,738.6,0.000,0.6403,1
6058,1,1844.0,663.2,1920.0,1008.5,0.000,0.8311,1
6058,2,1647.9,619.7,1785.0,1014.2,0.000,0.8310,1
6058,9,279.8,686.6,301.1,738.8,0.000,0.6404,1
6059,1,1846.0,664.4,1920.0,1008.0,0.000,0.8324,1
6059,2,1658.6,618.5,1794.5,1013.2,0.000,0.8306,1
6059,9,279.8,686.5,301.0,738.5,0.000,0.6404,1
6060,1,1847.7,660.1,1920.0,1008.0,0.000,0.8329,1
6060,2,1663.0,617.1,1798.8,1012.3,0.000,0.8301,1
6060,9,280.1,686.8,301.1,738.4,0.000,0.6402,1
6061,1,1851.8,665.2,1920.0,1007.2,0.000,0.8338,1
6061,2,1666.4,614.7,1802.9,1012.4,0.000,0.8298,1
6061,9,280.2,687.1,301.0,738.1,0.000,0.6400,1
6062,1,1854.7,666.6,1920.0,1007.1,0.000,0.8345,1
6062,2,1674.1,612.6,1810.8,1012.6,0.000,0.8295,1
6062,9,280.1,686.8,301.0,738.1,0.000,0.6399,1
6063,2,1686.6,611.4,1822.2,1012.8,0.000,0.8291,1
6063,9,280.4,687.1,301.1,738.0,0.000,0.6396,1
6064,2,1701.1,610.2,1834.7,1012.7,0.000,0.8287,1
6064,9,280.5,687.1,301.2,738.1,0.000,0.6395,1
6065,2,1712.2,609.4,1843.9,1011.7,0.000,0.8282,1
6065,9,280.6,685.8,301.9,738.4,0.000,0.6396,1
6066,2,1718.9,611.1,1849.5,1012.6,0.000,0.8282,1
6066,9,280.4,684.8,302.1,738.6,0.000,0.6400,1
6067,2,1724.9,613.5,1854.8,1012.4,0.000,0.8283,1
6067,9,280.5,684.5,302.3,739.1,0.000,0.6404,1
6068,2,1727.5,618.1,1857.0,1012.6,0.000,0.8286,1
6068,9,280.7,684.8,302.3,739.2,0.000,0.6408,1
6069,2,1728.0,620.9,1858.4,1012.2,0.000,0.8289,1
6069,9,280.8,684.5,302.4,739.2,0.000,0.6411,1
6070,2,1730.0,624.2,1861.3,1012.4,0.000,0.8293,1
6070,9,281.4,684.8,302.6,738.9,0.000,0.6411,1
6071,2,1730.5,624.7,1863.7,1011.8,0.000,0.8295,1
6071,9,281.9,685.9,302.7,739.2,0.000,0.6412,1
6072,2,1741.8,625.9,1872.5,1006.1,0.000,0.8279,1
6072,9,282.3,686.9,302.6,739.0,0.000,0.6410,1
6073,2,1745.0,625.2,1875.5,1005.7,0.000,0.8274,1
6073,9,282.3,686.7,302.7,738.8,0.000,0.6407,1
6074,2,1744.8,623.0,1876.8,1008.8,0.000,0.8280,1
6074,9,282.7,686.1,303.2,738.6,0.000,0.6405,1
6075,2,1748.0,620.8,1879.8,1009.5,0.000,0.8281,1
6075,9,282.4,685.8,303.3,739.2,0.000,0.6407,1
6076,2,1752.8,618.2,1883.4,1009.9,0.000,0.8282,1
6076,9,282.3,685.8,303.4,739.6,0.000,0.6409,1
6077,2,1758.6,616.3,1886.9,1009.8,0.000,0.8280,1
6077,9,282.4,685.5,303.2,738.4,0.000,0.6406,1
6078,2,1763.9,613.7,1889.3,1009.4,0.000,0.8277,1
6078,9,282.3,685.7,303.1,738.1,0.000,0.6404,1
6079,2,1766.8,613.5,1889.3,1009.8,0.000,0.8276,1
6079,9,282.3,685.9,303.2,738.4,0.000,0.6403,1
6080,2,1769.2,613.1,1889.3,1009.9,0.000,0.8275,1
6080,9,282.7,686.4,303.4,738.3,0.000,0.6400,1
6081,2,1772.2,612.8,1890.3,1009.4,0.000,0.8272,1
6081,9,282.9,686.5,303.7,738.9,0.000,0.6400,1
6082,2,1774.5,612.7,1891.1,1009.0,0.000,0.8270,1
6082,9,283.1,686.8,303.8,739.0,0.000,0.6399,1
6083,2,1776.9,612.2,1892.7,1008.6,0.000,0.8267,1
6083,9,284.0,687.4,304.1,738.1,0.000,0.6394,1
6084,2,1781.5,612.9,1897.4,1008.5,0.000,0.8265,1
6084,9,285.2,688.0,304.2,736.1,0.000,0.6381,1
6085,2,1785.7,616.1,1901.8,1008.3,0.000,0.8265,1
6085,9,286.0,688.0,304.1,733.6,0.000,0.6361,1
6086,2,1787.7,619.7,1903.5,1006.6,0.000,0.8262,1
6087,2,1789.0,621.0,1904.3,1002.6,0.000,0.8252,1
6088,2,1789.5,621.1,1905.3,1001.9,0.000,0.8247,1
6089,2,1791.4,622.3,1906.7,1000.1,0.000,0.8240,1
6090,2,1794.8,621.3,1910.6,997.4,0.000,0.8230,1
6091,2,1800.1,620.9,1914.8,991.2,0.000,0.8210,1
6092,2,1806.9,623.4,1918.5,983.5,0.000,0.8183,1
6093,2,1813.4,620.4,1920.0,978.3,0.000,0.8160,1
6094,2,1820.5,617.6,1920.0,975.0,0.000,0.8141,1
6095,2,1827.1,615.9,1920.0,974.3,0.000,0.8131,1
6096,2,1836.0,614.8,1920.0,972.4,0.000,0.8120,1
6097,2,1843.4,614.6,1920.0,972.9,0.000,0.8116,1
6098,2,1847.9,615.1,1920.0,973.4,0.000,0.8115,1
6099,2,1850.5,616.3,1920.0,973.2,0.000,0.8113,1
6100,2,1852.5,618.8,1920.0,974.0,0.000,0.8114,1
6101,2,1853.5,622.1,1920.0,980.2,0.000,0.8130,1
6102,2,1854.6,623.6,1920.0,985.0,0.000,0.8147,1
6103,2,1858.3,653.5,1920.0,979.4,0.000,0.8147,1
6104,2,1861.8,664.8,1920.0,970.7,0.000,0.8131,1
6105,2,1855.7,626.8,1920.0,995.5,0.000,0.8185,1
6106,2,1850.3,615.5,1920.0,1004.9,0.000,0.8222,1
6107,2,1843.3,603.3,1920.0,1008.8,0.000,0.8246,1
6108,2,1835.1,597.9,1919.0,1011.8,0.000,0.8264,1
6108,45,1583.2,717.4,1606.7,778.6,0.000,0.6207,1
6109,2,1824.4,598.4,1911.1,1012.0,0.000,0.8272,1
6109,45,1581.8,716.8,1605.8,778.0,0.000,0.6195,1
6109,9,287.7,687.4,307.4,732.9,0.000,0.6361,1
6110,2,1813.9,602.4,1904.1,1012.6,0.000,0.8276,1
6110,45,1579.4,716.0,1602.8,774.9,0.000,0.6174,1
6110,9,286.3,686.7,307.6,735.9,0.000,0.6361,1
6111,2,1805.0,606.9,1899.2,1012.6,0.000,0.8278,1
6111,45,1576.7,717.2,1600.2,776.0,0.000,0.6159,1
6111,9,286.2,686.3,308.2,737.6,0.000,0.6361,1
6112,2,1796.5,610.0,1893.9,1013.0,0.000,0.8281,1
6112,45,1574.0,715.7,1598.3,776.6,0.000,0.6149,1
6112,9,286.6,686.4,309.1,739.8,0.000,0.6361,1
6113,2,1786.9,610.6,1887.6,1013.0,0.000,0.8284,1
6113,45,1571.3,716.1,1595.7,777.3,0.000,0.6138,1
6113,9,286.7,686.4,309.4,741.0,0.000,0.6361,1
6114,2,1778.2,610.4,1882.1,1013.2,0.000,0.8285,1
6114,45,1569.4,717.2,1592.8,776.0,0.000,0.6118,1
6114,9,286.8,686.0,309.3,740.9,0.000,0.6361,1
6115,2,1767.0,610.5,1873.5,1013.3,0.000,0.8287,1
6115,45,1567.9,716.9,1590.8,774.7,0.000,0.6097,1
6115,9,287.3,686.1,309.8,740.8,0.000,0.6361,1
6116,2,1755.8,608.0,1864.8,1013.7,0.000,0.8288,1
6116,45,1564.4,716.7,1588.7,777.6,0.000,0.6092,1
6116,9,287.2,686.4,309.6,740.7,0.000,0.6361,1
6117,2,1747.9,606.5,1858.2,1014.1,0.000,0.8288,1
6117,45,1561.8,716.2,1586.7,777.6,0.000,0.6084,1
6117,9,287.4,687.1,309.6,741.0,0.000,0.6361,1
6118,2,1741.3,602.9,1852.6,1013.7,0.000,0.8286,1
6118,45,1559.5,716.8,1584.9,778.0,0.000,0.6077,1
6118,9,287.6,687.1,309.8,740.8,0.000,0.6361,1
6119,2,1736.0,599.0,1847.2,1013.1,0.000,0.8283,1
6119,45,1557.4,716.5,1583.9,779.0,0.000,0.6074,1
6119,9,288.0,686.8,310.6,741.2,0.000,0.6361,1
6120,2,1730.7,594.4,1841.8,1013.4,0.000,0.8283,1
6120,45,1556.0,716.2,1582.5,777.5,0.000,0.6064,1
6120,9,289.3,686.8,311.4,740.6,0.000,0.6361,1
6121,2,1720.3,590.9,1831.6,1012.8,0.000,0.8283,1
6121,45,1554.7,714.5,1582.4,777.8,0.000,0.6060,1
6121,9,289.7,686.9,311.6,740.3,0.000,0.6361,1
6122,2,1708.7,590.6,1820.5,1013.3,0.000,0.8287,1
6122,45,1554.6,715.1,1582.2,777.5,0.000,0.6053,1
6122,9,290.5,686.3,312.6,740.3,0.000,0.6361,1
6123,2,1691.0,592.5,1805.1,1013.5,0.000,0.8291,1
6123,45,1553.3,716.0,1580.9,777.7,0.000,0.6047,1
6123,9,290.9,685.7,313.3,740.7,0.000,0.6361,1
6124,2,1682.1,598.0,1797.0,1013.1,0.000,0.8289,1
6124,45,1550.6,715.3,1578.2,777.6,0.000,0.6042,1
6124,9,290.5,685.5,313.2,740.9,0.000,0.6401,1
6125,2,1675.9,603.5,1792.0,1013.3,0.000,0.8288,1
6125,45,1549.0,712.8,1577.1,777.4,0.000,0.6040,1
6125,9,290.8,685.7,313.2,740.7,0.000,0.6403,1
6126,2,1668.6,607.7,1787.1,1013.3,0.000,0.8290,1
6126,45,1548.5,715.0,1575.3,777.4,0.000,0.6034,1
6126,9,290.9,685.7,313.3,740.6,0.000,0.6403,1
6127,2,1659.4,610.8,1781.1,1013.0,0.000,0.8292,1
6127,45,1545.3,712.7,1572.3,776.6,0.000,0.6030,1
6127,9,291.3,685.9,313.6,740.7,0.000,0.6403,1
6128,2,1647.2,613.2,1772.6,1011.9,0.000,0.8293,1
6128,45,1544.3,712.2,1571.5,776.8,0.000,0.6029,1
6128,9,291.2,685.8,313.6,740.6,0.000,0.6402,1
6129,2,1635.7,614.2,1764.7,1011.1,0.000,0.8293,1
6129,45,1542.6,713.4,1569.0,776.8,0.000,0.6026,1
6129,9,291.8,685.8,313.7,739.9,0.000,0.6399,1
6130,2,1621.4,610.7,1754.9,1011.7,0.000,0.8298,1
6130,45,1541.5,714.0,1567.5,776.9,0.000,0.6022,1
6130,9,291.9,686.0,313.8,740.4,0.000,0.6398,1
6130,50,980.3,715.3,1015.4,791.9,0.000,0.4889,0
6131,2,1605.3,606.8,1740.0,1006.0,0.000,0.8283,1
6131,45,1539.7,714.2,1565.0,776.2,0.000,0.6015,1
6131,9,291.9,685.7,314.0,740.5,0.000,0.6398,1
6132,2,1594.4,604.1,1731.7,1006.1,0.000,0.8282,1
6132,45,1538.6,716.5,1563.2,776.3,0.000,0.6003,1
6132,9,292.0,685.5,314.3,741.1,0.000,0.6400,1
6133,2,1585.1,598.8,1725.8,1003.2,0.000,0.8276,1
6133,45,1536.4,717.7,1560.9,776.6,0.000,0.5989,1
6133,9,292.4,686.3,314.9,742.2,0.000,0.6404,1
6134,2,1555.3,594.3,1693.1,994.5,0.000,0.8257,1
6134,9,292.8,686.8,315.3,743.0,0.000,0.6409,1
6135,2,1530.4,591.0,1667.5,991.8,0.000,0.8253,1
6135,9,293.1,686.6,315.2,742.1,0.000,0.6409,1
6136,2,1509.6,590.3,1646.8,990.7,0.000,0.8253,1
6136,9,293.6,686.7,315.8,742.8,0.000,0.6412,1
6137,2,1492.0,590.1,1630.4,991.4,0.000,0.8259,1
6137,9,293.7,687.4,315.5,742.9,0.000,0.6414,1
6138,2,1477.1,591.2,1616.9,992.4,0.000,0.8267,1
6138,9,293.0,687.4,315.2,744.3,0.000,0.6421,1
6139,2,1462.6,595.2,1603.0,993.4,0.000,0.8274,1
6140,2,1442.7,599.5,1585.0,994.2,0.000,0.8281,1
6141,2,1417.9,604.4,1565.5,1000.6,0.000,0.8310,1
6141,9,298.6,684.5,324.8,751.7,0.000,0.6421,1
6142,2,1394.1,610.0,1547.3,1006.7,0.000,0.8349,1
6143,2,1368.7,613.9,1529.8,1018.2,0.000,0.8413,1
6144,2,1344.1,616.4,1511.9,1026.3,0.000,0.8475,1
6145,2,1320.2,617.2,1492.9,1031.9,0.000,0.8534,1
6146,2,1299.9,616.8,1475.4,1035.7,0.000,0.8584,1
6146,45,1507.1,710.4,1533.3,776.3,0.000,0.5989,1
6147,2,1283.6,614.9,1460.4,1036.8,0.000,0.8620,1
6147,45,1505.7,707.2,1532.2,775.6,0.000,0.5989,1
6148,2,1272.8,611.2,1450.8,1037.6,0.000,0.8646,1
6148,45,1505.0,706.6,1531.6,777.1,0.000,0.5989,1
6149,2,1261.2,608.5,1437.3,1036.8,0.000,0.8663,1
6149,45,1503.9,706.8,1530.1,777.1,0.000,0.5989,1
6150,2,1252.7,603.2,1427.1,1037.6,0.000,0.8678,1
6150,45,1501.9,708.5,1527.7,777.6,0.000,0.5989,1
6151,2,1241.0,599.9,1413.2,1038.3,0.000,0.8691,1
6151,45,1498.3,709.9,1523.6,777.1,0.000,0.5989,1
6152,2,1224.6,598.5,1394.5,1038.5,0.000,0.8703,1
6153,2,1207.4,598.4,1375.7,1037.7,0.000,0.8712,1
6153,45,1495.1,705.9,1521.7,776.7,0.000,0.5989,1
6154,2,1192.1,603.0,1358.2,1038.5,0.000,0.8726,1
6154,45,1494.9,710.5,1520.2,777.7,0.000,0.5989,1
6155,2,1179.4,607.5,1344.2,1038.8,0.000,0.8738,1
6155,45,1493.0,709.0,1518.9,778.5,0.000,0.5989,1
6156,2,1163.8,612.7,1328.8,1038.5,0.000,0.8750,1
6156,45,1491.2,709.9,1516.4,778.2,0.000,0.5989,1
6157,2,1150.7,616.9,1316.5,1038.1,0.000,0.8761,1
6157,45,1490.4,710.1,1515.3,778.2,0.000,0.5989,1
6158,2,1135.5,619.5,1303.2,1038.0,0.000,0.8771,1
6158,45,1488.4,711.4,1512.3,776.8,0.000,0.5989,1
6159,2,1115.8,618.6,1286.2,1037.9,0.000,0.8781,1
6159,45,1487.5,711.5,1511.7,777.3,0.000,0.5989,1
6160,2,1096.2,621.9,1266.9,1036.7,0.000,0.8789,1
6160,45,1486.5,715.0,1508.8,774.7,0.000,0.5989,1
6160,50,909.4,708.6,945.1,792.8,0.000,0.4889,0
6161,2,1071.3,623.9,1240.7,1035.6,0.000,0.8798,1
6161,50,910.1,707.5,945.2,793.0,0.000,0.4889,0
6162,2,1049.9,620.5,1218.4,1035.0,0.000,0.8806,1
6162,50,907.8,707.2,943.7,793.7,0.000,0.4889,0
6163,2,1036.6,617.7,1201.5,1032.6,0.000,0.8806,1
6163,50,904.3,709.5,937.9,793.2,0.000,0.4889,0
6164,2,1026.9,613.8,1189.2,1033.6,0.000,0.8813,1
6164,50,901.8,711.1,934.0,793.0,0.000,0.4889,0
6165,2,1027.2,612.6,1188.8,1029.6,0.000,0.8804,1
6165,50,901.1,711.6,932.8,792.5,0.000,0.4889,0
6166,2,1001.0,609.9,1160.6,1028.2,0.000,0.8804,1
6167,2,974.2,609.9,1134.5,1028.9,0.000,0.8811,1
6167,79,297.6,687.9,319.7,742.8,0.000,0.6393,1
6167,50,894.9,711.6,925.4,791.5,0.000,0.4889,0
6168,2,948.4,610.9,1110.6,1030.0,0.000,0.8824,1
6168,79,297.8,687.1,320.2,742.7,0.000,0.6395,1
6168,50,894.3,711.6,924.1,790.9,0.000,0.4889,0
6169,2,923.5,612.9,1088.1,1030.5,0.000,0.8838,1
6169,79,297.9,686.7,320.5,742.8,0.000,0.6397,1
6169,50,893.2,711.9,922.7,790.9,0.000,0.4889,0
6170,2,901.7,617.1,1068.5,1029.5,0.000,0.8849,1
6170,79,298.1,686.2,321.0,742.9,0.000,0.6400,1
6171,2,880.9,621.5,1051.1,1028.8,0.000,0.8861,1
6171,79,298.1,686.8,320.5,742.6,0.000,0.6400,1
6171,50,887.3,715.8,913.5,786.3,0.000,0.4889,0
6172,2,866.1,624.6,1042.2,1028.5,0.000,0.8874,1
6172,79,298.2,686.7,320.4,742.2,0.000,0.6399,1
6173,2,851.5,629.6,1033.5,1029.0,0.000,0.8889,1
6173,79,298.0,686.3,320.5,742.3,0.000,0.6400,1
6174,2,831.6,631.0,1017.7,1028.2,0.000,0.8901,1
6174,79,298.0,686.4,320.4,742.2,0.000,0.6400,1
6175,2,812.6,632.1,1001.6,1027.5,0.000,0.8913,1
6175,79,299.1,686.6,321.1,741.5,0.000,0.6396,1
6176,2,795.5,630.9,986.2,1026.1,0.000,0.8919,1
6176,79,299.7,686.7,321.5,741.0,0.000,0.6390,1
6177,2,783.8,628.7,976.0,1025.6,0.000,0.8924,1
6177,79,300.4,687.2,321.2,738.9,0.000,0.6377,1
6178,2,775.1,626.4,968.1,1025.8,0.000,0.8928,1
6178,79,301.2,687.8,321.2,737.1,0.000,0.6360,1
6178,81,1759.2,696.9,1772.8,737.3,0.000,0.6748,1
6178,45,1448.0,719.1,1470.9,779.6,0.000,0.5989,1
6179,2,768.3,624.6,960.4,1025.9,0.000,0.8931,1
6179,45,1446.3,719.4,1469.3,778.5,0.000,0.5989,1
6180,2,763.1,621.3,953.2,1024.5,0.000,0.8929,1
6181,2,761.0,618.5,949.0,1025.1,0.000,0.8929,1
6182,2,758.6,618.7,942.4,1025.9,0.000,0.8932,1
6182,45,1439.2,719.1,1462.4,779.2,0.000,0.5989,1
6183,2,752.8,620.7,932.1,1026.6,0.000,0.8937,1
6183,45,1436.1,719.8,1458.8,778.9,0.000,0.5989,1
6184,2,740.1,623.5,915.9,1026.9,0.000,0.8944,1
6184,45,1434.4,718.7,1457.8,779.7,0.000,0.5989,1
6185,2,727.9,627.8,901.4,1026.5,0.000,0.8952,1
6185,45,1433.8,718.7,1457.0,779.8,0.000,0.5989,1
6186,2,714.7,631.5,887.8,1026.0,0.000,0.8960,1
6186,45,1432.1,718.7,1455.5,780.4,0.000,0.5989,1
6187,2,702.7,635.9,876.5,1026.6,0.000,0.8970,1
6187,45,1430.4,718.1,1454.0,780.1,0.000,0.5989,1
6188,2,700.5,638.6,873.6,1026.5,0.000,0.8977,1
6188,93,1874.0,677.0,1887.9,715.7,0.000,0.7180,1
6188,45,1429.0,718.5,1452.2,779.8,0.000,0.5989,1
6189,2,696.8,640.4,868.9,1026.4,0.000,0.8983,1
6189,93,1873.5,676.7,1885.5,708.2,0.000,0.7169,1
6190,2,690.8,641.2,861.7,1026.3,0.000,0.8989,1
6190,45,1424.9,719.4,1448.1,779.8,0.000,0.5989,1
6191,2,684.5,640.3,854.1,1026.5,0.000,0.8993,1
6191,45,1422.4,719.6,1446.0,779.1,0.000,0.5989,1
6192,2,680.3,638.7,849.9,1026.2,0.000,0.8995,1
6193,2,670.5,635.4,839.9,1025.5,0.000,0.8995,1
6193,97,1046.4,715.4,1079.1,783.6,0.000,0.4355,0
6194,2,655.5,632.7,824.3,1025.6,0.000,0.8997,1
6194,97,1044.8,715.6,1077.5,784.6,0.000,0.4359,0
6195,2,635.9,631.0,803.1,1025.8,0.000,0.9001,1
6195,97,1043.7,717.7,1075.4,785.4,0.000,0.4360,0
6196,2,617.3,629.9,782.9,1025.6,0.000,0.9005,1
6196,97,1042.1,718.4,1074.1,787.8,0.000,0.4379,0
6196,50,817.7,698.7,850.4,788.3,0.000,0.4889,0
6197,2,601.0,629.0,766.0,1025.8,0.000,0.9010,1
6197,97,1039.1,718.9,1071.0,789.2,0.000,0.4401,0
6197,50,816.1,697.5,849.7,788.5,0.000,0.4889,0
6198,2,587.9,628.9,752.9,1025.0,0.000,0.9012,1
6198,97,1037.4,718.1,1069.3,789.4,0.000,0.4422,0
6199,2,575.2,630.5,740.7,1025.8,0.000,0.9018,1
6199,97,1035.4,716.9,1067.6,790.0,0.000,0.4448,0
6200,2,563.0,634.0,727.9,1025.6,0.000,0.9025,1
6200,97,1033.2,716.0,1064.1,787.6,0.000,0.4461,0
6200,79,301.8,686.7,323.5,740.4,0.000,0.6360,1
6201,2,553.4,638.1,718.8,1025.6,0.000,0.9031,1
6201,97,1030.7,714.0,1062.4,789.1,0.000,0.4492,0
6201,79,301.3,686.8,323.4,742.0,0.000,0.6360,1
6202,2,544.4,640.9,711.3,1025.5,0.000,0.9037,1
6202,97,1027.7,713.1,1059.8,790.5,0.000,0.4529,0
6202,79,300.8,686.3,323.5,743.5,0.000,0.6360,1
6203,2,536.6,642.5,705.7,1025.7,0.000,0.9043,1
6203,97,1026.4,712.6,1058.3,790.6,0.000,0.4562,0
6203,79,300.5,685.8,323.7,744.5,0.000,0.6360,1
6204,2,530.0,642.7,702.1,1025.9,0.000,0.9048,1
6204,97,1025.7,714.2,1056.5,789.5,0.000,0.4580,0
6204,79,300.7,686.1,323.7,744.8,0.000,0.6360,1
6205,2,523.2,644.6,697.5,1026.6,0.000,0.9054,1
6205,97,1024.5,715.2,1054.1,788.8,0.000,0.4592,0
6205,79,300.6,686.3,323.5,745.5,0.000,0.6360,1
6206,2,517.3,646.1,693.4,1027.2,0.000,0.9060,1
6206,97,1022.0,716.6,1051.3,789.7,0.000,0.4603,0
6206,79,300.8,686.3,323.6,745.5,0.000,0.6360,1
6207,2,509.2,645.3,685.9,1026.9,0.000,0.9063,1
6207,97,1021.7,715.6,1050.6,788.6,0.000,0.4610,0
6207,79,300.9,687.0,323.5,745.6,0.000,0.6360,1
6208,2,500.5,642.1,677.5,1027.1,0.000,0.9064,1
6208,97,1020.8,716.3,1049.5,789.5,0.000,0.4622,0
6208,79,301.3,687.1,323.7,745.4,0.000,0.6360,1
6209,2,493.8,641.3,668.1,1026.1,0.000,0.9064,1
6209,79,301.4,687.0,323.7,744.7,0.000,0.6360,1
6210,2,487.8,638.4,659.1,1024.7,0.000,0.9060,1
6210,79,301.8,688.1,323.9,745.2,0.000,0.6360,1
6210,97,1013.2,720.3,1043.2,794.7,0.000,0.4622,0
6211,2,485.9,636.6,654.3,1025.2,0.000,0.9060,1
6211,79,301.8,686.8,324.2,745.1,0.000,0.6360,1
6212,2,486.4,638.2,650.3,1024.9,0.000,0.9059,1
6212,79,302.1,686.8,324.6,745.2,0.000,0.6360,1
6212,97,1008.9,719.8,1040.5,797.8,0.000,0.4622,0
6213,2,484.0,638.5,642.9,1024.2,0.000,0.9058,1
6213,79,302.2,686.9,324.6,745.1,0.000,0.6360,1
6213,97,1010.4,727.1,1040.4,798.3,0.000,0.4622,0
6214,2,475.3,639.2,631.1,1025.0,0.000,0.9061,1
6214,79,302.1,686.6,324.8,745.4,0.000,0.6360,1
6215,2,466.2,640.3,620.0,1024.5,0.000,0.9062,1
6215,79,302.1,686.8,324.8,745.6,0.000,0.6433,1
6216,2,460.3,642.4,612.6,1024.1,0.000,0.9064,1
6216,79,302.7,686.4,325.4,745.4,0.000,0.6434,1
6217,2,457.5,644.8,608.8,1024.0,0.000,0.9067,1
6217,79,303.1,686.3,325.7,745.3,0.000,0.6434,1
6218,2,457.7,646.9,607.4,1022.2,0.000,0.9066,1
6218,79,303.4,686.4,326.0,745.4,0.000,0.6434,1
6219,2,457.5,649.5,605.0,1018.5,0.000,0.9060,1
6219,79,304.0,686.8,326.4,745.1,0.000,0.6432,1
6220,2,454.2,648.7,602.4,1020.5,0.000,0.9063,1
6220,79,304.6,687.1,326.4,744.3,0.000,0.6427,1
6221,2,451.9,649.0,597.1,1015.6,0.000,0.9053,1
6221,79,305.2,688.8,326.2,743.8,0.000,0.6418,1
6222,2,448.9,648.3,589.8,1006.9,0.000,0.9030,1
6222,79,305.4,689.2,326.4,744.4,0.000,0.6414,1
6223,2,442.5,644.7,579.6,997.5,0.000,0.9003,1
6223,79,305.8,689.3,326.7,744.3,0.000,0.6408,1
6224,2,432.2,641.6,566.3,992.5,0.000,0.8980,1
6224,79,306.7,689.3,327.0,742.5,0.000,0.6396,1
6224,111,1839.6,689.6,1859.7,747.7,0.000,0.7066,1
6225,2,421.3,638.3,553.5,990.7,0.000,0.8964,1
6225,79,306.7,688.9,327.5,743.7,0.000,0.6393,1
6225,111,1839.0,690.7,1859.0,747.7,0.000,0.7059,1
6226,2,412.7,637.8,542.6,988.3,0.000,0.8950,1
6226,79,306.9,688.7,327.5,743.0,0.000,0.6387,1
6226,111,1838.2,690.2,1858.7,748.4,0.000,0.7056,1
6227,2,404.8,637.9,534.1,988.3,0.000,0.8943,1
6227,79,307.2,689.3,327.6,742.9,0.000,0.6382,1
6227,111,1837.6,690.0,1858.5,748.8,0.000,0.7054,1
6228,2,397.2,638.0,526.1,987.8,0.000,0.8938,1
6228,79,307.6,689.7,327.6,742.5,0.000,0.6374,1
6228,111,1837.7,689.5,1858.9,749.0,0.000,0.7054,1
6229,2,390.6,640.0,519.0,987.5,0.000,0.8935,1
6229,79,307.8,689.5,327.9,742.1,0.000,0.6368,1
6229,111,1837.0,688.9,1858.4,748.4,0.000,0.7053,1
6229,50,731.5,706.9,762.9,786.1,0.000,0.4889,0
6230,2,383.3,642.1,511.2,988.0,0.000,0.8937,1
6230,79,307.7,689.1,327.7,741.3,0.000,0.6360,1
6230,50,727.0,707.4,761.3,786.1,0.000,0.4889,0
6231,2,377.9,646.0,505.3,988.3,0.000,0.8939,1
6231,79,307.5,688.9,327.9,741.9,0.000,0.6357,1
6231,50,724.0,707.1,760.9,785.9,0.000,0.4889,0
6231,111,1836.3,689.2,1857.8,748.5,0.000,0.7053,1
6232,2,371.9,650.7,498.5,986.9,0.000,0.8940,1
6232,79,308.1,689.4,328.6,742.6,0.000,0.6355,1
6232,50,719.3,706.7,756.7,786.1,0.000,0.4889,0
6233,2,367.9,651.6,493.0,980.5,0.000,0.8926,1
6233,79,308.6,689.7,328.8,742.0,0.000,0.6350,1
6233,50,717.3,706.3,754.8,785.8,0.000,0.4889,0
6234,2,363.4,651.5,489.3,979.7,0.000,0.8921,1
6234,79,308.9,689.6,329.0,741.7,0.000,0.6345,1
6234,50,715.9,706.1,752.9,785.6,0.000,0.4889,0
6235,2,359.5,650.8,487.0,981.2,0.000,0.8922,1
6235,79,309.0,689.7,329.2,742.2,0.000,0.6343,1
6235,50,713.5,706.8,749.0,785.8,0.000,0.4889,0
6235,111,1830.5,695.7,1850.1,748.3,0.000,0.7053,1
6236,2,357.3,649.8,484.7,976.8,0.000,0.8910,1
6236,79,308.8,689.6,329.5,744.0,0.000,0.6349,1
6236,50,713.2,706.5,748.0,786.1,0.000,0.4889,0
6236,111,1828.3,696.8,1848.1,748.5,0.000,0.7053,1
6237,2,355.2,648.3,480.7,967.5,0.000,0.8880,1
6237,79,308.8,689.6,330.0,745.9,0.000,0.6359,1
6237,50,714.2,705.3,748.5,785.8,0.000,0.4889,0
6237,111,1826.1,696.2,1847.0,749.0,0.000,0.7053,1
6238,2,350.9,647.1,473.0,959.0,0.000,0.8846,1
6238,79,308.9,689.8,330.2,746.6,0.000,0.6369,1
6238,50,714.3,705.3,748.2,785.7,0.000,0.4889,0
6238,111,1825.5,694.9,1847.8,749.7,0.000,0.7053,1
6239,2,346.4,644.4,465.7,952.3,0.000,0.8810,1
6239,79,309.2,690.1,330.3,746.4,0.000,0.6375,1
6239,50,714.4,705.6,747.6,785.2,0.000,0.4889,0
6239,111,1824.2,695.1,1846.7,749.8,0.000,0.7053,1
6240,2,344.7,643.7,461.3,949.2,0.000,0.8783,1
6240,79,310.0,690.9,330.9,747.0,0.000,0.6381,1
6240,50,714.5,704.6,747.6,784.8,0.000,0.4889,0
6240,111,1823.2,695.0,1846.3,750.7,0.000,0.7053,1
6241,2,344.2,651.1,456.4,948.3,0.000,0.8767,1
6241,79,310.4,691.2,331.4,747.6,0.000,0.6387,1
6241,111,1823.3,696.3,1845.8,750.3,0.000,0.7053,1
6242,2,343.2,652.9,453.0,947.4,0.000,0.8753,1
6242,79,310.4,691.3,331.8,748.3,0.000,0.6395,1
6242,111,1822.8,696.7,1845.4,750.3,0.000,0.7053,1
6243,2,341.0,648.2,451.2,948.5,0.000,0.8747,1
6243,79,310.2,691.3,332.0,749.5,0.000,0.6406,1
6243,111,1821.0,694.0,1844.3,750.2,0.000,0.7053,1
6244,2,338.1,645.1,448.2,948.9,0.000,0.8742,1
6244,79,310.3,691.5,332.1,749.3,0.000,0.6413,1
6244,111,1821.5,694.6,1844.1,750.2,0.000,0.7053,1
6245,2,333.3,645.5,442.2,949.2,0.000,0.8741,1
6245,79,310.6,691.6,332.2,748.9,0.000,0.6417,1
6245,111,1820.2,692.5,1843.4,750.1,0.000,0.7053,1
6246,2,330.0,646.9,437.3,949.6,0.000,0.8741,1
6246,79,311.4,691.0,333.3,748.7,0.000,0.6420,1
6246,111,1819.3,689.8,1843.2,750.5,0.000,0.7053,1
6247,2,329.3,646.6,435.2,949.5,0.000,0.8740,1
6247,79,312.0,691.3,333.7,748.2,0.000,0.6420,1
6247,111,1818.9,690.7,1842.1,750.8,0.000,0.7053,1
6248,2,330.4,646.2,435.1,948.4,0.000,0.8735,1
6248,79,312.5,691.4,333.5,745.9,0.000,0.6410,1
6248,111,1818.9,691.4,1841.5,750.8,0.000,0.7053,1
6249,2,330.8,646.7,434.1,946.6,0.000,0.8727,1
6249,79,312.5,691.3,334.0,746.8,0.000,0.6408,1
6249,111,1817.8,690.9,1840.1,750.6,0.000,0.7053,1
6250,2,328.7,646.6,431.3,945.4,0.000,0.8720,1
6250,79,313.2,691.3,333.7,744.2,0.000,0.6393,1
6250,111,1817.2,689.3,1839.7,750.2,0.000,0.6984,1
6251,2,324.7,645.7,425.8,941.8,0.000,0.8704,1
6251,111,1817.5,692.9,1838.6,750.1,0.000,0.6976,1
6252,2,318.6,644.8,418.4,938.8,0.000,0.8688,1
6252,111,1816.4,690.8,1838.5,750.0,0.000,0.6979,1
6253,2,314.7,641.8,411.9,928.4,0.000,0.8646,1
6253,111,1816.4,691.9,1838.3,750.3,0.000,0.6978,1
6254,2,308.9,640.2,404.4,922.3,0.000,0.8614,1
6254,111,1816.7,694.0,1838.3,750.6,0.000,0.6971,1
6255,2,303.1,638.6,397.5,919.1,0.000,0.8590,1
6255,111,1816.0,692.8,1838.5,750.9,0.000,0.6971,1
6256,2,297.5,637.3,391.8,917.7,0.000,0.8573,1
6256,111,1812.3,694.8,1834.2,752.7,0.000,0.6968,1
6256,128,965.2,717.7,995.2,788.3,0.000,0.4655,0
6257,2,292.7,637.3,387.1,917.3,0.000,0.8562,1
6257,128,964.9,717.6,995.1,788.1,0.000,0.4656,0
6258,2,289.3,637.0,384.7,917.4,0.000,0.8555,1
6258,128,964.6,717.4,994.9,788.0,0.000,0.4658,0
6259,2,287.2,637.2,384.0,917.2,0.000,0.8550,1
6259,128,964.2,717.1,994.6,787.9,0.000,0.4660,0
6260,2,282.2,639.2,379.2,916.7,0.000,0.8546,1
6260,128,964.0,717.1,994.5,787.7,0.000,0.4660,0
6260,130,669.0,704.5,701.4,782.4,0.000,0.5698,1
6261,2,274.7,641.0,371.1,916.7,0.000,0.8544,1
6261,128,963.8,716.5,994.2,786.7,0.000,0.4656,0
6261,130,667.0,704.0,699.8,782.2,0.000,0.5706,1
6262,2,269.9,642.6,365.9,916.8,0.000,0.8544,1
6262,128,963.5,714.9,994.5,786.3,0.000,0.4655,0
6262,130,666.5,704.5,699.2,781.9,0.000,0.5708,1
6263,2,267.5,645.8,362.6,915.4,0.000,0.8539,1
6263,128,963.0,711.5,995.6,786.3,0.000,0.4664,0
6263,130,662.8,704.3,696.7,782.2,0.000,0.5716,1
6264,2,264.6,646.4,360.1,914.6,0.000,0.8536,1
6264,128,963.3,712.0,995.4,785.7,0.000,0.4666,0
6264,130,660.8,704.7,695.3,782.0,0.000,0.5721,1
6265,2,262.1,644.7,358.2,913.3,0.000,0.8532,1
6265,128,963.1,711.9,995.5,785.9,0.000,0.4673,0
6265,130,656.2,704.6,691.8,781.9,0.000,0.5729,1
6266,2,259.7,644.6,355.8,912.1,0.000,0.8528,1
6266,128,963.3,712.3,995.6,786.0,0.000,0.4678,0
6266,130,653.8,703.5,690.5,781.9,0.000,0.5741,1
6267,2,257.4,642.7,352.5,906.1,0.000,0.8511,1
6267,128,963.3,712.1,995.7,786.1,0.000,0.4685,0
6267,130,652.0,701.2,690.0,781.8,0.000,0.5761,1
6268,2,256.0,640.6,349.6,899.0,0.000,0.8486,1
6268,128,963.2,712.1,995.5,786.0,0.000,0.4691,0
6268,130,650.0,701.1,687.7,781.2,0.000,0.5776,1
6269,2,252.9,639.1,344.2,892.4,0.000,0.8458,1
6269,128,962.7,711.9,995.1,785.8,0.000,0.4695,0
6269,130,648.6,702.3,685.2,780.6,0.000,0.5780,1
6270,2,249.6,636.6,340.2,890.4,0.000,0.8440,1
6270,128,966.0,724.7,993.7,786.5,0.000,0.4677,0
6270,130,646.5,702.3,682.3,779.9,0.000,0.5783,1
6271,2,248.5,635.1,338.6,889.4,0.000,0.8426,1
6271,130,644.6,702.5,679.9,779.9,0.000,0.5787,1
6272,2,245.7,633.7,334.6,888.3,0.000,0.8415,1
6272,130,643.9,701.0,679.2,779.8,0.000,0.5797,1
6273,2,244.1,633.2,332.1,888.0,0.000,0.8407,1
6273,130,643.0,700.6,677.9,779.7,0.000,0.5806,1
6274,2,240.4,635.6,326.7,887.8,0.000,0.8401,1
6274,130,640.9,700.9,675.1,779.7,0.000,0.5815,1
6274,128,963.6,715.8,995.2,786.2,0.000,0.4677,0
6275,2,234.8,636.5,320.8,888.1,0.000,0.8400,1
6275,130,637.4,700.4,671.0,779.3,0.000,0.5825,1
6276,2,230.4,636.9,316.5,888.4,0.000,0.8400,1
6276,130,635.4,700.1,668.8,779.7,0.000,0.5839,1
6277,2,227.6,638.7,313.6,888.6,0.000,0.8400,1
6277,130,633.5,699.6,667.3,780.1,0.000,0.5856,1
6278,2,226.3,640.2,312.4,888.8,0.000,0.8400,1
6278,130,632.1,699.6,666.2,780.4,0.000,0.5872,1
6279,2,224.8,638.9,311.8,888.3,0.000,0.8399,1
6279,130,630.8,699.2,665.1,780.2,0.000,0.5886,1
6280,2,223.7,637.0,311.2,886.3,0.000,0.8395,1
6280,130,628.8,700.9,662.6,780.1,0.000,0.5890,1
6281,2,221.9,635.9,309.3,884.2,0.000,0.8388,1
6281,130,627.5,700.8,661.6,779.9,0.000,0.5895,1
6281,128,963.2,713.8,995.9,787.5,0.000,0.4677,0
6282,2,219.6,634.3,305.5,879.0,0.000,0.8371,1
6282,130,627.1,701.4,661.0,779.3,0.000,0.5893,1
6282,128,962.8,713.8,995.6,787.8,0.000,0.4677,0
6283,2,216.1,633.6,299.6,873.1,0.000,0.8351,1
6283,128,962.9,715.8,995.1,788.1,0.000,0.4677,0
6284,2,211.1,632.0,293.1,868.9,0.000,0.8332,1
6284,128,963.1,717.1,994.9,788.1,0.000,0.4677,0
6284,111,1782.7,694.0,1803.9,754.9,0.000,0.6968,1
6284,130,618.7,702.3,651.5,778.4,0.000,0.5893,1
6285,2,205.5,631.1,285.9,867.2,0.000,0.8321,1
6285,128,963.2,716.5,995.2,787.7,0.000,0.4677,0
6285,111,1781.5,693.7,1802.2,755.4,0.000,0.6968,1
6285,130,615.0,701.5,647.9,779.3,0.000,0.5893,1
6286,2,200.8,629.9,280.3,867.1,0.000,0.8315,1
6286,128,962.9,715.0,995.6,788.0,0.000,0.4677,0
6286,111,1780.8,692.9,1801.5,755.5,0.000,0.6968,1
6286,130,613.0,700.3,645.6,777.9,0.000,0.5893,1
6287,2,197.6,627.7,276.2,865.2,0.000,0.8311,1
6287,128,963.1,713.6,996.3,788.0,0.000,0.4677,0
6287,111,1780.2,692.9,1801.1,756.2,0.000,0.6968,1
6287,130,611.3,699.3,643.4,776.6,0.000,0.5893,1
6288,2,195.3,627.1,273.6,864.7,0.000,0.8307,1
6288,128,962.9,712.0,996.6,787.7,0.000,0.4677,0
6288,111,1779.4,692.7,1800.2,756.1,0.000,0.6968,1
6288,130,610.9,697.4,643.2,776.3,0.000,0.5893,1
6289,2,189.5,628.2,266.8,864.4,0.000,0.8305,1
6289,111,1778.5,692.3,1799.3,756.2,0.000,0.6968,1
6289,130,609.7,697.5,641.8,776.6,0.000,0.5893,1
6290,2,185.2,628.2,262.0,864.9,0.000,0.8306,1
6290,111,1777.6,692.3,1798.5,756.5,0.000,0.6968,1
6290,130,606.3,697.6,638.6,777.0,0.000,0.5893,1
6290,128,963.1,712.4,996.4,787.7,0.000,0.4677,0
6291,2,183.3,628.3,259.2,865.1,0.000,0.8307,1
6291,111,1775.7,692.9,1796.5,757.2,0.000,0.6968,1
6291,130,603.3,697.9,635.8,776.2,0.000,0.5893,1
6291,128,963.0,712.7,996.1,787.6,0.000,0.4677,0
6292,2,182.2,629.4,256.6,865.2,0.000,0.8307,1
6292,111,1774.9,692.5,1795.7,757.1,0.000,0.6968,1
6292,130,603.2,696.9,635.8,775.1,0.000,0.5893,1
6292,128,963.1,712.5,996.3,787.9,0.000,0.4677,0
6293,2,179.0,631.1,252.6,864.8,0.000,0.8306,1
6293,111,1773.9,692.5,1795.0,757.4,0.000,0.6968,1
6293,130,602.7,698.6,634.5,774.1,0.000,0.5893,1
6293,128,963.2,712.3,996.1,787.2,0.000,0.4677,0
6294,2,178.3,631.3,251.5,864.4,0.000,0.8304,1
6294,111,1773.2,692.1,1794.7,758.0,0.000,0.6968,1
6294,130,602.2,699.0,634.5,774.9,0.000,0.5893,1
6294,128,963.5,713.5,995.6,786.5,0.000,0.4677,0
6295,2,176.4,631.5,249.6,864.5,0.000,0.8304,1
6295,111,1772.1,692.0,1793.9,758.5,0.000,0.6968,1
6295,130,600.3,696.7,633.8,775.7,0.000,0.5893,1
6295,128,963.6,713.9,995.6,786.5,0.000,0.4677,0
6296,2,174.3,629.1,247.8,862.9,0.000,0.8304,1
6296,111,1771.0,692.0,1793.2,758.4,0.000,0.6968,1
6296,130,596.0,694.7,631.2,775.9,0.000,0.5893,1
6296,128,963.7,713.8,995.7,786.2,0.000,0.4677,0
6297,2,173.2,628.5,246.2,860.3,0.000,0.8299,1
6297,111,1769.9,692.3,1792.5,758.4,0.000,0.6968,1
6297,130,593.3,691.1,630.7,775.9,0.000,0.5893,1
6297,128,963.8,713.9,995.7,786.0,0.000,0.4677,0
6298,2,169.8,625.7,241.2,854.5,0.000,0.8288,1
6298,111,1768.0,691.9,1791.3,758.6,0.000,0.6968,1
6298,130,591.5,691.8,630.1,777.1,0.000,0.5893,1
6298,128,964.1,713.2,996.0,784.9,0.000,0.4677,0
6299,2,168.0,624.7,237.8,850.5,0.000,0.8276,1
6299,111,1766.4,692.1,1790.2,758.7,0.000,0.6900,1
6299,130,589.8,690.7,629.5,777.1,0.000,0.6036,1
6299,128,965.8,718.9,995.6,784.7,0.000,0.4677,0
6300,2,165.1,623.3,232.9,846.9,0.000,0.8265,1
6300,141,1578.1,707.3,1602.7,780.9,0.000,0.6320,1
6300,111,1765.6,692.7,1789.4,758.7,0.000,0.6897,1
6301,2,163.4,622.7,230.1,846.9,0.000,0.8259,1
6301,141,1574.3,706.3,1599.8,781.6,0.000,0.6321,1
6301,111,1763.4,692.4,1787.1,759.2,0.000,0.6896,1
6301,136,1551.0,712.8,1576.8,777.2,0.000,0.5977,1
6302,2,162.5,622.7,228.3,846.5,0.000,0.8254,1
6302,111,1762.8,694.5,1785.8,759.9,0.000,0.6891,1
6302,136,1552.0,712.9,1577.4,777.4,0.000,0.5995,1
6303,2,160.4,622.6,224.7,845.7,0.000,0.8250,1
6303,111,1762.2,693.6,1785.2,759.6,0.000,0.6888,1
6303,136,1552.8,714.1,1578.0,779.0,0.000,0.6011,1
6303,141,1571.7,710.4,1596.5,781.6,0.000,0.6321,1
6304,2,157.9,623.9,220.8,843.8,0.000,0.8242,1
6304,111,1761.5,693.2,1784.3,759.9,0.000,0.6886,1
6304,130,576.5,692.3,612.8,773.9,0.000,0.6036,1
6305,2,155.7,625.7,217.5,843.3,0.000,0.8236,1
6305,111,1760.9,693.0,1783.4,759.8,0.000,0.6883,1
6305,130,575.1,693.0,610.5,774.5,0.000,0.6036,1
6305,141,1563.3,712.9,1589.4,781.8,0.000,0.6321,1
6306,2,154.6,627.1,215.8,844.2,0.000,0.8233,1
6306,111,1759.7,692.6,1781.8,759.3,0.000,0.6880,1
6306,130,573.6,693.5,608.0,774.3,0.000,0.6036,1
6306,141,1560.6,711.6,1588.4,782.0,0.000,0.6321,1
6307,2,152.9,627.6,213.5,844.7,0.000,0.8232,1
6307,111,1758.7,693.8,1780.1,759.1,0.000,0.6875,1
6307,130,572.1,693.3,606.4,774.0,0.000,0.6036,1
6307,141,1558.6,710.8,1587.6,782.3,0.000,0.6321,1
6308,2,153.3,629.1,212.9,844.8,0.000,0.8230,1
6308,111,1758.2,693.4,1779.3,758.5,0.000,0.6870,1
6308,136,1561.9,719.9,1585.6,780.2,0.000,0.6011,1
6309,2,154.1,630.9,212.9,844.9,0.000,0.8226,1
6309,111,1757.4,692.8,1778.4,758.8,0.000,0.6868,1
6309,141,1556.7,711.3,1585.5,781.8,0.000,0.6321,1
6310,2,154.7,631.1,212.8,844.7,0.000,0.8224,1
6310,111,1756.2,693.4,1777.0,759.1,0.000,0.6866,1
6310,141,1557.6,714.5,1584.8,780.0,0.000,0.6321,1
6311,2,154.4,634.8,210.8,843.6,0.000,0.8215,1
6311,111,1755.2,694.1,1775.8,759.6,0.000,0.6863,1
6311,141,1553.9,712.4,1582.3,781.9,0.000,0.6321,1
6311,128,963.8,715.5,996.3,786.9,0.000,0.4677,0
6311,136,1569.6,716.4,1593.7,780.3,0.000,0.6011,1
6312,2,154.9,642.1,208.6,842.5,0.000,0.8200,1
6312,111,1754.2,694.2,1774.8,760.2,0.000,0.6861,1
6312,128,964.0,716.7,996.1,787.1,0.000,0.4677,0
6312,136,1571.1,717.1,1594.5,780.3,0.000,0.6011,1
6313,2,154.7,647.3,205.8,839.7,0.000,0.8180,1
6313,111,1753.4,695.4,1773.7,760.3,0.000,0.6855,1
6313,128,963.9,717.0,996.0,787.2,0.000,0.4677,0
6313,136,1572.0,716.6,1595.0,780.0,0.000,0.6011,1
6314,2,154.1,647.9,203.2,834.3,0.000,0.8156,1
6314,111,1752.2,696.0,1772.2,760.2,0.000,0.6849,1
6314,136,1575.7,716.6,1597.6,778.1,0.000,0.6011,1
6314,130,557.4,694.7,589.5,772.7,0.000,0.6036,1
6314,141,1547.1,715.9,1573.3,780.8,0.000,0.6321,1
6315,111,1751.4,696.1,1771.3,760.2,0.000,0.6843,1
6315,136,1577.6,716.4,1599.6,778.8,0.000,0.6011,1
6315,141,1543.6,710.6,1571.1,778.4,0.000,0.6321,1
6316,111,1750.4,696.0,1770.3,759.8,0.000,0.6837,1
6316,136,1579.6,716.8,1601.6,779.2,0.000,0.6011,1
6316,141,1542.0,708.9,1569.9,777.7,0.000,0.6321,1
6317,111,1749.4,695.5,1769.8,759.7,0.000,0.6833,1
6317,136,1580.1,716.1,1602.4,779.3,0.000,0.6011,1
6317,141,1539.9,708.0,1569.2,778.9,0.000,0.6321,1
6318,111,1747.8,695.9,1768.5,759.9,0.000,0.6829,1
6318,136,1581.0,716.3,1603.9,780.1,0.000,0.6011,1
6318,141,1537.2,707.6,1567.9,780.2,0.000,0.6321,1
6319,111,1747.3,695.2,1768.0,758.2,0.000,0.6823,1
6319,136,1582.6,715.9,1606.3,780.0,0.000,0.6011,1
6319,141,1536.9,708.1,1567.2,778.5,0.000,0.6321,1
6320,111,1745.5,695.5,1766.3,759.0,0.000,0.6820,1
6320,136,1583.9,718.2,1607.9,780.3,0.000,0.6011,1
6320,141,1536.2,711.2,1565.6,777.8,0.000,0.6321,1
6321,111,1744.4,695.7,1765.9,762.4,0.000,0.6825,1
6321,146,1722.4,695.0,1750.6,768.7,0.000,0.6779,1
6321,136,1584.6,718.7,1609.2,780.3,0.000,0.6011,1
6321,141,1533.6,710.2,1563.7,777.9,0.000,0.6321,1
6322,111,1744.6,697.4,1765.9,763.5,0.000,0.6823,1
6322,136,1585.0,718.6,1610.6,780.8,0.000,0.6011,1
6322,141,1530.4,711.0,1560.3,778.2,0.000,0.6321,1
6323,136,1585.5,717.5,1612.2,781.2,0.000,0.6011,1
6323,141,1528.5,711.4,1558.4,779.9,0.000,0.6321,1
6324,136,1586.7,715.1,1614.7,780.9,0.000,0.6011,1
6324,141,1527.0,711.0,1555.5,777.7,0.000,0.6321,1
6324,146,1727.8,693.4,1756.2,767.5,0.000,0.6779,1
6325,136,1589.7,715.2,1618.1,780.5,0.000,0.6011,1
6325,141,1525.2,707.6,1553.9,776.5,0.000,0.6321,1
6325,146,1729.2,692.9,1758.2,768.0,0.000,0.6779,1
6326,136,1590.9,714.8,1619.9,781.1,0.000,0.6150,1
6326,141,1524.0,708.2,1554.0,781.9,0.000,0.6321,1
6326,111,1740.5,693.9,1763.7,766.1,0.000,0.6823,1
6327,136,1592.3,713.0,1621.7,780.9,0.000,0.6163,1
6327,146,1730.4,693.3,1759.2,766.0,0.000,0.6779,1
6328,136,1594.9,713.6,1623.0,780.1,0.000,0.6173,1
6328,146,1732.1,693.3,1760.9,765.3,0.000,0.6779,1
6328,111,1740.1,693.5,1762.9,765.0,0.000,0.6823,1
6329,136,1600.1,712.9,1628.0,780.7,0.000,0.6187,1
6329,111,1741.4,693.0,1764.7,766.2,0.000,0.6823,1
6330,136,1604.8,710.5,1634.1,782.0,0.000,0.6209,1
6330,111,1743.1,693.4,1766.4,766.8,0.000,0.6823,1
6331,136,1608.9,708.9,1639.0,781.6,0.000,0.6232,1
6331,111,1744.6,693.0,1768.2,766.7,0.000,0.6823,1
6332,136,1609.0,709.7,1639.3,781.2,0.000,0.6251,1
6332,111,1745.5,693.2,1769.1,766.5,0.000,0.6823,1
6333,136,1608.7,709.4,1640.1,782.5,0.000,0.6274,1
6333,111,1747.1,693.0,1770.4,766.1,0.000,0.6823,1
6333,130,523.8,695.6,554.7,768.0,0.000,0.6036,1
6333,141,1505.0,707.7,1532.2,776.6,0.000,0.6321,1
6334,136,1607.5,711.8,1638.7,782.8,0.000,0.6288,1
6334,111,1748.2,692.3,1771.8,766.0,0.000,0.6823,1
6334,141,1502.7,705.5,1530.5,776.5,0.000,0.6321,1
6335,136,1606.8,714.5,1637.5,782.7,0.000,0.6295,1
6335,111,1751.3,692.1,1774.5,765.3,0.000,0.6823,1
6335,141,1503.2,707.3,1530.3,776.8,0.000,0.6321,1
6336,136,1606.6,716.7,1636.7,781.9,0.000,0.6295,1
6336,111,1752.8,691.7,1776.4,764.8,0.000,0.6823,1
6336,141,1502.0,707.9,1528.7,776.5,0.000,0.6321,1
6336,130,520.7,695.7,551.6,767.6,0.000,0.6036,1
6337,136,1606.8,716.9,1637.5,782.4,0.000,0.6297,1
6337,111,1753.9,691.4,1778.0,764.6,0.000,0.6823,1
6337,141,1499.4,705.1,1527.6,777.3,0.000,0.6321,1
6337,130,518.7,696.6,548.7,767.5,0.000,0.6036,1
6338,136,1609.7,715.0,1640.7,782.0,0.000,0.6300,1
6338,111,1754.8,692.3,1779.4,764.8,0.000,0.6823,1
6338,141,1497.7,705.6,1526.4,778.1,0.000,0.6321,1
6338,130,518.4,696.2,548.5,767.7,0.000,0.6036,1
6339,111,1754.3,690.9,1779.7,764.4,0.000,0.6823,1
6339,130,517.3,695.8,547.5,767.9,0.000,0.6036,1
6340,111,1754.4,691.1,1779.7,764.4,0.000,0.6823,1
6340,130,515.7,696.4,545.5,768.1,0.000,0.6036,1
6340,141,1492.9,707.2,1520.7,778.9,0.000,0.6321,1
6341,111,1754.5,691.5,1779.8,763.9,0.000,0.6823,1
6341,141,1489.6,708.6,1517.7,782.0,0.000,0.6321,1
6341,128,962.4,715.0,996.6,789.8,0.000,0.4677,0
6342,111,1754.5,691.2,1779.9,763.9,0.000,0.6823,1
6342,141,1488.6,708.7,1515.2,779.8,0.000,0.6321,1
6343,111,1753.8,692.1,1778.8,764.0,0.000,0.6878,1
6343,141,1487.5,710.9,1513.1,779.2,0.000,0.6321,1
6343,136,1624.5,716.5,1651.0,775.8,0.000,0.6300,1
6344,141,1486.2,711.1,1511.3,778.8,0.000,0.6321,1
6344,136,1626.7,712.5,1654.8,778.6,0.000,0.6300,1
6345,141,1484.9,711.2,1510.2,778.9,0.000,0.6321,1
6345,136,1628.8,712.9,1656.1,779.2,0.000,0.6300,1
6345,111,1749.8,692.1,1774.1,764.0,0.000,0.6878,1
6346,141,1483.3,710.9,1509.1,779.5,0.000,0.6321,1
6346,136,1630.1,711.1,1657.9,779.5,0.000,0.6300,1
6346,111,1751.5,691.4,1776.2,763.7,0.000,0.6878,1
6346,130,507.8,695.1,537.3,767.2,0.000,0.6036,1
6347,141,1482.3,709.9,1508.5,779.2,0.000,0.6321,1
6347,136,1631.7,709.7,1660.7,780.9,0.000,0.6300,1
6347,130,507.3,694.6,536.3,766.4,0.000,0.6036,1
6348,168,1712.6,702.2,1732.3,765.6,0.000,0.6689,1
6348,136,1633.9,709.4,1663.6,781.2,0.000,0.6300,1
6348,130,507.2,693.8,535.9,765.4,0.000,0.6036,1
6349,168,1711.2,701.6,1731.7,767.0,0.000,0.6690,1
6349,136,1634.6,707.3,1665.5,781.0,0.000,0.6300,1
6349,128,958.6,711.9,994.6,790.1,0.000,0.4677,0
6349,111,1754.2,692.9,1778.1,764.2,0.000,0.6878,1
6350,168,1709.4,699.2,1730.9,768.2,0.000,0.6697,1
6351,168,1708.9,699.9,1730.1,767.7,0.000,0.6695,1
6351,130,502.7,693.5,531.1,764.4,0.000,0.6036,1
6351,136,1635.9,706.0,1668.2,782.2,0.000,0.6300,1
6352,168,1706.8,699.0,1728.2,767.8,0.000,0.6696,1
6352,130,502.3,694.2,530.5,764.1,0.000,0.6036,1
6352,136,1636.2,705.7,1668.7,781.8,0.000,0.6300,1
6353,168,1705.7,699.4,1726.4,766.9,0.000,0.6691,1
6353,130,501.0,694.8,529.2,764.0,0.000,0.6036,1
6353,136,1636.2,705.9,1668.5,781.1,0.000,0.6300,1
6354,168,1704.4,699.7,1724.8,766.6,0.000,0.6685,1
6354,130,501.9,695.6,529.8,764.3,0.000,0.6036,1
6354,136,1637.5,706.6,1669.5,781.4,0.000,0.6300,1
6354,111,1761.1,691.2,1784.8,763.2,0.000,0.6878,1
6355,168,1703.0,699.2,1722.9,765.2,0.000,0.6678,1
6355,111,1761.7,691.3,1785.1,763.5,0.000,0.6878,1
6356,168,1701.6,697.6,1722.0,765.5,0.000,0.6679,1
6356,136,1642.6,706.3,1674.1,781.9,0.000,0.6300,1
6357,168,1701.0,701.5,1720.4,765.4,0.000,0.6669,1
6357,136,1645.6,706.1,1676.6,782.2,0.000,0.6300,1
6358,168,1699.6,702.5,1719.1,765.7,0.000,0.6662,1
6359,168,1698.2,703.3,1717.9,765.7,0.000,0.6655,1
6359,136,1649.2,705.7,1678.8,780.9,0.000,0.6300,1
6360,168,1697.0,702.8,1717.3,766.4,0.000,0.6652,1
6360,136,1652.3,709.7,1679.8,781.2,0.000,0.6300,1
6361,168,1695.4,702.7,1716.1,765.7,0.000,0.6646,1
6361,136,1653.7,710.4,1680.3,780.7,0.000,0.6300,1
6362,168,1694.5,702.5,1715.7,766.1,0.000,0.6643,1
6362,136,1655.5,709.5,1682.4,781.8,0.000,0.6300,1
6363,168,1691.4,703.2,1713.0,767.1,0.000,0.6641,1
6363,136,1655.7,711.2,1681.8,782.2,0.000,0.6300,1
6365,168,1691.6,703.2,1708.5,752.9,0.000,0.6641,1
6389,136,1695.5,702.9,1719.6,768.7,0.000,0.6300,1
6389,168,1656.6,701.7,1679.5,771.2,0.000,0.6641,1
6390,136,1696.3,701.1,1721.7,770.1,0.000,0.6300,1
6390,168,1653.9,703.9,1677.0,771.8,0.000,0.6641,1
6391,136,1696.6,701.4,1722.6,769.7,0.000,0.6300,1
6391,168,1651.9,704.9,1675.2,772.5,0.000,0.6641,1
6392,136,1697.3,703.4,1723.8,770.9,0.000,0.6300,1
6392,168,1648.9,705.1,1673.5,773.3,0.000,0.6641,1
6393,136,1697.8,705.9,1724.4,771.4,0.000,0.6300,1
6393,168,1646.7,706.1,1672.1,772.8,0.000,0.6641,1
6394,136,1698.3,705.9,1725.8,772.6,0.000,0.6300,1
6394,168,1644.9,707.1,1671.0,773.0,0.000,0.6641,1
6395,136,1699.1,706.5,1727.2,774.3,0.000,0.6300,1
6395,168,1644.6,707.2,1671.3,773.6,0.000,0.6641,1
6396,136,1699.6,705.8,1728.3,774.3,0.000,0.6300,1
6396,168,1644.1,707.1,1671.5,774.7,0.000,0.6641,1
6397,136,1701.0,706.8,1728.8,772.9,0.000,0.6300,1
6397,168,1643.6,706.7,1671.6,775.6,0.000,0.6641,1
6398,136,1702.7,708.0,1729.9,772.3,0.000,0.6300,1
6398,168,1642.1,706.7,1670.1,776.3,0.000,0.6641,1
6399,136,1708.1,707.9,1734.0,770.3,0.000,0.6300,1
6399,168,1641.7,706.7,1668.8,774.5,0.000,0.6641,1
6400,136,1712.0,707.6,1736.7,768.9,0.000,0.6300,1
6400,168,1641.0,706.9,1667.6,774.5,0.000,0.6641,1
6401,136,1715.2,706.8,1738.9,766.9,0.000,0.6300,1
6401,168,1639.9,706.9,1665.5,773.4,0.000,0.6641,1
6402,136,1716.8,705.3,1740.4,766.9,0.000,0.6300,1
6402,168,1638.5,705.7,1663.5,772.9,0.000,0.6641,1
6403,136,1717.9,704.5,1741.5,767.3,0.000,0.6300,1
6403,168,1637.5,705.4,1661.9,772.5,0.000,0.6641,1
6404,136,1719.3,705.1,1742.3,766.9,0.000,0.6617,1
6404,168,1635.9,705.8,1659.7,773.0,0.000,0.6471,1
6405,136,1720.8,702.5,1744.5,766.3,0.000,0.6624,1
6405,168,1634.6,706.0,1658.2,773.4,0.000,0.6466,1
6406,136,1721.5,702.2,1745.4,766.5,0.000,0.6632,1
6406,168,1633.1,706.1,1656.6,773.6,0.000,0.6463,1
6407,136,1722.1,702.3,1745.8,765.6,0.000,0.6636,1
6407,168,1631.5,707.4,1655.1,774.3,0.000,0.6459,1
6408,136,1722.7,701.2,1747.4,766.2,0.000,0.6647,1
6408,168,1628.9,707.6,1652.5,774.0,0.000,0.6453,1
6409,136,1723.8,701.3,1748.9,766.1,0.000,0.6656,1
6409,168,1627.0,708.7,1651.2,775.5,0.000,0.6451,1
6410,136,1724.6,701.2,1749.8,765.8,0.000,0.6664,1
6410,168,1625.6,710.0,1650.0,776.0,0.000,0.6446,1
6410,180,1527.9,713.7,1555.5,778.1,0.000,0.6058,1
6411,136,1724.1,701.4,1749.4,765.5,0.000,0.6670,1
6411,168,1624.1,710.4,1648.6,776.3,0.000,0.6439,1
6411,180,1526.5,718.5,1552.6,777.9,0.000,0.6033,1
6412,136,1725.4,702.0,1750.5,765.0,0.000,0.6673,1
6412,168,1623.3,710.4,1647.6,776.2,0.000,0.6431,1
6412,180,1525.5,716.0,1552.6,777.9,0.000,0.6016,1
6413,136,1727.7,702.4,1752.4,764.5,0.000,0.6675,1
6413,168,1621.4,710.8,1645.8,777.5,0.000,0.6427,1
6414,136,1729.2,701.2,1753.9,764.1,0.000,0.6681,1
6414,168,1620.2,711.1,1644.4,778.1,0.000,0.6421,1
6415,136,1731.6,700.2,1755.8,763.3,0.000,0.6688,1
6415,168,1618.8,711.9,1642.0,777.0,0.000,0.6408,1
6416,136,1733.9,699.3,1757.7,763.6,0.000,0.6698,1
6416,168,1616.8,711.3,1640.0,777.1,0.000,0.6399,1
6416,180,1518.6,716.3,1544.4,775.4,0.000,0.6016,1
6417,136,1735.8,698.6,1759.5,764.5,0.000,0.6711,1
6417,168,1615.1,710.9,1638.1,776.9,0.000,0.6389,1
6418,136,1737.0,699.1,1759.8,763.9,0.000,0.6718,1
6418,168,1613.4,711.3,1636.2,777.4,0.000,0.6380,1
6419,136,1737.7,699.1,1760.5,763.6,0.000,0.6724,1
6419,168,1611.7,712.1,1634.2,777.6,0.000,0.6370,1
6420,136,1738.5,698.8,1761.5,763.3,0.000,0.6730,1
6420,168,1609.9,711.5,1633.1,778.8,0.000,0.6365,1
6421,136,1739.2,697.9,1762.4,762.1,0.000,0.6735,1
6421,168,1608.9,712.3,1632.0,779.0,0.000,0.6357,1
6422,136,1741.4,699.2,1764.7,762.5,0.000,0.6739,1
6422,168,1606.2,711.7,1630.3,779.4,0.000,0.6351,1
6423,136,1743.0,699.5,1766.4,761.6,0.000,0.6740,1
6423,168,1604.6,713.3,1629.0,779.2,0.000,0.6341,1
6423,180,1506.0,711.5,1532.4,774.6,0.000,0.6016,1
6424,136,1742.9,699.0,1766.8,761.3,0.000,0.6743,1
6424,168,1603.1,713.7,1627.9,778.8,0.000,0.6330,1
6424,180,1505.6,711.6,1531.4,775.3,0.000,0.6016,1
6425,136,1743.8,698.8,1767.6,760.2,0.000,0.6745,1
6425,168,1601.3,712.8,1627.1,779.2,0.000,0.6322,1
6425,180,1505.7,712.5,1530.7,775.2,0.000,0.6016,1
6426,136,1744.7,699.4,1768.9,760.8,0.000,0.6748,1
6426,168,1600.3,709.8,1627.6,779.0,0.000,0.6320,1
6426,180,1504.9,711.9,1529.9,775.7,0.000,0.6016,1
6427,136,1746.3,699.6,1770.5,760.9,0.000,0.6751,1
6427,168,1599.3,709.2,1627.0,778.9,0.000,0.6318,1
6427,180,1504.0,708.9,1529.5,775.2,0.000,0.6016,1
6428,136,1748.5,699.3,1772.4,760.4,0.000,0.6754,1
6428,168,1598.1,708.2,1626.0,779.1,0.000,0.6319,1
6428,180,1503.3,708.0,1529.1,776.0,0.000,0.6016,1
6429,136,1750.7,699.6,1774.2,760.7,0.000,0.6758,1
6429,168,1596.4,709.3,1623.5,779.1,0.000,0.6318,1
6429,180,1503.2,709.2,1528.2,775.6,0.000,0.6016,1
6430,136,1752.8,699.2,1776.2,760.9,0.000,0.6763,1
6430,168,1594.6,710.5,1620.5,778.1,0.000,0.6311,1
6430,180,1502.2,705.8,1528.3,775.8,0.000,0.6016,1
6431,136,1754.1,699.5,1777.0,760.8,0.000,0.6767,1
6431,168,1593.0,709.6,1618.6,777.7,0.000,0.6306,1
6432,136,1755.2,698.7,1778.2,761.0,0.000,0.6773,1
6432,168,1592.0,711.5,1615.8,776.6,0.000,0.6294,1
6433,136,1756.1,698.6,1778.7,760.3,0.000,0.6776,1
6433,168,1591.0,710.3,1614.6,776.4,0.000,0.6287,1
6433,180,1496.6,702.7,1524.1,776.3,0.000,0.6016,1
6434,136,1757.7,698.6,1780.1,760.1,0.000,0.6779,1
6434,168,1589.2,712.4,1611.9,777.3,0.000,0.6279,1
6434,180,1495.7,706.8,1522.0,776.8,0.000,0.6016,1
6435,136,1759.0,698.9,1781.7,760.0,0.000,0.6782,1
6435,168,1587.0,710.1,1610.1,777.0,0.000,0.6275,1
6435,180,1494.1,703.8,1521.3,777.7,0.000,0.6016,1
6436,136,1759.8,699.8,1782.5,759.9,0.000,0.6782,1
6436,168,1584.4,712.4,1607.3,777.6,0.000,0.6268,1
6436,180,1493.6,703.4,1520.7,777.6,0.000,0.6016,1
6437,136,1760.7,700.5,1783.7,760.1,0.000,0.6782,1
6437,168,1582.5,712.9,1605.4,777.4,0.000,0.6258,1
6437,180,1493.0,710.5,1517.4,777.0,0.000,0.6016,1
6438,136,1761.9,701.9,1784.8,760.1,0.000,0.6780,1
6438,168,1579.9,714.6,1603.3,778.4,0.000,0.6250,1
6438,180,1491.9,704.5,1518.6,776.7,0.000,0.6016,1
6439,136,1762.3,700.2,1786.0,760.1,0.000,0.6783,1
6439,168,1578.5,712.7,1603.6,779.5,0.000,0.6248,1
6439,180,1491.2,708.7,1516.9,778.2,0.000,0.6016,1
6440,136,1763.0,697.9,1787.5,760.6,0.000,0.6792,1
6440,168,1578.0,714.1,1603.1,779.2,0.000,0.6240,1
6440,180,1489.3,711.6,1514.5,780.0,0.000,0.6016,1
6441,136,1765.5,696.1,1790.4,759.6,0.000,0.6801,1
6441,168,1577.7,714.6,1602.7,778.9,0.000,0.6229,1
6441,180,1488.5,713.0,1513.1,779.8,0.000,0.6016,1
6442,136,1766.4,694.7,1791.6,758.9,0.000,0.6810,1
6442,168,1576.2,714.5,1601.5,779.7,0.000,0.6221,1
6442,180,1487.9,714.7,1511.9,779.9,0.000,0.6016,1
6443,136,1768.2,694.3,1793.2,758.5,0.000,0.6819,1
6443,168,1574.7,715.4,1599.4,779.8,0.000,0.6210,1
6443,180,1486.6,713.0,1511.2,779.8,0.000,0.6016,1
6444,136,1769.3,693.5,1794.8,759.4,0.000,0.6831,1
6444,168,1573.7,716.0,1597.4,778.5,0.000,0.6192,1
6444,180,1485.6,713.3,1510.2,779.9,0.000,0.6016,1
6445,136,1770.3,692.9,1795.7,758.8,0.000,0.6840,1
6445,168,1571.7,713.6,1596.3,779.8,0.000,0.6187,1
6445,180,1484.6,711.7,1509.7,779.7,0.000,0.6016,1
6446,136,1772.6,693.8,1797.0,758.1,0.000,0.6845,1
6446,168,1570.3,714.7,1593.7,778.8,0.000,0.6174,1
6446,180,1484.0,711.8,1508.9,779.3,0.000,0.6016,1
6447,136,1774.1,695.1,1797.8,758.3,0.000,0.6849,1
6447,168,1568.6,713.7,1591.9,778.8,0.000,0.6163,1
6447,180,1483.8,710.4,1509.1,779.0,0.000,0.6016,1
6448,136,1774.2,694.8,1797.7,757.5,0.000,0.6851,1
6448,168,1567.2,713.5,1589.9,777.7,0.000,0.6152,1
6448,180,1481.7,709.5,1507.7,779.2,0.000,0.5856,1
6449,136,1773.5,696.3,1796.6,757.3,0.000,0.6850,1
6449,168,1565.5,713.7,1588.1,777.8,0.000,0.6141,1
6449,180,1481.3,709.0,1508.0,780.3,0.000,0.5855,1
6450,136,1773.1,696.9,1796.3,757.0,0.000,0.6848,1
6450,168,1564.0,713.0,1586.4,777.1,0.000,0.6132,1
6450,180,1480.8,707.7,1507.5,778.1,0.000,0.5849,1
6451,136,1773.3,696.4,1797.2,757.2,0.000,0.6850,1
6451,168,1562.3,713.1,1584.2,775.1,0.000,0.6115,1
6452,136,1773.9,697.0,1798.5,757.5,0.000,0.6851,1
6452,168,1559.6,713.0,1582.0,775.0,0.000,0.6104,1
6453,136,1772.2,695.9,1797.8,757.5,0.000,0.6854,1
6453,168,1556.2,712.7,1579.6,775.5,0.000,0.6097,1
6454,136,1772.9,696.3,1799.0,757.5,0.000,0.6856,1
6454,168,1553.9,712.9,1578.2,775.5,0.000,0.6090,1
6455,136,1775.5,696.3,1801.5,757.6,0.000,0.6858,1
6455,168,1552.9,711.0,1578.7,775.9,0.000,0.6088,1
6456,136,1778.0,695.2,1803.8,757.1,0.000,0.6862,1
6456,168,1552.9,712.6,1579.0,776.5,0.000,0.6086,1
6457,136,1781.1,696.5,1805.8,756.9,0.000,0.6862,1
6457,168,1551.1,708.9,1579.4,777.5,0.000,0.6096,1
6458,136,1783.5,696.9,1807.9,757.3,0.000,0.6863,1
6458,168,1550.7,707.8,1579.4,777.2,0.000,0.6104,1
6459,136,1785.2,697.2,1809.1,757.5,0.000,0.6864,1
6459,168,1550.6,707.9,1579.4,777.2,0.000,0.6111,1
6460,136,1786.7,697.3,1810.6,758.8,0.000,0.6869,1
6460,168,1548.4,705.9,1578.0,777.5,0.000,0.6124,1
6461,136,1787.8,698.2,1811.0,759.0,0.000,0.6869,1
6461,168,1547.6,707.0,1576.2,777.0,0.000,0.6128,1
6462,136,1789.2,698.2,1812.4,759.5,0.000,0.6871,1
6462,168,1544.3,705.8,1572.5,776.5,0.000,0.6134,1
6463,136,1790.6,699.6,1813.4,759.7,0.000,0.6870,1
6463,168,1543.8,708.4,1570.1,776.1,0.000,0.6130,1
6464,136,1791.4,698.7,1813.1,755.7,0.000,0.6861,1
6464,168,1542.3,708.0,1567.6,775.0,0.000,0.6125,1
6465,136,1793.6,699.6,1814.8,755.0,0.000,0.6856,1
6465,168,1541.5,710.0,1565.4,774.9,0.000,0.6116,1
6466,136,1794.4,698.8,1816.5,755.6,0.000,0.6857,1
6466,168,1540.2,711.2,1563.4,775.3,0.000,0.6108,1
6467,168,1538.8,710.0,1562.0,775.1,0.000,0.6101,1
6468,168,1536.9,709.0,1560.6,776.2,0.000,0.6101,1
6469,168,1535.0,705.5,1559.7,776.0,0.000,0.6105,1
6470,168,1532.9,706.9,1557.1,775.8,0.000,0.6104,1
6470,136,1800.0,698.3,1822.7,755.0,0.000,0.6857,1
6471,168,1531.7,707.3,1556.0,776.3,0.000,0.6104,1
6471,136,1801.6,697.2,1824.8,754.6,0.000,0.6857,1
6472,168,1530.7,709.2,1554.4,775.8,0.000,0.6097,1
6472,136,1803.3,696.9,1826.7,755.3,0.000,0.6857,1
6473,168,1529.9,709.5,1553.8,776.2,0.000,0.6090,1
6473,136,1805.4,697.9,1828.1,755.1,0.000,0.6857,1
6474,168,1529.5,711.0,1553.2,776.8,0.000,0.6082,1
6474,136,1807.0,698.3,1828.9,754.4,0.000,0.6857,1
6475,168,1529.0,712.1,1552.8,777.5,0.000,0.6073,1
6476,168,1526.6,710.5,1550.4,776.3,0.000,0.6059,1
6476,202,799.3,716.4,827.7,785.7,0.000,0.5064,1
6477,168,1525.3,711.7,1548.1,775.3,0.000,0.6040,1
6477,202,795.8,715.4,824.9,788.5,0.000,0.5089,1
6478,168,1524.7,712.7,1546.4,774.2,0.000,0.6017,1
6478,202,795.8,715.7,823.3,786.4,0.000,0.5094,1
6479,168,1524.6,714.9,1544.9,773.3,0.000,0.5989,1
6479,202,796.8,717.9,821.9,783.9,0.000,0.5083,1
6480,202,796.4,718.4,820.9,783.9,0.000,0.5076,1
6481,202,796.2,721.7,819.7,784.9,0.000,0.5073,1
6482,202,796.8,722.8,820.1,785.8,0.000,0.5073,1
6482,168,1517.7,706.3,1541.0,774.4,0.000,0.5989,1
6483,168,1516.5,706.9,1540.1,776.2,0.000,0.5989,1
6484,168,1513.7,704.8,1537.8,775.8,0.000,0.5989,1
6485,168,1512.8,707.7,1535.9,776.5,0.000,0.5989,1
6487,168,1509.3,705.6,1533.4,778.8,0.000,0.5989,1
6488,168,1504.8,703.2,1529.5,778.1,0.000,0.5989,1
6490,168,1502.3,701.5,1526.8,774.7,0.000,0.5989,1
6494,168,1494.8,704.0,1518.5,774.4,0.000,0.5989,1
6495,168,1494.7,704.5,1518.6,774.4,0.000,0.5989,1
6496,168,1494.6,704.7,1519.0,775.4,0.000,0.5989,1
6497,168,1494.1,705.9,1518.1,775.5,0.000,0.5989,1
6498,168,1493.2,705.8,1517.4,776.4,0.000,0.5989,1
6499,168,1492.5,707.4,1515.8,775.7,0.000,0.5989,1
6500,168,1491.1,709.1,1513.8,775.6,0.000,0.5989,1
6501,168,1489.5,709.5,1511.9,775.7,0.000,0.5989,1
6502,168,1488.0,709.6,1510.5,776.0,0.000,0.5989,1
6503,168,1487.3,710.7,1509.6,775.8,0.000,0.5989,1
6504,168,1486.5,710.4,1509.0,775.5,0.000,0.5989,1
6505,168,1485.0,710.1,1508.2,776.3,0.000,0.5989,1
6506,168,1483.5,709.6,1506.5,775.5,0.000,0.5989,1
6507,168,1481.4,708.6,1504.3,774.5,0.000,0.5989,1
6508,168,1479.5,708.0,1502.6,774.2,0.000,0.5989,1
6509,168,1478.1,707.5,1501.7,774.5,0.000,0.5837,1
6510,168,1477.6,708.1,1501.2,774.6,0.000,0.5827,1
6511,168,1475.2,709.3,1498.1,774.2,0.000,0.5812,1
6512,168,1473.1,710.4,1495.5,773.7,0.000,0.5793,1
6513,168,1471.2,712.1,1492.8,773.2,0.000,0.5768,1
6513,254,339.2,692.9,363.4,749.2,0.000,0.6307,1
6514,168,1470.8,713.1,1492.0,772.8,0.000,0.5741,1
6514,254,339.6,693.8,363.5,749.4,0.000,0.6309,1
6515,168,1469.0,712.1,1490.8,773.3,0.000,0.5723,1
6515,254,339.9,694.3,363.4,749.3,0.000,0.6310,1
6516,168,1467.2,711.6,1489.5,773.8,0.000,0.5710,1
6516,254,339.8,694.6,363.3,749.5,0.000,0.6310,1
6517,168,1466.1,714.1,1488.2,774.6,0.000,0.5693,1
6517,254,340.1,694.7,363.3,749.2,0.000,0.6309,1
6518,168,1464.7,714.9,1486.7,774.6,0.000,0.5673,1
6518,254,340.1,694.8,363.2,749.1,0.000,0.6308,1
6519,168,1462.6,714.3,1485.0,774.8,0.000,0.5656,1
6519,254,340.0,694.3,363.3,749.5,0.000,0.6310,1
6520,168,1461.2,714.0,1483.9,775.2,0.000,0.5641,1
6520,254,340.0,694.2,363.3,749.6,0.000,0.6312,1
6521,168,1459.3,715.2,1481.5,775.1,0.000,0.5621,1
6521,254,339.9,693.9,363.3,750.0,0.000,0.6316,1
6521,257,1543.4,708.7,1569.8,774.4,0.000,0.6013,1
6522,168,1457.6,715.7,1479.5,775.1,0.000,0.5599,1
6522,254,340.1,693.8,363.3,749.3,0.000,0.6315,1
6522,257,1544.4,708.8,1570.8,774.7,0.000,0.6023,1
6523,168,1454.9,713.5,1477.5,775.5,0.000,0.5584,1
6523,254,340.4,694.2,363.3,749.4,0.000,0.6315,1
6523,257,1547.0,710.9,1572.2,774.6,0.000,0.6028,1
6524,168,1454.1,713.1,1476.5,775.1,0.000,0.5568,1
6524,254,340.5,694.3,363.4,749.8,0.000,0.6317,1
6524,257,1548.6,711.2,1573.7,775.3,0.000,0.6036,1
6525,168,1452.9,711.9,1475.0,774.0,0.000,0.5551,1
6525,257,1550.5,710.9,1574.9,774.2,0.000,0.6039,1
6526,168,1451.0,711.5,1473.4,775.4,0.000,0.5546,1
6526,257,1551.5,711.5,1575.3,774.1,0.000,0.6040,1
6527,168,1449.6,711.1,1472.0,776.0,0.000,0.5544,1
6527,257,1552.6,711.6,1576.2,774.3,0.000,0.6043,1
6528,168,1449.4,712.6,1470.8,775.2,0.000,0.5533,1
6528,257,1554.4,712.4,1577.8,775.4,0.000,0.6048,1
6529,168,1448.3,712.4,1468.9,774.0,0.000,0.5522,1
6529,257,1555.1,712.0,1579.2,777.1,0.000,0.6060,1
6530,168,1446.5,712.8,1466.9,773.6,0.000,0.5510,1
6531,168,1444.8,714.6,1465.5,776.4,0.000,0.5505,1
6531,257,1556.2,711.3,1580.8,776.9,0.000,0.6060,1
6532,168,1443.5,714.8,1464.2,776.2,0.000,0.5494,1
6534,168,1440.4,716.6,1460.6,776.9,0.000,0.5494,1
6536,168,1437.3,717.0,1456.4,773.9,0.000,0.5494,1
6537,168,1435.6,717.3,1455.0,775.6,0.000,0.5494,1
6538,168,1435.6,717.3,1451.7,764.7,0.000,0.5494,1
6539,168,1433.2,717.7,1451.5,771.7,0.000,0.5494,1
6539,257,1567.0,713.4,1591.1,778.1,0.000,0.6060,1
6540,257,1568.9,713.5,1592.4,777.0,0.000,0.6060,1
6541,257,1570.6,713.6,1594.1,777.1,0.000,0.6060,1
6546,257,1576.4,712.0,1601.4,779.8,0.000,0.6060,1
6548,257,1580.3,712.7,1605.5,778.9,0.000,0.6060,1
6549,257,1580.8,710.0,1607.4,778.6,0.000,0.6060,1
6550,257,1580.8,706.1,1608.9,778.5,0.000,0.6060,1
6551,259,635.0,703.1,668.5,777.8,0.000,0.5688,1
6551,257,1581.2,707.9,1608.3,777.6,0.000,0.6060,1
6552,259,634.4,703.0,667.5,777.8,0.000,0.5707,1
6552,257,1581.3,707.0,1609.5,778.8,0.000,0.6060,1
6553,252,1005.0,732.0,1038.3,798.5,0.000,0.4853,0
6553,257,1582.7,709.0,1610.7,779.0,0.000,0.6060,1
6554,252,1000.8,727.0,1035.9,796.9,0.000,0.4848,0
6554,259,630.7,705.4,663.0,778.8,0.000,0.5707,1
6555,252,997.1,719.7,1035.8,798.3,0.000,0.4861,0
6555,259,630.7,705.2,663.5,779.0,0.000,0.5707,1
6556,252,993.2,718.2,1031.7,798.8,0.000,0.4877,0
6556,259,630.1,707.7,662.1,778.4,0.000,0.5707,1
6556,257,1591.5,721.4,1614.6,778.5,0.000,0.6060,1
6557,252,991.3,717.7,1028.5,797.8,0.000,0.4886,0
6557,259,629.0,710.3,660.1,777.7,0.000,0.5707,1
6558,252,988.3,718.4,1024.0,797.0,0.000,0.4892,0
6558,259,626.2,710.2,657.6,776.6,0.000,0.5707,1
6558,257,1593.5,716.8,1618.6,779.3,0.000,0.6060,1
6559,252,985.8,721.0,1019.8,797.1,0.000,0.4898,0
6559,259,622.8,709.7,654.6,776.1,0.000,0.5707,1
6559,257,1596.1,716.6,1620.4,778.7,0.000,0.6060,1
6560,252,985.0,721.6,1018.1,797.2,0.000,0.4903,0
6560,259,619.5,709.1,652.1,776.2,0.000,0.5707,1
6561,252,980.2,719.5,1014.2,796.9,0.000,0.4912,0
6561,259,617.6,709.1,649.5,774.9,0.000,0.5707,1
6562,252,976.7,718.3,1011.6,796.9,0.000,0.4922,0
6562,259,616.2,709.8,647.7,774.7,0.000,0.5707,1
6563,252,973.0,718.1,1008.8,796.9,0.000,0.4930,0
6563,259,613.1,711.1,644.2,775.2,0.000,0.5707,1
6564,252,970.4,718.3,1007.2,796.9,0.000,0.4938,0
6564,259,612.3,710.0,643.3,774.9,0.000,0.5707,1
6565,252,968.4,720.2,1005.9,797.7,0.000,0.4950,0
6565,259,612.7,709.6,643.9,775.7,0.000,0.5707,1
6566,252,967.1,720.0,1006.0,798.3,0.000,0.4965,0
6566,259,612.1,709.3,642.8,774.4,0.000,0.5707,1
6566,257,1604.7,715.4,1628.9,775.3,0.000,0.6060,1
6567,252,966.0,717.5,1006.8,798.7,0.000,0.4984,0
6568,252,964.7,718.3,1005.2,798.2,0.000,0.4997,0
6569,252,962.2,719.0,1002.0,797.4,0.000,0.5004,1
6570,252,958.9,718.7,998.0,796.5,0.000,0.5007,1
6571,252,957.7,719.2,996.7,797.3,0.000,0.5013,1
6572,252,956.8,717.5,996.0,797.2,0.000,0.5016,1
6573,252,957.8,717.0,996.6,796.6,0.000,0.5014,1
6574,252,959.3,718.1,997.2,796.8,0.000,0.5015,1
6575,252,952.4,718.8,988.6,797.0,0.000,0.5023,1
6576,252,949.3,719.1,984.1,796.6,0.000,0.5026,1
6577,252,944.7,719.6,979.2,797.6,0.000,0.5037,1
6578,252,940.7,718.3,976.5,798.5,0.000,0.5054,1
6579,252,937.5,717.5,974.0,797.5,0.000,0.5063,1
6580,252,933.5,719.2,970.2,797.0,0.000,0.5069,1
6581,252,932.3,718.4,970.8,798.1,0.000,0.5081,1
6582,252,930.2,719.1,969.2,798.2,0.000,0.5091,1
6583,252,929.3,718.8,968.9,797.7,0.000,0.5096,1
6584,252,926.1,719.2,965.2,797.1,0.000,0.5099,1
6585,252,924.1,718.4,963.0,796.2,0.000,0.5098,1
6586,252,923.2,717.7,961.9,796.0,0.000,0.5097,1
6587,252,922.5,716.0,961.0,796.1,0.000,0.5098,1
6588,252,920.6,713.4,959.2,796.5,0.000,0.5104,1
6589,252,918.8,710.3,957.6,796.4,0.000,0.5118,1
6590,252,915.8,711.2,952.8,795.8,0.000,0.5124,1
6591,252,912.5,711.6,948.6,796.3,0.000,0.5134,1
6592,252,909.8,714.6,944.5,796.3,0.000,0.5142,1
6593,252,908.0,716.5,942.1,796.4,0.000,0.5149,1
6620,278,531.4,701.3,556.6,765.1,0.000,0.5898,1
6621,278,530.7,702.3,555.1,765.0,0.000,0.5903,1
6622,278,529.3,702.3,553.4,764.6,0.000,0.5906,1
6623,278,527.4,701.6,551.4,764.9,0.000,0.5913,1
6624,278,526.7,702.7,550.3,765.0,0.000,0.5916,1
6625,278,526.0,701.4,549.6,764.9,0.000,0.5922,1
6625,272,340.6,691.3,363.4,748.2,0.000,0.6315,1
6626,278,524.5,700.9,548.3,765.4,0.000,0.5931,1
6626,272,340.4,691.2,363.2,748.0,0.000,0.6314,1
6627,278,523.6,702.5,546.9,765.3,0.000,0.5935,1
6627,272,340.8,691.6,363.3,747.9,0.000,0.6312,1
6628,278,520.9,699.9,545.5,765.2,0.000,0.5945,1
6628,272,340.9,691.6,363.4,747.8,0.000,0.6310,1
6629,278,520.3,699.9,545.6,765.7,0.000,0.5955,1
6629,272,340.7,691.1,363.4,748.0,0.000,0.6310,1
6630,278,520.6,700.4,546.1,766.1,0.000,0.5963,1
6630,272,340.3,691.9,362.7,748.1,0.000,0.6310,1
6631,278,520.2,700.3,545.8,766.4,0.000,0.5971,1
6632,278,513.8,699.0,540.7,765.8,0.000,0.5982,1
6633,278,511.7,697.3,539.6,765.2,0.000,0.5992,1
6634,278,510.8,699.3,538.3,765.3,0.000,0.5998,1
6635,278,507.8,698.8,535.7,765.3,0.000,0.6006,1
6637,278,507.1,699.5,533.9,764.6,0.000,0.6006,1
6638,278,507.3,700.0,533.7,765.0,0.000,0.6006,1
6639,278,506.2,700.7,531.6,764.5,0.000,0.6006,1
6640,278,506.0,702.8,530.4,765.2,0.000,0.6006,1
6641,278,506.4,704.6,529.8,765.4,0.000,0.6006,1
6642,291,818.9,709.4,856.5,797.5,0.000,0.5415,1
6643,291,818.5,708.1,856.0,797.7,0.000,0.5430,1
6644,291,818.0,707.3,855.1,797.8,0.000,0.5444,1
6644,278,505.4,703.9,528.7,765.3,0.000,0.6006,1
6645,291,816.7,707.8,853.1,797.6,0.000,0.5455,1
6645,278,505.1,702.2,528.7,765.4,0.000,0.6006,1
6646,291,816.1,707.8,851.9,797.4,0.000,0.5463,1
6646,278,504.8,700.8,528.6,765.2,0.000,0.6006,1
6647,291,816.8,706.5,852.2,797.1,0.000,0.5471,1
6647,278,505.2,699.1,529.3,764.7,0.000,0.6006,1
6648,291,817.2,707.0,851.7,796.8,0.000,0.5474,1
6648,278,504.7,698.7,528.6,765.0,0.000,0.6006,1
6649,291,817.5,707.6,851.0,796.6,0.000,0.5473,1
6649,278,501.9,701.4,524.6,764.7,0.000,0.6006,1
6650,291,817.0,708.1,849.8,796.4,0.000,0.5471,1
6651,291,816.5,708.4,848.8,796.2,0.000,0.5468,1
6652,291,816.2,708.2,848.2,796.1,0.000,0.5466,1
6653,291,816.1,706.8,848.4,796.4,0.000,0.5471,1
6654,291,816.5,707.0,848.4,796.2,0.000,0.5471,1
6655,291,816.5,707.3,848.2,796.3,0.000,0.5471,1
6656,291,816.9,707.9,848.2,796.1,0.000,0.5468,1
6657,291,817.2,708.2,848.2,796.3,0.000,0.5465,1
6658,291,817.2,708.5,847.9,796.2,0.000,0.5462,1
6659,291,817.1,709.1,847.5,796.3,0.000,0.5459,1
6660,291,817.3,709.5,847.7,796.1,0.000,0.5454,1
6661,291,817.3,709.4,847.8,796.3,0.000,0.5451,1
6662,291,818.2,709.3,848.5,796.1,0.000,0.5447,1
6663,291,818.0,709.8,848.0,796.3,0.000,0.5445,1
6664,291,817.9,710.6,847.4,796.2,0.000,0.5441,1
6665,291,817.4,710.9,846.7,796.0,0.000,0.5437,1
6666,291,817.9,709.8,847.3,796.4,0.000,0.5438,1
6667,291,818.7,709.9,847.5,796.2,0.000,0.5436,1
6668,291,819.2,710.6,847.1,795.8,0.000,0.5431,1
6669,291,819.5,710.7,846.7,795.6,0.000,0.5425,1
6670,291,819.5,710.9,846.3,795.8,0.000,0.5422,1
6671,291,820.0,710.9,846.4,795.8,0.000,0.5418,1
6672,291,820.5,710.5,846.9,795.8,0.000,0.5416,1
6673,291,821.1,710.5,847.2,795.6,0.000,0.5412,1
6674,291,821.8,710.9,847.9,795.7,0.000,0.5409,1
6675,291,823.0,711.2,848.9,795.7,0.000,0.5404,1
6676,291,823.6,711.5,849.4,795.6,0.000,0.5399,1
6677,291,823.7,710.7,849.7,795.2,0.000,0.5394,1
6678,291,824.1,711.1,850.0,795.4,0.000,0.5390,1
6679,291,824.4,711.6,850.2,795.2,0.000,0.5384,1
6680,291,824.6,711.1,850.7,795.7,0.000,0.5384,1
6681,291,824.9,710.4,851.4,796.5,0.000,0.5390,1
6682,291,824.6,710.4,851.3,796.7,0.000,0.5396,1
6683,291,825.1,711.0,851.5,796.2,0.000,0.5395,1
6684,291,827.2,712.3,853.1,795.7,0.000,0.5389,1
6685,291,828.2,712.9,854.1,796.3,0.000,0.5389,1
6686,291,830.1,712.7,853.4,786.4,0.000,0.5329,1
6687,291,831.2,712.4,852.0,775.8,0.000,0.5247,1
6688,291,832.7,712.2,851.0,765.2,0.000,0.5145,1
6689,291,833.2,712.4,851.1,761.8,0.000,0.5049,1
6690,291,832.6,712.9,850.2,758.4,0.000,0.4952,0
6691,291,832.8,713.1,850.6,757.0,0.000,0.4860,0
6692,291,833.6,712.7,851.3,753.9,0.000,0.4772,0
6709,300,1127.8,720.0,1145.8,757.9,0.000,0.3745,0
6718,310,256.6,674.6,315.7,829.7,0.000,0.7858,1
6719,310,255.8,676.4,315.3,830.7,0.000,0.7857,1
6720,310,256.4,678.9,315.6,830.8,0.000,0.7853,1
6721,310,255.2,678.9,315.0,830.4,0.000,0.7851,1
6722,310,256.6,685.5,314.4,829.2,0.000,0.7837,1
6723,310,257.3,693.1,313.4,828.8,0.000,0.7821,1
6724,310,256.7,690.9,314.5,828.3,0.000,0.7811,1
6725,310,258.9,684.8,318.7,826.7,0.000,0.7805,1
6726,310,256.3,691.7,313.4,827.4,0.000,0.7797,1
6726,313,601.3,703.7,629.0,775.1,0.000,0.5862,1
6726,317,341.0,693.0,364.4,748.1,0.000,0.6299,1
6727,310,256.1,687.7,312.4,825.5,0.000,0.7790,1
6727,313,603.4,705.6,630.6,775.3,0.000,0.5853,1
6727,317,340.5,693.0,364.3,748.7,0.000,0.6300,1
6728,313,604.0,705.2,631.8,775.8,0.000,0.5850,1
6728,317,341.1,692.1,365.0,748.6,0.000,0.6302,1
6728,322,821.1,709.5,848.5,798.3,0.000,0.5486,1
6729,313,605.0,706.1,632.9,775.9,0.000,0.5843,1
6729,317,341.1,692.1,365.0,748.9,0.000,0.6304,1
6729,322,821.2,709.8,848.3,798.4,0.000,0.5490,1
6730,313,605.5,706.1,633.7,776.1,0.000,0.5839,1
6730,317,340.4,692.9,364.5,749.9,0.000,0.6310,1
6730,322,821.2,709.9,848.1,798.3,0.000,0.5493,1
6730,310,256.9,688.6,310.3,822.9,0.000,0.7790,1
6731,313,605.7,705.3,634.5,776.3,0.000,0.5838,1
6731,322,821.2,709.7,848.1,798.3,0.000,0.5495,1
6731,310,256.2,682.1,310.9,824.5,0.000,0.7790,1
6732,313,607.3,705.4,636.2,776.3,0.000,0.5836,1
6732,322,821.1,709.7,848.0,798.9,0.000,0.5501,1
6732,323,388.7,694.0,415.0,753.2,0.000,0.6183,1
6733,313,607.1,705.7,636.2,776.6,0.000,0.5836,1
6733,322,821.1,709.8,848.0,799.1,0.000,0.5507,1
6734,313,610.5,705.7,639.4,776.9,0.000,0.5833,1
6734,322,820.9,709.8,847.8,799.0,0.000,0.5511,1
6734,310,268.7,692.4,318.8,821.0,0.000,0.7790,1
6734,323,382.3,694.4,409.3,753.0,0.000,0.6183,1
6735,313,611.2,705.5,640.0,777.1,0.000,0.5833,1
6735,322,821.0,709.9,847.7,799.0,0.000,0.5515,1
6736,313,612.5,705.6,641.0,777.6,0.000,0.5833,1
6736,322,820.9,709.9,847.6,798.9,0.000,0.5517,1
6737,313,614.6,705.7,642.7,777.7,0.000,0.5832,1
6737,322,820.9,709.9,847.5,798.8,0.000,0.5517,1
6738,313,615.4,706.0,643.2,778.7,0.000,0.5834,1
6738,322,820.8,709.9,847.4,798.6,0.000,0.5517,1
6739,313,616.2,705.5,643.8,778.5,0.000,0.5836,1
6739,322,820.8,709.9,847.4,798.7,0.000,0.5517,1
6740,313,618.5,705.8,645.5,778.4,0.000,0.5833,1
6740,322,820.7,709.6,847.4,798.8,0.000,0.5518,1
6741,313,619.5,705.9,645.9,778.5,0.000,0.5832,1
6741,322,820.5,709.4,847.2,798.3,0.000,0.5517,1
6741,310,266.8,670.7,326.7,823.9,0.000,0.7790,1
6742,313,620.8,706.3,647.0,778.5,0.000,0.5828,1
6742,322,820.4,709.3,847.3,798.8,0.000,0.5519,1
6743,313,623.2,706.1,649.5,779.0,0.000,0.5826,1
6743,322,820.4,709.2,847.2,798.4,0.000,0.5518,1
6744,313,624.2,706.5,650.3,778.9,0.000,0.5821,1
6744,322,820.4,709.2,847.3,798.6,0.000,0.5519,1
6744,310,263.7,668.7,324.3,827.3,0.000,0.7790,1
6745,313,623.5,705.6,649.6,778.4,0.000,0.5820,1
6745,322,820.6,709.4,847.3,798.2,0.000,0.5516,1
6746,313,624.0,705.0,650.2,778.5,0.000,0.5820,1
6746,322,820.6,709.5,847.3,798.2,0.000,0.5514,1
6746,310,263.3,669.7,322.4,827.2,0.000,0.7790,1
6747,313,626.0,705.5,652.4,778.4,0.000,0.5816,1
6747,322,820.6,709.3,847.3,798.0,0.000,0.5511,1
6747,310,263.1,685.2,320.3,832.0,0.000,0.7790,1
6748,313,628.6,702.9,656.1,778.6,0.000,0.5821,1
6748,322,820.7,709.1,847.5,797.9,0.000,0.5508,1
6748,310,265.1,691.0,321.5,832.5,0.000,0.7790,1
6749,313,629.8,702.8,657.7,778.7,0.000,0.5823,1
6749,322,820.8,709.0,847.6,798.1,0.000,0.5508,1
6749,310,265.3,692.4,322.1,834.7,0.000,0.7790,1
6750,313,629.4,701.9,657.9,778.8,0.000,0.5830,1
6750,322,821.1,709.5,847.6,798.1,0.000,0.5505,1
6750,310,266.9,692.3,323.2,832.5,0.000,0.7790,1
6751,313,629.9,702.1,658.6,779.0,0.000,0.5834,1
6751,322,821.3,709.7,847.6,798.1,0.000,0.5503,1
6751,310,267.1,696.2,322.5,832.1,0.000,0.7790,1
6752,313,631.4,702.9,659.7,779.0,0.000,0.5834,1
6752,322,821.3,709.9,847.6,797.9,0.000,0.5500,1
6752,310,262.3,673.9,326.2,831.9,0.000,0.7790,1
6753,313,632.4,702.7,660.6,778.3,0.000,0.5830,1
6753,322,821.3,709.9,847.5,797.8,0.000,0.5497,1
6753,310,263.3,668.6,327.7,829.9,0.000,0.7790,1
6754,313,634.9,701.8,663.1,777.8,0.000,0.5826,1
6754,322,821.2,710.2,847.4,798.0,0.000,0.5496,1
6754,327,1026.8,719.9,1055.9,797.9,0.000,0.4772,0
6754,310,262.6,663.0,328.1,829.8,0.000,0.7790,1
6755,313,635.7,702.0,663.7,777.8,0.000,0.5822,1
6755,322,821.3,710.5,847.2,797.8,0.000,0.5492,1
6755,327,1022.6,719.2,1052.9,798.5,0.000,0.4797,0
6755,310,262.5,661.3,327.4,829.8,0.000,0.7790,1
6756,313,636.8,702.3,664.4,777.3,0.000,0.5814,1
6756,322,821.3,710.6,847.2,797.8,0.000,0.5489,1
6756,327,1020.7,719.5,1051.4,797.7,0.000,0.4814,0
6756,310,262.1,657.7,327.6,830.9,0.000,0.7790,1
6757,313,638.8,702.7,665.8,776.6,0.000,0.5802,1
6757,322,821.4,710.8,847.1,797.5,0.000,0.5484,1
6757,327,1022.2,718.4,1053.9,797.4,0.000,0.4826,0
6757,310,259.5,654.7,324.6,832.2,0.000,0.7790,1
6758,313,640.6,703.4,667.1,776.8,0.000,0.5789,1
6758,322,821.4,710.8,847.0,797.2,0.000,0.5478,1
6758,327,1021.1,717.7,1053.2,796.3,0.000,0.4830,0
6758,310,261.3,659.3,323.7,832.1,0.000,0.7790,1
6759,313,640.7,703.3,667.0,777.1,0.000,0.5781,1
6759,322,821.3,710.9,847.0,797.4,0.000,0.5475,1
6759,327,1020.2,717.5,1052.0,794.8,0.000,0.4825,0
6759,332,163.9,640.1,214.9,855.0,0.000,0.8226,1
6759,310,263.2,660.8,324.4,831.8,0.000,0.7790,1
6760,313,642.6,703.0,668.7,776.5,0.000,0.5770,1
6760,322,821.5,711.0,847.1,797.4,0.000,0.5471,1
6760,327,1018.2,717.6,1050.6,796.4,0.000,0.4834,0
6760,332,165.1,641.7,217.2,856.3,0.000,0.8234,1
6760,310,264.3,663.8,324.2,831.7,0.000,0.7790,1
6761,313,643.9,703.4,669.9,777.2,0.000,0.5762,1
6761,322,821.6,710.8,847.2,797.4,0.000,0.5469,1
6761,327,1014.7,717.5,1046.6,795.7,0.000,0.4836,0
6761,332,165.3,642.4,218.6,858.3,0.000,0.8243,1
6761,310,265.3,668.9,322.7,831.0,0.000,0.7888,1
6762,313,646.5,703.4,670.7,772.1,0.000,0.5729,1
6762,322,821.5,710.6,847.2,797.4,0.000,0.5467,1
6762,332,167.3,648.8,219.8,858.9,0.000,0.8245,1
6762,310,266.0,672.8,321.2,829.7,0.000,0.7873,1
6763,313,650.2,703.2,670.4,759.7,0.000,0.5644,1
6763,322,821.8,710.9,847.4,797.5,0.000,0.5466,1
6763,332,168.2,651.4,221.0,860.1,0.000,0.8248,1
6763,310,266.1,672.4,321.1,829.7,0.000,0.7865,1
6763,327,1010.5,717.1,1041.7,796.0,0.000,0.4836,0
6764,322,821.9,711.0,847.5,797.6,0.000,0.5465,1
6764,332,169.8,653.0,223.0,860.4,0.000,0.8249,1
6764,310,265.9,670.1,321.2,828.9,0.000,0.7861,1
6764,327,1008.8,718.1,1038.9,795.3,0.000,0.4836,0
6764,323,339.2,691.0,364.2,747.0,0.000,0.6183,1
6765,322,821.9,711.1,847.5,797.8,0.000,0.5466,1
6765,332,171.3,648.5,226.3,860.7,0.000,0.8253,1
6765,310,266.0,668.2,321.5,828.5,0.000,0.7859,1
6765,333,1045.3,717.7,1071.0,791.5,0.000,0.4673,0
6765,327,1004.9,714.3,1036.7,796.7,0.000,0.4836,0
6765,323,338.5,690.9,363.0,747.9,0.000,0.6183,1
6766,322,821.8,711.0,847.4,797.5,0.000,0.5464,1
6766,332,173.0,647.0,228.9,860.7,0.000,0.8256,1
6766,310,266.0,666.8,321.8,828.6,0.000,0.7859,1
6766,333,1044.2,717.5,1070.0,792.0,0.000,0.4669,0
6766,327,1004.6,715.0,1034.9,794.1,0.000,0.4836,0
6766,323,338.3,690.1,362.9,748.5,0.000,0.6183,1
6767,322,821.7,711.1,847.2,797.5,0.000,0.5463,1
6767,332,175.4,649.8,231.4,860.6,0.000,0.8254,1
6767,310,266.3,666.7,322.0,828.6,0.000,0.7859,1
6767,333,1041.2,718.0,1067.3,793.1,0.000,0.4671,0
6767,327,1001.7,712.9,1032.1,791.2,0.000,0.4836,0
6767,323,338.0,682.7,365.2,748.6,0.000,0.6183,1
6768,322,821.5,711.1,847.0,797.3,0.000,0.5461,1
6768,332,176.6,645.7,234.6,861.0,0.000,0.8258,1
6768,310,266.4,666.7,321.9,828.9,0.000,0.7859,1
6768,333,1039.5,718.1,1065.7,792.9,0.000,0.4671,0
6768,327,999.5,714.1,1030.3,792.4,0.000,0.4836,0
6768,323,338.4,682.0,365.4,748.9,0.000,0.6183,1
6769,322,821.6,711.1,847.0,797.2,0.000,0.5459,1
6769,332,177.6,645.6,236.5,861.1,0.000,0.8259,1
6769,310,266.7,668.7,321.5,828.8,0.000,0.7856,1
6769,333,1039.5,731.2,1062.0,793.7,0.000,0.4660,0
6769,327,998.7,715.7,1028.6,791.4,0.000,0.4836,0
6769,323,337.7,679.5,364.9,749.2,0.000,0.6183,1
6770,322,821.5,710.9,847.0,797.2,0.000,0.5458,1
6770,332,177.6,641.5,238.4,861.2,0.000,0.8263,1
6770,310,266.6,668.0,321.5,829.1,0.000,0.7857,1
6770,327,996.6,718.2,1027.3,793.2,0.000,0.4836,0
6770,323,338.2,680.6,364.6,749.4,0.000,0.6183,1
6771,322,821.4,710.9,847.1,797.6,0.000,0.5459,1
6771,332,178.9,641.1,241.2,861.1,0.000,0.8264,1
6771,310,267.0,670.5,321.1,829.2,0.000,0.7853,1
6771,327,995.1,718.8,1027.5,796.1,0.000,0.4836,0
6771,323,338.5,679.6,365.1,749.7,0.000,0.6183,1
6771,333,1036.6,719.7,1063.8,794.4,0.000,0.4660,0
6772,322,821.6,711.0,847.1,797.4,0.000,0.5459,1
6772,332,179.6,639.9,244.1,861.5,0.000,0.8266,1
6772,310,266.7,668.8,321.3,829.9,0.000,0.7856,1
6772,327,993.5,718.9,1026.0,794.8,0.000,0.4836,0
6772,323,338.7,681.2,364.7,749.5,0.000,0.6183,1
6772,333,1032.8,720.6,1061.0,795.0,0.000,0.4660,0
6773,322,821.3,711.2,847.3,799.0,0.000,0.5470,1
6773,332,181.8,640.1,248.4,863.0,0.000,0.8270,1
6773,310,267.0,669.2,321.3,830.2,0.000,0.7858,1
6773,327,989.9,716.4,1024.7,796.0,0.000,0.4836,0
6773,323,339.3,684.0,364.2,749.3,0.000,0.6183,1
6773,333,1028.5,718.5,1059.0,796.0,0.000,0.4660,0
6774,322,822.6,711.0,846.0,788.6,0.000,0.5414,1
6774,332,183.9,640.6,252.7,865.8,0.000,0.8278,1
6774,310,267.5,669.0,321.4,829.4,0.000,0.7856,1
6774,327,988.8,718.2,1024.1,796.6,0.000,0.4836,0
6774,323,338.7,683.3,364.0,749.3,0.000,0.6183,1
6774,333,1031.0,717.1,1061.3,794.0,0.000,0.4660,0
6775,322,824.5,711.2,843.7,771.6,0.000,0.5311,1
6775,332,182.4,639.6,253.8,868.5,0.000,0.8289,1
6775,310,267.4,669.9,320.9,829.0,0.000,0.7853,1
6775,327,987.8,717.9,1023.3,795.7,0.000,0.4836,0
6775,323,339.1,683.9,364.0,748.6,0.000,0.6183,1
6775,333,1031.1,717.4,1060.8,792.6,0.000,0.4660,0
6776,322,825.0,711.1,842.2,761.4,0.000,0.5200,1
6776,332,182.1,640.0,255.0,869.3,0.000,0.8297,1
6776,310,266.9,670.6,320.3,830.0,0.000,0.7854,1
6776,323,337.3,683.0,362.4,747.4,0.000,0.6183,1
6776,333,1030.4,717.8,1059.8,792.3,0.000,0.4660,0
6777,322,826.1,711.4,842.0,755.3,0.000,0.5085,1
6777,332,181.7,643.4,256.2,871.6,0.000,0.8305,1
6777,310,267.0,671.8,319.8,829.5,0.000,0.7851,1
6777,323,337.9,680.9,363.5,746.8,0.000,0.6183,1
6777,333,1028.5,717.8,1058.2,792.4,0.000,0.4660,0
6778,322,827.0,711.4,842.5,751.5,0.000,0.4975,0
6778,332,182.6,643.8,259.2,872.5,0.000,0.8312,1
6778,310,266.5,671.4,319.1,829.1,0.000,0.7849,1
6778,323,336.8,679.5,363.4,747.4,0.000,0.6183,1
6778,333,1026.8,716.8,1057.0,792.0,0.000,0.4660,0
6778,327,973.2,709.5,1012.1,795.7,0.000,0.4836,0
6779,322,826.6,710.7,841.7,747.0,0.000,0.4869,0
6779,332,182.2,643.7,261.2,874.1,0.000,0.8320,1
6779,310,266.1,668.5,319.7,829.4,0.000,0.7854,1
6779,323,337.3,681.7,363.4,748.2,0.000,0.6403,1
6779,333,1026.0,717.2,1056.4,792.3,0.000,0.4660,0
6779,327,971.1,709.2,1009.3,795.9,0.000,0.4836,0
6780,332,182.2,646.2,262.5,874.7,0.000,0.8324,1
6780,310,265.6,667.9,319.6,829.9,0.000,0.7858,1
6780,323,337.4,681.4,363.5,748.0,0.000,0.6404,1
6780,333,1024.5,717.8,1055.7,793.9,0.000,0.4660,0
6780,327,968.8,706.9,1007.0,795.8,0.000,0.4836,0
6781,332,181.2,649.2,261.9,875.8,0.000,0.8330,1
6781,310,264.9,671.1,318.0,830.1,0.000,0.7857,1
6781,323,336.1,683.9,361.5,747.8,0.000,0.6399,1
6781,333,1023.4,718.6,1054.5,793.9,0.000,0.4660,0
6781,327,968.8,707.5,1005.5,794.9,0.000,0.4836,0
6782,332,180.6,646.9,263.3,875.8,0.000,0.8334,1
6782,310,265.1,673.4,317.6,829.5,0.000,0.7852,1
6782,323,337.5,684.3,362.6,747.7,0.000,0.6393,1
6782,333,1022.7,719.0,1054.0,794.0,0.000,0.4660,0
6782,327,968.6,707.6,1003.9,793.3,0.000,0.4836,0
6783,332,182.3,644.2,266.1,876.0,0.000,0.8338,1
6783,310,265.2,675.6,317.0,828.8,0.000,0.7844,1
6783,323,337.7,685.5,362.3,747.7,0.000,0.6386,1
6783,333,1021.4,719.7,1052.2,793.6,0.000,0.4660,0
6784,332,183.2,640.3,268.5,876.0,0.000,0.8342,1
6784,310,265.5,677.4,317.3,829.7,0.000,0.7841,1
6784,333,1020.9,718.8,1050.7,791.3,0.000,0.4660,0
6785,332,182.6,638.9,268.7,875.9,0.000,0.8346,1
6785,310,266.1,679.0,317.8,830.0,0.000,0.7837,1
6785,333,1021.5,718.8,1047.4,781.1,0.000,0.4660,0
6786,332,184.4,638.2,270.4,875.8,0.000,0.8348,1
6786,310,265.3,680.2,316.6,829.5,0.000,0.7832,1
6787,332,185.9,638.2,271.5,875.6,0.000,0.8348,1
6787,310,266.9,687.7,316.0,828.7,0.000,0.7818,1
6788,332,188.5,638.0,273.2,875.1,0.000,0.8346,1
6788,310,266.7,690.7,314.1,826.4,0.000,0.7800,1
6789,332,189.3,637.7,274.1,876.9,0.000,0.8350,1
6789,310,264.5,685.2,313.2,825.5,0.000,0.7793,1
6790,332,190.9,637.6,276.2,880.7,0.000,0.8360,1
6791,332,190.8,640.4,276.1,885.9,0.000,0.8379,1
6792,332,192.0,639.0,277.6,887.7,0.000,0.8393,1
6793,332,192.7,638.5,278.7,889.8,0.000,0.8407,1
6794,332,198.6,638.8,283.7,892.0,0.000,0.8420,1
6795,332,202.9,638.6,287.4,893.9,0.000,0.8431,1
6796,332,205.7,640.7,289.1,895.6,0.000,0.8441,1
6797,332,207.5,640.6,290.8,897.2,0.000,0.8451,1
6798,332,210.4,640.2,294.5,897.5,0.000,0.8457,1
6799,332,214.4,640.1,299.5,897.6,0.000,0.8460,1
6800,332,217.3,639.9,302.7,897.7,0.000,0.8462,1
6801,332,216.4,639.5,303.0,897.6,0.000,0.8464,1
6802,332,215.9,638.0,304.0,897.5,0.000,0.8466,1
6802,327,933.8,718.3,960.9,785.6,0.000,0.4836,0
6803,332,216.1,637.6,305.1,897.7,0.000,0.8467,1
6803,327,931.7,717.8,960.9,790.3,0.000,0.4836,0
6804,332,216.0,636.5,305.9,897.7,0.000,0.8469,1
6804,327,930.0,718.1,959.9,792.4,0.000,0.4836,0
6805,332,215.2,635.6,306.1,897.6,0.000,0.8470,1
6805,349,701.3,710.9,731.8,783.4,0.000,0.5550,1
6805,327,928.3,718.4,957.9,792.7,0.000,0.4836,0
6806,332,214.6,635.7,306.6,898.0,0.000,0.8472,1
6806,349,703.2,711.1,733.5,783.9,0.000,0.5544,1
6806,348,607.7,708.9,636.7,773.0,0.000,0.5764,1
6806,327,927.3,717.7,956.7,792.3,0.000,0.4836,0
6807,332,214.4,635.7,308.3,900.8,0.000,0.8480,1
6807,349,703.5,709.9,734.3,783.6,0.000,0.5541,1
6807,348,610.3,709.1,639.7,774.0,0.000,0.5750,1
6807,327,926.6,716.2,955.7,790.4,0.000,0.4836,0
6808,332,215.2,637.6,311.3,905.5,0.000,0.8495,1
6808,349,703.7,707.9,735.2,783.5,0.000,0.5545,1
6808,348,611.9,709.9,641.8,774.6,0.000,0.5737,1
6808,327,924.5,716.3,953.7,790.9,0.000,0.4836,0
6809,332,215.3,638.8,313.4,908.5,0.000,0.8509,1
6809,349,707.8,707.9,739.1,783.7,0.000,0.5543,1
6809,348,612.9,709.7,643.8,775.5,0.000,0.5731,1
6809,327,922.9,716.1,952.4,791.4,0.000,0.4836,0
6810,332,215.3,640.6,314.7,910.0,0.000,0.8519,1
6810,349,709.6,707.7,740.4,783.1,0.000,0.5539,1
6810,348,613.8,710.4,644.9,775.7,0.000,0.5722,1
6810,327,918.9,712.5,949.5,792.6,0.000,0.4836,0
6811,332,215.1,640.8,316.3,911.7,0.000,0.8530,1
6811,349,711.7,708.3,741.6,783.4,0.000,0.5533,1
6811,348,614.8,710.4,645.9,774.2,0.000,0.5706,1
6811,327,916.9,711.2,947.3,792.5,0.000,0.4836,0
6812,332,215.0,640.9,317.5,913.3,0.000,0.8540,1
6812,349,715.1,708.6,744.7,783.6,0.000,0.5525,1
6812,348,616.4,710.5,648.7,776.0,0.000,0.5701,1
6812,351,822.1,710.6,848.7,798.2,0.000,0.5486,1
6812,327,914.9,711.3,944.4,791.4,0.000,0.4836,0
6813,332,214.9,641.9,318.7,915.4,0.000,0.8551,1
6813,349,717.1,708.8,746.5,783.8,0.000,0.5518,1
6813,348,617.5,710.0,650.6,776.5,0.000,0.5699,1
6813,351,822.1,710.4,848.6,798.1,0.000,0.5487,1
6813,327,914.5,714.2,942.2,789.8,0.000,0.4836,0
6814,332,214.2,642.6,319.2,917.5,0.000,0.8562,1
6814,349,718.1,708.6,747.6,784.1,0.000,0.5513,1
6814,348,620.3,709.4,654.2,776.7,0.000,0.5698,1
6814,351,822.2,710.3,848.5,797.9,0.000,0.5486,1
6814,353,1846.3,619.9,1914.4,989.5,0.000,0.8186,1
6814,327,912.8,712.6,941.1,790.4,0.000,0.4836,0
6815,332,214.1,640.1,321.1,919.8,0.000,0.8575,1
6815,349,719.3,708.8,748.9,784.5,0.000,0.5509,1
6815,348,622.4,709.8,656.1,777.1,0.000,0.5696,1
6815,351,822.2,710.3,848.5,798.3,0.000,0.5487,1
6815,353,1844.3,621.4,1914.6,998.5,0.000,0.8208,1
6815,327,910.5,716.3,937.1,789.5,0.000,0.4836,0
6816,332,214.5,638.4,322.5,920.7,0.000,0.8584,1
6816,349,720.8,708.8,750.7,784.7,0.000,0.5505,1
6816,348,623.7,709.7,656.6,776.7,0.000,0.5692,1
6816,351,822.3,710.3,848.5,798.2,0.000,0.5487,1
6816,353,1839.5,622.4,1912.7,1006.0,0.000,0.8235,1
6816,327,906.6,715.9,933.6,790.2,0.000,0.4836,0
6817,332,216.5,636.7,325.6,920.7,0.000,0.8589,1
6817,349,721.2,709.0,751.2,784.6,0.000,0.5499,1
6817,348,624.4,708.5,657.1,776.6,0.000,0.5693,1
6817,351,822.6,710.3,848.6,797.7,0.000,0.5484,1
6817,353,1833.2,621.6,1908.9,1005.0,0.000,0.8243,1
6817,327,902.7,716.8,930.9,792.1,0.000,0.4959,0
6818,332,218.7,635.4,328.5,921.3,0.000,0.8594,1
6818,349,722.7,709.1,753.2,784.7,0.000,0.5494,1
6818,348,626.0,707.6,658.3,777.2,0.000,0.5698,1
6818,351,822.7,710.5,848.4,797.1,0.000,0.5478,1
6818,353,1827.1,622.5,1906.2,1008.2,0.000,0.8258,1
6818,327,902.9,718.0,929.4,788.8,0.000,0.4948,0
6819,332,220.0,633.6,330.5,921.4,0.000,0.8597,1
6819,349,723.5,708.1,754.7,784.7,0.000,0.5493,1
6819,348,628.2,706.8,660.3,777.7,0.000,0.5704,1
6819,351,822.6,710.5,848.3,797.0,0.000,0.5472,1
6819,353,1822.6,623.4,1905.1,1010.8,0.000,0.8272,1
6819,327,903.1,718.5,930.7,789.7,0.000,0.4945,0
6820,332,220.9,632.5,331.4,920.8,0.000,0.8598,1
6820,349,723.7,708.2,755.3,784.9,0.000,0.5491,1
6820,348,630.4,706.7,662.0,777.9,0.000,0.5709,1
6820,351,822.4,710.4,848.1,797.2,0.000,0.5469,1
6820,353,1818.5,625.2,1904.0,1011.6,0.000,0.8282,1
6820,327,902.9,718.6,931.8,790.8,0.000,0.4947,0
6821,332,222.5,632.4,332.8,920.3,0.000,0.8597,1
6821,349,724.3,708.2,755.9,784.8,0.000,0.5489,1
6821,348,633.4,707.5,664.0,777.0,0.000,0.5704,1
6821,351,822.4,710.5,848.1,797.5,0.000,0.5467,1
6821,353,1814.0,627.3,1900.6,1010.9,0.000,0.8286,1
6821,327,901.9,718.4,931.5,790.3,0.000,0.4943,0
6822,332,224.4,632.1,334.3,919.9,0.000,0.8596,1
6822,349,724.7,708.2,756.2,784.4,0.000,0.5486,1
6822,348,636.1,707.1,666.3,776.6,0.000,0.5699,1
6822,351,822.4,710.7,848.0,797.4,0.000,0.5466,1
6822,353,1810.8,629.3,1898.0,1010.3,0.000,0.8289,1
6822,327,899.6,718.1,929.8,791.2,0.000,0.4950,0
6823,332,226.8,632.1,336.5,921.2,0.000,0.8598,1
6823,349,725.3,707.9,757.1,784.7,0.000,0.5485,1
6823,348,636.8,706.6,667.5,778.5,0.000,0.5705,1
6823,351,822.4,710.5,848.0,797.6,0.000,0.5466,1
6823,353,1808.8,630.1,1896.7,1010.0,0.000,0.8291,1
6823,327,897.0,718.8,926.3,790.3,0.000,0.4950,0
6823,356,974.3,718.3,1011.1,791.9,0.000,0.4656,0
6824,332,228.3,632.7,338.8,926.4,0.000,0.8610,1
6824,349,725.7,707.7,757.4,784.3,0.000,0.5482,1
6824,348,641.2,706.7,669.2,771.6,0.000,0.5672,1
6824,351,822.4,710.4,848.1,797.5,0.000,0.5465,1
6824,353,1809.5,628.1,1896.0,998.1,0.000,0.8260,1
6824,327,894.4,717.7,924.2,790.8,0.000,0.4956,0
6824,356,973.0,717.2,1010.0,791.3,0.000,0.4669,0
6825,332,229.5,633.5,340.5,932.2,0.000,0.8629,1
6825,349,727.3,709.0,758.3,783.7,0.000,0.5470,1
6825,348,644.8,705.3,671.0,765.5,0.000,0.5622,1
6825,351,822.5,710.6,847.9,797.1,0.000,0.5462,1
6825,353,1805.3,625.4,1894.6,1006.3,0.000,0.8271,1
6825,327,892.6,717.6,921.8,790.4,0.000,0.4959,0
6825,356,971.8,716.3,1009.1,791.5,0.000,0.4687,0
6826,332,231.9,634.9,342.4,935.0,0.000,0.8643,1
6826,349,730.0,709.1,760.6,783.6,0.000,0.5458,1
6826,348,645.6,706.2,670.6,763.3,0.000,0.5571,1
6826,351,822.3,710.4,847.9,797.3,0.000,0.5461,1
6826,353,1801.3,622.5,1892.9,1010.2,0.000,0.8280,1
6826,327,891.2,718.1,919.7,790.3,0.000,0.4960,0
6826,356,969.8,715.4,1007.1,791.8,0.000,0.4709,0
6827,332,235.5,636.1,345.0,935.6,0.000,0.8651,1
6827,349,732.7,709.7,762.6,783.5,0.000,0.5445,1
6827,348,648.8,707.3,671.3,757.7,0.000,0.5495,1
6827,351,822.3,710.3,847.9,797.7,0.000,0.5463,1
6827,353,1797.1,619.7,1890.6,1010.8,0.000,0.8283,1
6827,327,890.4,718.8,917.6,788.2,0.000,0.4945,0
6827,356,968.3,714.0,1005.7,791.9,0.000,0.4734,0
6828,332,239.6,637.3,348.3,936.7,0.000,0.8659,1
6828,348,651.9,706.5,674.0,755.0,0.000,0.5423,1
6828,351,822.5,710.3,847.9,797.4,0.000,0.5463,1
6828,353,1790.7,618.1,1886.1,1010.8,0.000,0.8284,1
6828,327,888.3,718.8,915.7,789.6,0.000,0.4945,0
6828,356,967.6,713.7,1004.7,791.8,0.000,0.4756,0
6829,332,241.5,638.0,350.2,940.3,0.000,0.8674,1
6829,348,653.3,706.7,675.2,753.4,0.000,0.5354,1
6829,351,822.6,710.4,847.9,797.5,0.000,0.5463,1
6829,353,1779.1,616.1,1877.4,1013.3,0.000,0.8292,1
6829,327,885.5,719.0,913.8,792.2,0.000,0.4966,0
6829,356,966.6,713.2,1003.7,792.1,0.000,0.4780,0
6830,332,245.8,638.5,354.5,943.1,0.000,0.8691,1
6830,348,655.9,707.1,677.6,753.3,0.000,0.5292,1
6830,351,822.7,710.4,848.1,797.9,0.000,0.5466,1
6830,353,1772.0,615.5,1872.3,1014.0,0.000,0.8296,1
6830,327,885.1,719.7,910.9,786.3,0.000,0.4937,0
6830,356,963.7,714.0,1000.5,793.1,0.000,0.4806,0
6831,332,248.9,639.9,357.1,945.6,0.000,0.8708,1
6831,348,656.5,707.1,678.0,752.6,0.000,0.5235,1
6831,351,822.5,710.3,848.0,798.2,0.000,0.5470,1
6831,353,1763.6,615.8,1866.3,1014.6,0.000,0.8300,1
6831,327,883.6,718.9,908.9,784.3,0.000,0.4906,0
6831,356,962.0,714.9,998.3,792.6,0.000,0.4823,0
6832,332,250.5,639.5,359.0,947.6,0.000,0.8722,1
6832,351,822.7,710.7,847.9,798.0,0.000,0.5470,1
6832,353,1755.0,617.6,1860.1,1014.4,0.000,0.8303,1
6832,327,882.4,719.1,906.3,780.9,0.000,0.4859,0
6832,356,960.9,715.3,996.8,792.7,0.000,0.4839,0
6832,349,745.6,709.1,767.1,759.8,0.000,0.5445,1
6833,332,254.0,639.2,362.0,948.2,0.000,0.8731,1
6833,351,822.8,710.8,847.9,797.6,0.000,0.5469,1
6833,353,1746.8,621.0,1854.1,1014.0,0.000,0.8305,1
6833,327,880.6,718.0,907.9,788.1,0.000,0.4867,0
6833,356,960.3,715.4,996.0,792.7,0.000,0.4851,0
6833,349,747.3,709.0,768.8,759.0,0.000,0.5445,1
6834,332,257.7,639.6,365.4,948.7,0.000,0.8738,1
6834,351,823.0,710.4,848.1,797.5,0.000,0.5468,1
6834,353,1739.9,624.4,1849.3,1013.6,0.000,0.8307,1
6834,327,878.5,718.0,905.9,788.5,0.000,0.4872,0
6834,356,958.1,717.2,992.8,792.3,0.000,0.4855,0
6834,349,749.1,709.0,771.9,761.1,0.000,0.5445,1
6835,332,260.9,638.7,369.4,949.4,0.000,0.8744,1
6835,351,823.0,710.4,848.1,797.7,0.000,0.5469,1
6835,353,1737.3,626.7,1848.9,1012.9,0.000,0.8308,1
6835,327,875.9,717.9,903.1,787.9,0.000,0.4874,0
6835,356,957.6,719.1,991.2,792.3,0.000,0.4858,0
6835,349,749.6,708.9,772.7,760.7,0.000,0.5445,1
6836,332,262.8,637.6,372.2,949.6,0.000,0.8747,1
6836,351,824.7,710.8,846.4,784.5,0.000,0.5396,1
6836,353,1733.2,627.5,1846.6,1013.3,0.000,0.8310,1
6836,327,874.7,717.5,902.2,788.2,0.000,0.4880,0
6836,356,955.7,717.0,989.9,792.4,0.000,0.4861,0
6836,349,751.2,708.9,775.1,761.9,0.000,0.5445,1
6837,332,265.1,634.9,376.3,948.9,0.000,0.8745,1
6837,351,825.9,711.0,844.8,773.1,0.000,0.5304,1
6837,353,1728.8,627.9,1842.9,1013.3,0.000,0.8312,1
6837,327,874.0,715.6,901.8,786.8,0.000,0.4877,0
6837,356,955.8,717.1,989.6,792.6,0.000,0.4862,0
6837,349,753.3,710.1,776.1,759.7,0.000,0.5445,1
6838,332,265.9,634.2,379.2,949.6,0.000,0.8747,1
6838,351,826.1,711.0,844.4,769.2,0.000,0.5215,1
6838,353,1724.5,629.4,1838.4,1013.2,0.000,0.8314,1
6838,356,955.2,717.0,988.8,792.5,0.000,0.4863,0
6838,349,755.7,711.7,776.1,755.1,0.000,0.5445,1
6839,332,265.8,634.2,381.2,950.0,0.000,0.8749,1
6839,351,826.2,711.1,844.2,766.4,0.000,0.5128,1
6839,353,1722.0,630.5,1836.6,1013.8,0.000,0.8317,1
6839,356,956.6,716.4,990.1,792.5,0.000,0.4864,0
6839,327,869.2,713.8,895.7,782.5,0.000,0.4877,0
6840,332,264.8,632.8,383.5,951.8,0.000,0.8756,1
6840,351,826.4,711.3,843.9,763.2,0.000,0.5040,1
6840,353,1714.5,629.0,1830.8,1014.7,0.000,0.8321,1
6840,356,959.4,714.5,993.1,791.9,0.000,0.4863,0
6840,327,869.4,714.0,893.3,776.3,0.000,0.4877,0
6841,332,263.6,633.9,385.6,957.1,0.000,0.8776,1
6841,351,826.2,711.1,844.3,763.2,0.000,0.4965,0
6841,353,1706.8,630.5,1823.5,1014.2,0.000,0.8322,1
6841,356,961.6,714.5,994.2,790.5,0.000,0.4855,0
6841,327,868.5,713.9,890.9,772.6,0.000,0.4877,0
6842,332,262.3,635.2,387.2,962.1,0.000,0.8799,1
6842,351,826.3,710.9,844.7,762.9,0.000,0.4898,0
6842,353,1696.0,628.2,1814.9,1014.3,0.000,0.8323,1
6842,327,868.8,713.1,891.2,771.3,0.000,0.4877,0
6843,332,261.4,636.4,388.4,965.5,0.000,0.8820,1
6843,351,827.1,710.9,843.9,755.9,0.000,0.4817,0
6843,353,1687.4,627.4,1808.4,1014.0,0.000,0.8322,1
6843,327,865.8,712.4,888.0,768.2,0.000,0.4877,0
6844,332,261.0,637.2,389.7,967.6,0.000,0.8837,1
6844,351,828.9,710.7,844.3,749.5,0.000,0.4732,0
6844,353,1683.2,626.0,1805.6,1013.8,0.000,0.8320,1
6844,327,863.8,712.7,885.6,765.4,0.000,0.4877,0
6844,348,682.4,711.3,697.2,740.1,0.000,0.5235,1
6845,332,260.7,637.6,390.3,967.2,0.000,0.8845,1
6845,351,830.1,710.6,843.4,741.6,0.000,0.4638,0
6845,353,1674.8,623.3,1799.9,1012.8,0.000,0.8316,1
6845,327,863.4,714.9,881.9,758.6,0.000,0.4877,0
6846,332,262.0,637.8,392.4,967.4,0.000,0.8851,1
6846,351,829.8,710.8,841.9,737.2,0.000,0.4545,0
6846,353,1666.5,621.5,1793.7,1013.0,0.000,0.8313,1
6847,332,261.7,638.0,393.4,968.4,0.000,0.8858,1
6847,353,1657.3,620.8,1786.5,1013.5,0.000,0.8314,1
6848,332,262.3,638.1,395.0,969.0,0.000,0.8864,1
6848,353,1650.0,622.7,1780.0,1014.2,0.000,0.8317,1
6849,332,263.7,638.2,397.1,969.2,0.000,0.8867,1
6849,353,1647.6,624.3,1777.3,1014.4,0.000,0.8319,1
6850,332,264.7,637.4,398.9,969.1,0.000,0.8869,1
6850,353,1641.9,628.4,1770.5,1014.2,0.000,0.8322,1
6850,349,769.9,712.0,789.2,748.8,0.000,0.5445,1
6851,332,264.7,636.5,400.0,969.3,0.000,0.8870,1
6851,353,1631.3,631.4,1760.7,1014.4,0.000,0.8326,1
6851,349,769.4,712.0,791.0,751.8,0.000,0.5445,1
6852,332,265.3,635.5,401.5,969.2,0.000,0.8870,1
6852,353,1621.0,632.4,1751.2,1013.1,0.000,0.8326,1
6852,349,767.4,711.9,792.5,756.1,0.000,0.5445,1
6853,332,266.5,634.3,403.4,968.6,0.000,0.8868,1
6853,353,1612.6,634.1,1743.3,1012.5,0.000,0.8327,1
6854,332,270.7,632.8,407.6,968.8,0.000,0.8866,1
6854,353,1604.1,633.4,1736.2,1012.9,0.000,0.8330,1
6855,332,274.3,632.1,410.8,969.9,0.000,0.8867,1
6855,353,1597.0,630.5,1731.6,1012.3,0.000,0.8330,1
6856,332,277.7,631.9,413.8,972.1,0.000,0.8872,1
6856,353,1589.5,628.9,1726.7,1012.9,0.000,0.8334,1
6857,332,280.9,632.2,415.6,972.9,0.000,0.8875,1
6857,353,1578.5,626.9,1717.4,1012.1,0.000,0.8334,1
6858,332,284.1,632.9,417.2,972.9,0.000,0.8877,1
6858,353,1569.6,625.0,1708.8,1007.5,0.000,0.8321,1
6859,332,287.7,634.5,419.3,974.2,0.000,0.8881,1
6859,353,1560.6,622.0,1701.2,1003.9,0.000,0.8305,1
6860,332,290.9,635.9,420.7,975.3,0.000,0.8886,1
6860,353,1552.5,618.9,1693.5,997.4,0.000,0.8276,1
6861,332,295.9,637.8,423.5,975.5,0.000,0.8889,1
6861,353,1542.8,617.6,1684.9,994.3,0.000,0.8253,1
6862,332,300.8,638.9,426.9,975.7,0.000,0.8891,1
6862,353,1532.8,618.5,1676.4,993.8,0.000,0.8240,1
6863,332,303.7,640.4,428.4,975.8,0.000,0.8893,1
6863,353,1524.1,620.3,1668.6,992.6,0.000,0.8229,1
6864,332,307.4,641.4,431.5,975.7,0.000,0.8894,1
6864,353,1515.5,621.7,1661.7,991.6,0.000,0.8219,1
6865,332,310.6,641.4,435.1,976.0,0.000,0.8895,1
6865,353,1504.3,624.8,1650.8,990.9,0.000,0.8214,1
6865,366,712.4,710.1,743.0,784.0,0.000,0.5501,1
6866,332,315.3,640.8,440.4,976.7,0.000,0.8897,1
6866,353,1493.8,627.5,1640.5,990.6,0.000,0.8211,1
6866,366,712.6,710.0,743.5,783.7,0.000,0.5498,1
6867,332,318.0,639.4,444.5,977.5,0.000,0.8898,1
6867,353,1480.6,630.9,1627.7,990.7,0.000,0.8212,1
6867,366,715.5,712.0,746.1,783.7,0.000,0.5486,1
6867,367,813.7,711.6,856.4,794.4,0.000,0.5264,1
6868,332,320.5,639.0,448.5,978.1,0.000,0.8900,1
6868,353,1467.2,635.9,1614.5,991.3,0.000,0.8218,1
6868,366,717.6,711.8,748.7,783.9,0.000,0.5476,1
6868,367,813.8,711.0,855.8,795.7,0.000,0.5301,1
6869,332,321.9,638.3,452.1,978.5,0.000,0.8901,1
6869,353,1453.4,636.0,1603.0,992.9,0.000,0.8229,1
6869,366,718.4,711.0,749.7,783.7,0.000,0.5468,1
6869,367,814.0,710.5,854.8,795.8,0.000,0.5332,1
6870,332,322.2,636.3,455.8,978.8,0.000,0.8902,1
6870,353,1440.6,637.5,1591.7,994.5,0.000,0.8243,1
6870,366,719.4,710.9,750.5,783.3,0.000,0.5458,1
6870,367,813.7,710.6,854.0,797.4,0.000,0.5367,1
6871,332,322.2,634.7,459.6,978.9,0.000,0.8901,1
6871,353,1426.9,638.2,1579.9,996.5,0.000,0.8260,1
6871,366,721.7,711.3,752.3,783.1,0.000,0.5446,1
6871,367,813.1,710.8,852.8,798.4,0.000,0.5402,1
6872,332,323.5,636.2,463.9,978.8,0.000,0.8902,1
6872,353,1412.3,635.3,1568.7,1000.2,0.000,0.8286,1
6872,366,724.8,711.0,755.3,784.0,0.000,0.5439,1
6872,367,814.2,710.6,852.7,798.1,0.000,0.5427,1
6872,368,169.5,610.3,227.7,858.4,0.000,0.8329,1
6873,332,324.0,636.0,468.2,979.2,0.000,0.8903,1
6873,353,1397.6,633.7,1556.5,1002.1,0.000,0.8309,1
6873,366,726.2,711.0,756.3,784.2,0.000,0.5432,1
6873,367,814.7,711.0,852.4,799.2,0.000,0.5453,1
6873,368,171.3,609.9,231.5,858.2,0.000,0.8330,1
6874,332,324.3,635.0,472.1,978.6,0.000,0.8901,1
6874,353,1384.4,632.0,1545.6,1003.9,0.000,0.8332,1
6874,366,727.4,710.8,757.7,785.3,0.000,0.5431,1
6874,367,816.3,711.4,852.6,798.7,0.000,0.5466,1
6874,368,172.3,610.9,234.2,858.6,0.000,0.8330,1
6875,332,325.2,634.7,476.8,979.2,0.000,0.8902,1
6875,353,1370.7,630.4,1534.0,1005.5,0.000,0.8354,1
6875,366,731.4,712.2,760.5,784.6,0.000,0.5419,1
6875,367,817.6,712.0,852.1,797.2,0.000,0.5463,1
6875,368,171.0,610.9,235.2,861.4,0.000,0.8337,1
6876,332,327.0,634.8,481.5,979.1,0.000,0.8901,1
6876,353,1356.4,627.3,1525.1,1014.4,0.000,0.8406,1
6876,366,733.6,713.8,761.6,783.8,0.000,0.5403,1
6876,367,818.7,712.2,851.7,795.7,0.000,0.5449,1
6876,368,170.1,610.3,236.6,864.1,0.000,0.8346,1
6877,332,328.2,635.5,485.4,978.8,0.000,0.8901,1
6877,353,1342.7,625.4,1515.0,1021.3,0.000,0.8459,1
6877,366,734.8,713.2,763.3,785.0,0.000,0.5396,1
6877,367,819.2,712.6,851.0,795.1,0.000,0.5435,1
6877,368,170.0,613.6,237.7,865.0,0.000,0.8349,1
6878,332,330.1,636.6,490.1,979.6,0.000,0.8903,1
6878,353,1328.4,625.1,1504.6,1029.3,0.000,0.8519,1
6878,366,736.6,712.8,765.5,785.3,0.000,0.5391,1
6878,367,818.3,712.6,850.1,796.5,0.000,0.5432,1
6878,368,168.8,613.8,238.4,867.1,0.000,0.8356,1
6879,332,332.0,636.8,494.9,979.5,0.000,0.8903,1
6879,353,1316.3,626.2,1494.2,1034.5,0.000,0.8571,1
6879,366,738.1,714.4,766.4,784.8,0.000,0.5380,1
6879,367,817.8,711.2,850.0,797.3,0.000,0.5438,1
6879,368,167.7,613.9,238.6,868.9,0.000,0.8364,1
6880,332,335.1,636.7,501.1,981.2,0.000,0.8907,1
6880,353,1304.7,626.3,1483.2,1036.7,0.000,0.8610,1
6880,366,739.3,714.8,767.9,785.3,0.000,0.5372,1
6880,367,816.6,710.2,849.0,797.6,0.000,0.5446,1
6880,368,166.8,615.8,238.7,870.9,0.000,0.8371,1
6881,332,337.3,635.5,506.3,982.1,0.000,0.8910,1
6881,353,1291.9,629.1,1469.4,1037.7,0.000,0.8640,1
6881,366,741.9,715.4,771.6,785.8,0.000,0.5365,1
6881,367,816.7,709.9,848.9,797.7,0.000,0.5454,1
6881,368,166.6,615.3,239.6,871.7,0.000,0.8377,1
6882,332,340.4,634.2,512.2,983.5,0.000,0.8914,1
6882,353,1278.3,632.1,1455.0,1038.1,0.000,0.8665,1
6882,366,743.3,716.5,773.5,786.1,0.000,0.5358,1
6882,367,816.5,709.9,848.2,796.7,0.000,0.5454,1
6882,368,168.0,615.4,242.1,872.6,0.000,0.8382,1
6882,376,796.7,715.0,817.0,792.2,0.000,0.5385,1
6883,332,344.2,632.3,518.2,984.5,0.000,0.8916,1
6883,353,1265.0,635.7,1440.6,1038.6,0.000,0.8687,1
6883,366,744.0,716.0,774.7,785.1,0.000,0.5347,1
6883,367,816.3,710.1,847.5,795.3,0.000,0.5446,1
6883,368,170.0,618.5,244.8,873.0,0.000,0.8382,1
6884,332,348.0,628.9,524.4,986.1,0.000,0.8919,1
6884,353,1252.1,638.1,1427.2,1038.8,0.000,0.8705,1
6884,366,744.9,716.1,775.7,784.6,0.000,0.5336,1
6884,367,816.2,709.7,847.5,795.3,0.000,0.5440,1
6884,368,171.0,616.8,247.8,873.7,0.000,0.8385,1
6885,332,352.3,625.9,530.6,988.4,0.000,0.8923,1
6885,353,1233.6,639.6,1410.0,1039.3,0.000,0.8723,1
6885,367,817.0,709.7,847.9,794.8,0.000,0.5430,1
6885,368,171.1,615.4,249.4,874.2,0.000,0.8389,1
6886,332,358.0,624.1,537.0,991.5,0.000,0.8930,1
6886,353,1218.9,640.1,1396.7,1040.2,0.000,0.8740,1
6886,367,817.5,709.8,848.4,795.1,0.000,0.5424,1
6886,368,171.2,613.7,251.1,874.6,0.000,0.8394,1
6886,366,752.6,715.4,782.6,783.9,0.000,0.5336,1
6887,332,365.7,621.3,545.0,995.3,0.000,0.8940,1
6887,353,1207.0,639.4,1385.4,1040.3,0.000,0.8754,1
6887,367,817.8,710.3,848.6,795.4,0.000,0.5418,1
6887,368,172.0,612.8,253.4,874.6,0.000,0.8397,1
6888,332,373.0,620.4,552.0,1001.6,0.000,0.8958,1
6888,353,1201.1,637.5,1378.6,1039.3,0.000,0.8761,1
6888,367,817.8,710.4,848.5,795.3,0.000,0.5413,1
6888,368,173.0,610.9,255.6,874.4,0.000,0.8399,1
6888,366,756.9,713.7,787.7,784.9,0.000,0.5336,1
6889,332,380.3,620.1,558.4,1008.2,0.000,0.8979,1
6889,353,1191.1,634.7,1367.6,1037.9,0.000,0.8765,1
6889,367,818.2,710.4,849.2,796.3,0.000,0.5415,1
6889,368,173.2,609.6,256.7,873.6,0.000,0.8401,1
6889,366,759.3,713.9,789.1,784.5,0.000,0.5336,1
6890,332,385.3,620.4,562.9,1016.2,0.000,0.9005,1
6890,353,1176.2,631.8,1353.4,1037.7,0.000,0.8771,1
6890,367,818.9,710.2,850.3,797.9,0.000,0.5428,1
6890,368,174.1,609.0,258.4,874.0,0.000,0.8402,1
6890,366,763.1,713.0,794.4,787.1,0.000,0.5336,1
6891,332,390.2,622.2,566.3,1022.6,0.000,0.9028,1
6891,353,1161.3,629.0,1339.7,1037.6,0.000,0.8777,1
6891,367,819.6,709.6,851.4,798.3,0.000,0.5440,1
6891,368,173.8,608.6,259.3,875.3,0.000,0.8407,1
6891,366,764.6,714.0,795.7,787.7,0.000,0.5336,1
6892,332,396.2,623.1,569.3,1024.7,0.000,0.9042,1
6892,353,1153.4,626.4,1331.5,1037.5,0.000,0.8782,1
6892,367,820.7,709.7,852.1,797.7,0.000,0.5446,1
6892,368,176.4,608.7,263.6,880.2,0.000,0.8417,1
6892,366,765.2,715.2,795.9,787.9,0.000,0.5336,1
6893,332,403.6,624.7,574.0,1026.7,0.000,0.9053,1
6893,353,1140.4,624.2,1318.8,1037.1,0.000,0.8786,1
6893,367,821.4,710.3,852.3,797.1,0.000,0.5446,1
6893,368,179.9,607.5,268.7,883.8,0.000,0.8429,1
6893,366,765.0,715.1,796.2,789.4,0.000,0.5336,1
6894,332,411.8,626.8,578.9,1027.5,0.000,0.9060,1
6894,353,1132.8,624.1,1309.6,1036.1,0.000,0.8787,1
6894,367,822.0,710.5,852.8,797.1,0.000,0.5445,1
6894,368,183.3,608.0,273.4,886.3,0.000,0.8439,1
6894,366,764.2,715.0,795.4,789.3,0.000,0.5336,1
6895,332,419.5,630.2,583.3,1027.9,0.000,0.9066,1
6895,353,1123.9,624.1,1299.3,1035.8,0.000,0.8788,1
6895,367,822.2,710.1,853.4,797.0,0.000,0.5445,1
6895,368,186.4,610.0,277.6,887.4,0.000,0.8443,1
6895,366,762.3,713.0,793.9,789.0,0.000,0.5336,1
6896,332,428.1,632.5,588.6,1027.2,0.000,0.9067,1
6896,353,1114.3,624.8,1288.4,1036.5,0.000,0.8794,1
6896,367,822.6,710.2,853.6,796.7,0.000,0.5442,1
6896,368,189.2,612.8,281.3,887.8,0.000,0.8444,1
6896,366,761.2,712.4,792.0,787.7,0.000,0.5336,1
6897,332,436.4,632.9,594.9,1026.9,0.000,0.9068,1
6897,353,1101.3,626.4,1274.4,1036.8,0.000,0.8800,1
6897,367,824.4,711.6,855.4,796.7,0.000,0.5436,1
6897,368,190.4,614.9,283.9,890.9,0.000,0.8450,1
6897,366,761.0,712.4,790.6,786.0,0.000,0.5336,1
6898,332,449.0,632.6,606.0,1026.9,0.000,0.9067,1
6898,353,1089.4,632.8,1260.1,1036.2,0.000,0.8806,1
6898,367,822.4,711.3,853.6,797.4,0.000,0.5439,1
6898,368,193.5,613.6,289.1,891.8,0.000,0.8454,1
6898,366,760.7,712.2,789.5,784.4,0.000,0.5336,1
6899,332,462.2,631.0,617.8,1027.3,0.000,0.9066,1
6899,353,1079.3,636.1,1248.4,1035.7,0.000,0.8811,1
6899,367,821.3,711.4,852.1,797.7,0.000,0.5444,1
6899,368,190.6,613.9,287.0,894.3,0.000,0.8462,1
6899,366,759.8,711.7,788.4,784.5,0.000,0.5336,1
6900,332,470.3,629.7,626.0,1027.5,0.000,0.9064,1
6900,353,1068.9,640.1,1236.6,1035.6,0.000,0.8819,1
6900,367,821.0,711.3,851.3,797.9,0.000,0.5450,1
6900,368,191.3,614.6,287.9,896.6,0.000,0.8471,1
6900,366,758.1,710.4,785.9,783.1,0.000,0.5336,1
6901,332,486.4,627.6,640.9,1027.3,0.000,0.9061,1
6901,353,1058.3,643.6,1225.2,1035.9,0.000,0.8828,1
6901,367,819.8,712.7,849.2,797.9,0.000,0.5454,1
6901,368,193.8,613.1,291.7,898.1,0.000,0.8480,1
6901,366,757.1,710.7,783.7,781.5,0.000,0.5336,1
6902,332,493.5,625.2,648.5,1026.8,0.000,0.9056,1
6902,353,1045.4,647.5,1211.7,1036.1,0.000,0.8841,1
6902,367,820.6,712.6,849.2,797.2,0.000,0.5451,1
6902,368,201.0,612.3,300.3,898.1,0.000,0.8482,1
6902,366,754.7,711.4,780.2,780.3,0.000,0.5336,1
6903,332,500.1,624.6,656.4,1026.5,0.000,0.9053,1
6903,353,1032.8,648.6,1198.3,1034.9,0.000,0.8849,1
6903,367,821.0,713.4,849.1,797.2,0.000,0.5450,1
6903,368,203.5,611.2,304.5,899.0,0.000,0.8486,1
6903,366,753.3,712.3,777.0,776.9,0.000,0.5256,1
6904,332,507.9,622.1,667.8,1026.7,0.000,0.9049,1
6904,353,1019.9,649.7,1184.9,1033.1,0.000,0.8855,1
6904,367,822.3,712.4,850.5,797.0,0.000,0.5446,1
6904,368,206.4,609.4,308.5,899.5,0.000,0.8490,1
6905,332,515.0,621.5,678.9,1027.2,0.000,0.9047,1
6905,353,1010.4,649.8,1174.5,1032.0,0.000,0.8859,1
6905,367,823.1,712.3,851.0,797.0,0.000,0.5443,1
6905,368,207.8,608.8,310.3,899.1,0.000,0.8491,1
6905,366,748.3,711.7,769.7,769.2,0.000,0.5256,1
6906,332,522.9,624.1,690.7,1027.1,0.000,0.9045,1
6906,353,1001.3,649.3,1165.0,1030.9,0.000,0.8862,1
6906,367,823.4,711.9,851.0,796.7,0.000,0.5437,1
6906,368,208.2,610.5,309.9,898.9,0.000,0.8490,1
6906,366,748.0,711.5,767.9,763.7,0.000,0.5256,1
6907,332,530.4,624.0,703.9,1027.2,0.000,0.9043,1
6907,353,990.8,646.6,1155.0,1030.1,0.000,0.8864,1
6907,367,823.8,711.9,851.0,796.0,0.000,0.5427,1
6907,368,209.4,610.8,310.6,898.6,0.000,0.8489,1
6907,366,745.3,711.6,765.8,765.8,0.000,0.5256,1
6908,332,537.6,625.5,716.5,1027.0,0.000,0.9041,1
6908,353,982.1,645.5,1145.7,1029.4,0.000,0.8866,1
6908,367,824.2,711.6,851.4,796.0,0.000,0.5420,1
6908,368,210.7,612.1,311.0,898.3,0.000,0.8487,1
6908,366,740.3,711.4,764.1,774.5,0.000,0.5256,1
6909,332,544.8,625.6,730.0,1026.7,0.000,0.9038,1
6909,353,972.9,642.2,1136.7,1028.7,0.000,0.8866,1
6909,367,824.3,711.8,851.2,796.0,0.000,0.5414,1
6909,368,211.3,610.4,312.6,901.2,0.000,0.8494,1
6909,366,739.0,711.4,763.7,777.8,0.000,0.5256,1
6910,332,552.1,628.4,742.7,1027.3,0.000,0.9038,1
6910,353,963.8,640.1,1127.7,1029.3,0.000,0.8870,1
6910,367,823.8,711.9,850.4,795.5,0.000,0.5406,1
6910,368,212.2,608.0,315.3,905.8,0.000,0.8508,1
6910,366,737.8,712.0,761.8,777.6,0.000,0.5256,1
6911,332,560.4,631.9,755.7,1026.7,0.000,0.9038,1
6911,353,955.1,642.0,1117.7,1029.7,0.000,0.8876,1
6911,367,817.0,711.5,845.2,795.9,0.000,0.5409,1
6911,368,215.0,607.9,318.6,909.2,0.000,0.8523,1
6912,332,568.8,632.1,770.0,1026.8,0.000,0.9036,1
6912,353,945.7,641.6,1107.6,1029.6,0.000,0.8880,1
6912,367,813.2,710.9,843.2,796.6,0.000,0.5418,1
6912,368,217.2,610.9,319.8,910.7,0.000,0.8533,1
6913,332,577.0,630.4,783.7,1025.9,0.000,0.9031,1
6913,353,935.4,642.8,1096.2,1029.3,0.000,0.8886,1
6913,367,813.9,711.2,844.3,795.7,0.000,0.5417,1
6913,368,219.0,614.1,321.1,913.7,0.000,0.8546,1
6914,332,587.5,629.6,797.8,1025.8,0.000,0.9027,1
6914,353,923.6,643.8,1084.5,1029.3,0.000,0.8893,1
6914,367,814.8,711.1,845.6,795.5,0.000,0.5415,1
6914,368,220.7,617.4,321.9,915.8,0.000,0.8557,1
6915,332,596.2,627.1,810.8,1027.0,0.000,0.9024,1
6915,353,912.4,648.3,1073.3,1028.7,0.000,0.8901,1
6915,367,816.5,710.4,847.1,794.2,0.000,0.5403,1
6915,368,222.1,619.4,323.2,918.6,0.000,0.8570,1
6915,379,859.2,714.8,888.2,793.5,0.000,0.5207,1
6916,332,606.2,624.3,823.4,1028.7,0.000,0.9023,1
6916,353,902.0,651.2,1064.4,1029.0,0.000,0.8910,1
6916,367,816.8,710.7,847.3,793.4,0.000,0.5389,1
6916,368,223.7,619.7,325.4,921.5,0.000,0.8584,1
6916,379,859.3,714.2,888.8,793.9,0.000,0.5208,1
6917,332,619.8,621.5,835.9,1027.2,0.000,0.9015,1
6917,353,895.6,653.5,1058.9,1028.3,0.000,0.8916,1
6917,367,817.7,710.7,848.4,794.2,0.000,0.5382,1
6917,368,224.3,620.1,326.7,924.6,0.000,0.8599,1
6917,379,859.7,713.8,889.4,794.1,0.000,0.5209,1
6918,332,636.3,612.8,851.6,1026.7,0.000,0.9005,1
6918,353,889.2,655.3,1053.4,1028.3,0.000,0.8923,1
6918,367,820.5,711.0,848.7,787.5,0.000,0.5337,1
6918,368,226.9,617.6,330.5,925.1,0.000,0.8608,1
6918,379,860.4,713.1,890.0,793.8,0.000,0.5207,1
6919,332,650.5,612.7,860.6,1026.1,0.000,0.8996,1
6919,353,881.7,654.6,1047.7,1029.0,0.000,0.8930,1
6919,367,824.8,710.0,846.0,765.5,0.000,0.5229,1
6919,368,228.8,618.1,332.7,925.4,0.000,0.8614,1
6919,379,861.5,711.9,890.2,790.5,0.000,0.5186,1
6920,332,661.8,611.8,866.6,1025.6,0.000,0.8988,1
6920,353,868.6,652.6,1036.6,1028.2,0.000,0.8934,1
6920,367,827.3,708.9,845.6,754.5,0.000,0.5120,1
6920,368,229.9,613.0,335.7,925.5,0.000,0.8618,1
6920,379,863.3,711.9,888.6,779.4,0.000,0.5122,1
6921,332,673.5,614.1,872.9,1026.5,0.000,0.8983,1
6921,353,859.6,650.9,1028.2,1026.5,0.000,0.8934,1
6921,368,230.1,608.2,337.2,924.9,0.000,0.8621,1
6922,332,687.0,614.9,881.8,1025.7,0.000,0.8976,1
6922,353,850.5,648.3,1019.4,1026.3,0.000,0.8936,1
6922,368,232.8,605.0,341.0,925.1,0.000,0.8622,1
6923,332,700.7,615.7,892.2,1026.1,0.000,0.8970,1
6923,353,841.4,647.1,1010.1,1026.2,0.000,0.8938,1
6923,368,234.1,604.1,342.2,924.0,0.000,0.8620,1
6924,332,719.7,616.9,909.5,1025.3,0.000,0.8962,1
6924,353,838.4,645.5,1004.5,1025.2,0.000,0.8936,1
6924,368,235.9,601.4,344.7,923.1,0.000,0.8616,1
6925,332,737.9,616.9,928.0,1025.7,0.000,0.8955,1
6925,353,835.7,648.5,996.1,1025.8,0.000,0.8941,1
6925,368,237.1,600.6,347.5,926.9,0.000,0.8623,1
