frame,track_id,x1,y1,x2,y2,ego_speed,prob_cross,pred
2831,1,632.2,688.6,758.0,949.3,0.000,0.8663,1
2831,2,1420.4,696.9,1505.8,928.5,0.000,0.7825,1
2831,3,1553.1,697.3,1621.3,879.9,0.000,0.7214,1
2831,4,417.8,694.7,478.7,884.3,0.000,0.8147,1
2831,7,1370.7,709.9,1431.9,826.7,0.000,0.6073,1
2831,9,303.0,685.4,353.2,829.8,0.000,0.7751,1
2831,10,1745.0,688.2,1784.5,872.2,0.000,0.7380,1
2831,11,268.8,685.2,310.6,817.7,0.000,0.7681,1
2831,14,1777.7,658.0,1820.3,860.0,0.000,0.7610,1
2831,17,141.7,640.2,194.6,837.7,0.000,0.8167,1
2832,1,639.1,685.4,765.3,948.4,0.000,0.8650,1
2832,2,1423.2,695.8,1509.0,929.0,0.000,0.7808,1
2832,3,1554.4,697.0,1622.1,878.6,0.000,0.7206,1
2832,4,425.5,695.9,488.2,885.5,0.000,0.8152,1
2832,7,1383.0,709.3,1442.6,826.6,0.000,0.6107,1
2832,9,303.6,685.0,353.6,829.8,0.000,0.7751,1
2832,10,1745.2,688.2,1784.7,871.5,0.000,0.7373,1
2832,11,268.9,685.2,310.8,817.9,0.000,0.7683,1
2832,14,1776.9,657.6,1820.0,860.8,0.000,0.7612,1
2832,17,142.4,640.3,196.0,838.5,0.000,0.8167,1
2833,1,648.4,683.7,772.6,947.2,0.000,0.8635,1
2833,2,1426.0,694.6,1511.5,927.5,0.000,0.7788,1
2833,3,1555.5,697.2,1622.8,878.0,0.000,0.7198,1
2833,4,428.5,696.7,494.1,887.8,0.000,0.8164,1
2833,7,1393.7,708.2,1451.4,826.1,0.000,0.6140,1
2833,9,303.4,684.5,353.4,829.7,0.000,0.7752,1
2833,10,1745.1,687.2,1784.9,870.9,0.000,0.7370,1
2833,11,268.7,685.2,310.7,818.0,0.000,0.7685,1
2833,17,143.1,640.2,197.1,838.7,0.000,0.8167,1
2834,1,657.7,683.3,779.1,947.8,0.000,0.8627,1
2834,2,1425.8,695.2,1511.7,927.3,0.000,0.7775,1
2834,3,1557.5,697.4,1624.4,877.8,0.000,0.7192,1
2834,4,439.0,700.9,505.4,889.1,0.000,0.8176,1
2834,9,303.4,684.1,353.4,829.6,0.000,0.7753,1
2834,10,1744.7,687.3,1784.5,871.0,0.000,0.7368,1
2834,11,268.5,684.9,310.7,818.3,0.000,0.7688,1
2834,17,143.3,640.7,197.6,838.7,0.000,0.8166,1
2834,14,1776.2,661.9,1819.9,864.5,0.000,0.7612,1
2835,1,668.6,681.0,786.3,946.8,0.000,0.8613,1
2835,2,1428.6,694.6,1514.7,927.4,0.000,0.7765,1
2835,3,1558.6,695.7,1625.7,877.4,0.000,0.7190,1
2835,4,436.5,700.5,506.0,888.5,0.000,0.8181,1
2835,9,303.7,683.7,353.6,829.5,0.000,0.7753,1
2835,10,1743.7,683.7,1784.4,871.5,0.000,0.7377,1
2835,11,268.6,684.9,310.9,818.2,0.000,0.7690,1
2835,17,143.9,641.9,198.2,838.8,0.000,0.8164,1
2835,14,1777.5,663.4,1820.6,862.2,0.000,0.7612,1
2836,1,680.1,680.3,794.0,946.8,0.000,0.8602,1
2836,2,1429.9,695.0,1515.4,927.0,0.000,0.7757,1
2836,3,1561.2,694.5,1627.9,877.0,0.000,0.7188,1
2836,4,435.7,701.4,507.7,887.4,0.000,0.8181,1
2836,9,303.8,683.8,353.5,829.5,0.000,0.7753,1
2836,10,1743.3,680.9,1784.8,872.6,0.000,0.7392,1
2836,11,268.6,684.9,311.0,818.3,0.000,0.7691,1
2836,17,145.2,643.1,199.3,838.7,0.000,0.8161,1
2836,6,1661.1,683.9,1716.9,857.8,0.000,0.7270,1
2836,14,1776.8,663.3,1820.8,864.0,0.000,0.7612,1
2837,1,690.1,683.4,799.5,946.2,0.000,0.8592,1
2837,2,1431.6,695.4,1517.3,926.9,0.000,0.7751,1
2837,3,1564.0,689.5,1630.8,875.6,0.000,0.7187,1
2837,9,303.9,682.8,353.9,829.7,0.000,0.7755,1
2837,10,1743.2,681.0,1784.8,873.6,0.000,0.7402,1
2837,11,268.5,684.7,311.0,818.2,0.000,0.7692,1
2837,17,146.9,646.8,200.2,838.0,0.000,0.8153,1
2837,6,1665.7,683.8,1720.6,856.1,0.000,0.7265,1
2838,1,701.7,681.9,810.8,945.2,0.000,0.8577,1
2838,2,1433.6,695.1,1520.1,926.9,0.000,0.7746,1
2838,3,1569.0,685.3,1634.8,872.6,0.000,0.7190,1
2838,9,304.3,683.0,354.0,829.7,0.000,0.7755,1
2838,10,1743.2,683.4,1784.3,874.0,0.000,0.7404,1
2838,11,268.4,684.8,311.0,818.2,0.000,0.7693,1
2838,17,147.9,648.8,200.8,838.0,0.000,0.8145,1
2838,6,1667.9,680.8,1722.5,854.0,0.000,0.7269,1
2838,19,584.1,713.7,672.4,898.7,0.000,0.8202,1
2838,4,450.1,703.0,523.2,889.9,0.000,0.8181,1
2838,14,1776.9,662.5,1820.7,861.6,0.000,0.7612,1
2839,1,712.2,685.0,821.7,944.4,0.000,0.8565,1
2839,2,1435.4,695.2,1522.9,927.1,0.000,0.7744,1
2839,3,1575.2,688.3,1637.5,869.5,0.000,0.7173,1
2839,9,304.2,682.6,353.9,829.7,0.000,0.7756,1
2839,10,1743.1,684.3,1784.0,874.2,0.000,0.7405,1
2839,11,268.3,684.7,311.1,818.2,0.000,0.7694,1
2839,17,148.0,650.6,200.8,838.1,0.000,0.8139,1
2839,6,1671.9,679.9,1724.8,850.6,0.000,0.7266,1
2839,19,590.2,710.5,677.4,899.1,0.000,0.8200,1
2839,4,450.4,700.2,523.8,890.9,0.000,0.8181,1
2839,14,1776.7,662.3,1820.5,861.1,0.000,0.7612,1
2840,1,721.4,686.4,833.8,944.3,0.000,0.8556,1
2840,2,1435.4,695.7,1523.7,927.4,0.000,0.7743,1
2840,3,1581.0,686.6,1641.6,867.3,0.000,0.7167,1
2840,9,304.1,681.9,353.9,829.7,0.000,0.7758,1
2840,10,1743.0,684.7,1783.8,874.5,0.000,0.7406,1
2840,11,268.1,684.5,310.9,818.0,0.000,0.7694,1
2840,17,148.0,652.2,200.7,838.3,0.000,0.8135,1
2840,6,1674.3,680.6,1724.1,843.0,0.000,0.7244,1
2840,19,596.9,710.8,682.2,901.2,0.000,0.8206,1
2840,4,451.9,699.6,523.8,889.5,0.000,0.8181,1
2840,14,1776.7,663.0,1821.3,863.8,0.000,0.7612,1
2841,1,728.3,692.2,843.1,944.4,0.000,0.8553,1
2841,2,1436.3,696.3,1524.9,926.7,0.000,0.7739,1
2841,3,1584.6,687.2,1643.7,867.9,0.000,0.7167,1
2841,9,304.1,682.1,353.8,829.7,0.000,0.7758,1
2841,10,1743.4,686.3,1783.8,874.7,0.000,0.7403,1
2841,11,267.7,684.5,310.5,817.9,0.000,0.7694,1
2841,17,147.5,652.3,200.3,838.1,0.000,0.8132,1
2841,6,1672.0,681.7,1721.0,841.0,0.000,0.7231,1
2841,19,603.0,708.3,686.8,899.9,0.000,0.8199,1
2841,4,456.4,698.4,526.2,888.9,0.000,0.8181,1
2841,14,1776.4,663.0,1821.5,864.9,0.000,0.7612,1
2842,1,731.6,693.1,851.2,944.7,0.000,0.8550,1
2842,2,1436.6,698.9,1525.4,927.5,0.000,0.7743,1
2842,3,1586.6,685.3,1644.7,866.4,0.000,0.7171,1
2842,9,304.3,682.3,353.7,829.5,0.000,0.7758,1
2842,10,1743.6,687.0,1784.0,875.4,0.000,0.7402,1
2842,11,267.7,684.6,310.3,817.7,0.000,0.7693,1
2842,17,147.7,652.0,200.4,836.2,0.000,0.8125,1
2842,6,1678.0,684.4,1727.7,848.7,0.000,0.7240,1
2842,19,611.1,708.5,693.9,901.3,0.000,0.8199,1
2842,30,27.8,618.9,79.4,862.6,0.000,0.8456,1
2842,4,460.0,698.6,527.9,890.5,0.000,0.8181,1
2842,14,1776.9,663.0,1822.1,864.6,0.000,0.7612,1
2843,1,733.7,694.9,857.4,944.7,0.000,0.8549,1
2843,2,1435.5,698.0,1525.6,927.6,0.000,0.7745,1
2843,9,304.4,682.6,353.5,829.5,0.000,0.7757,1
2843,10,1743.5,684.7,1784.1,875.0,0.000,0.7406,1
2843,11,267.8,684.7,310.3,817.5,0.000,0.7692,1
2843,17,147.5,652.6,199.3,832.7,0.000,0.8112,1
2843,6,1681.2,681.8,1731.2,850.3,0.000,0.7256,1
2843,19,619.9,709.7,702.2,903.2,0.000,0.8205,1
2843,30,29.9,620.9,82.3,862.0,0.000,0.8452,1
2843,4,463.5,696.5,530.5,892.3,0.000,0.8181,1
2844,1,733.4,695.6,861.2,944.9,0.000,0.8549,1
2844,2,1440.9,696.1,1530.5,925.1,0.000,0.7733,1
2844,9,304.7,682.2,353.7,829.4,0.000,0.7757,1
2844,10,1743.5,684.7,1784.1,874.7,0.000,0.7406,1
2844,11,267.9,684.6,310.3,817.3,0.000,0.7691,1
2844,17,147.7,651.5,199.7,832.3,0.000,0.8105,1
2844,6,1684.4,682.8,1733.0,850.6,0.000,0.7261,1
2844,19,627.2,708.7,710.6,903.7,0.000,0.8206,1
2844,30,30.6,621.8,83.9,861.7,0.000,0.8449,1
2844,4,466.2,697.3,531.6,892.2,0.000,0.8181,1
2844,3,1592.7,687.9,1649.5,865.9,0.000,0.7171,1
2844,14,1777.0,661.1,1822.2,862.5,0.000,0.7612,1
2845,1,733.0,696.1,864.7,945.3,0.000,0.8551,1
2845,2,1446.3,693.9,1534.4,921.2,0.000,0.7710,1
2845,9,304.5,681.9,353.5,829.5,0.000,0.7758,1
2845,10,1743.8,684.9,1784.1,873.9,0.000,0.7403,1
2845,11,267.9,684.6,310.3,817.7,0.000,0.7691,1
2845,17,147.8,648.7,200.4,830.4,0.000,0.8099,1
2845,6,1684.9,681.0,1733.0,850.1,0.000,0.7271,1
2845,19,633.8,710.2,718.3,904.7,0.000,0.8210,1
2845,30,30.8,623.9,84.8,861.5,0.000,0.8445,1
2845,37,1516.0,720.8,1557.6,893.7,0.000,0.7261,1
2845,4,472.0,697.0,536.1,892.5,0.000,0.8181,1
2845,3,1597.2,688.0,1654.8,867.1,0.000,0.7171,1
2845,14,1776.5,662.3,1822.1,864.0,0.000,0.7612,1
2845,7,1545.3,700.6,1604.8,825.8,0.000,0.6140,1
2846,1,733.6,695.2,868.9,945.4,0.000,0.8551,1
2846,2,1451.5,694.4,1537.8,919.2,0.000,0.7691,1
2846,9,304.6,681.8,353.6,829.5,0.000,0.7758,1
2846,10,1744.1,684.4,1784.5,873.6,0.000,0.7402,1
2846,11,267.8,684.6,310.1,817.5,0.000,0.7691,1
2846,17,148.3,646.6,201.2,828.5,0.000,0.8092,1
2846,6,1684.7,679.1,1733.1,852.2,0.000,0.7289,1
2846,19,638.3,713.2,723.7,905.1,0.000,0.8212,1
2846,30,31.0,625.3,85.5,861.2,0.000,0.8441,1
2846,37,1519.8,721.8,1561.1,893.4,0.000,0.7262,1
2846,4,476.8,694.9,540.8,894.1,0.000,0.8181,1
2846,3,1600.0,688.7,1658.3,867.6,0.000,0.7171,1
2846,14,1776.5,662.3,1822.3,864.3,0.000,0.7612,1
2847,1,735.2,696.0,872.4,945.3,0.000,0.8551,1
2847,2,1458.0,694.7,1542.3,917.2,0.000,0.7672,1
2847,9,304.5,681.8,353.4,829.6,0.000,0.7758,1
2847,10,1744.1,685.3,1784.3,873.5,0.000,0.7399,1
2847,11,267.7,684.6,309.9,817.5,0.000,0.7690,1
2847,6,1685.8,678.1,1733.4,852.1,0.000,0.7302,1
2847,19,641.2,716.3,727.8,906.0,0.000,0.8218,1
2847,30,32.3,625.9,87.5,860.9,0.000,0.8437,1
2847,37,1522.9,721.1,1564.8,893.5,0.000,0.7267,1
2847,4,482.5,695.8,545.8,895.3,0.000,0.8181,1
2847,3,1602.4,689.5,1660.9,867.7,0.000,0.7171,1
2847,14,1777.8,660.9,1823.2,862.6,0.000,0.7612,1
2847,7,1562.5,698.3,1618.3,822.7,0.000,0.6140,1
2848,1,739.7,695.9,877.9,945.3,0.000,0.8550,1
2848,2,1463.7,694.0,1546.3,916.0,0.000,0.7656,1
2848,9,304.3,681.9,352.9,829.5,0.000,0.7759,1
2848,10,1743.9,685.4,1784.1,873.5,0.000,0.7398,1
2848,11,266.7,684.7,308.1,815.8,0.000,0.7685,1
2848,6,1687.7,679.1,1733.3,849.4,0.000,0.7301,1
2848,19,641.4,714.5,730.7,906.2,0.000,0.8221,1
2848,30,35.2,626.1,90.7,859.4,0.000,0.8431,1
2848,37,1524.8,722.9,1567.1,893.5,0.000,0.7270,1
2848,4,489.0,698.2,552.3,896.0,0.000,0.8181,1
2848,3,1603.5,691.7,1662.2,868.3,0.000,0.7171,1
2848,14,1778.9,659.7,1823.9,861.0,0.000,0.7612,1
2848,17,149.5,645.8,202.2,827.6,0.000,0.8092,1
2849,1,743.7,691.9,883.7,945.0,0.000,0.8544,1
2849,2,1467.3,693.4,1549.1,916.0,0.000,0.7646,1
2849,9,304.4,682.1,352.8,829.5,0.000,0.7758,1
2849,10,1743.5,684.5,1784.0,874.0,0.000,0.7402,1
2849,11,266.4,684.6,307.6,815.2,0.000,0.7681,1
2849,6,1687.5,679.6,1732.9,851.7,0.000,0.7308,1
2849,19,642.5,714.4,733.4,906.3,0.000,0.8223,1
2849,30,38.5,626.4,93.9,858.2,0.000,0.8424,1
2849,37,1527.5,724.6,1569.6,891.0,0.000,0.7258,1
2849,4,496.7,704.4,560.6,897.5,0.000,0.8181,1
2849,14,1778.8,659.5,1823.8,861.2,0.000,0.7612,1
2849,17,149.8,645.3,202.8,827.5,0.000,0.8092,1
2850,1,750.3,691.1,888.9,944.0,0.000,0.8536,1
2850,2,1473.9,693.3,1554.0,915.6,0.000,0.7637,1
2850,9,304.0,682.1,352.7,829.8,0.000,0.7760,1
2850,10,1743.6,686.1,1783.9,874.4,0.000,0.7400,1
2850,11,266.0,684.2,307.1,815.0,0.000,0.7678,1
2850,6,1689.0,681.9,1732.5,850.3,0.000,0.7301,1
2850,19,644.9,713.5,737.1,907.1,0.000,0.8228,1
2850,30,41.7,626.4,97.1,857.7,0.000,0.8418,1
2850,37,1530.6,725.8,1574.1,891.7,0.000,0.7259,1
2850,4,501.4,709.0,566.2,898.1,0.000,0.8181,1
2850,14,1779.9,662.1,1825.0,862.7,0.000,0.7612,1
2850,17,151.1,646.5,204.4,827.7,0.000,0.8092,1
2850,3,1606.0,687.3,1667.0,866.9,0.000,0.7171,1
2851,1,758.2,691.1,893.9,943.0,0.000,0.8525,1
2851,2,1480.4,695.0,1558.5,916.1,0.000,0.7635,1
2851,9,304.4,682.2,352.9,830.2,0.000,0.7761,1
2851,10,1743.7,686.6,1783.8,874.1,0.000,0.7397,1
2851,11,266.3,684.3,306.9,814.4,0.000,0.7673,1
2851,19,649.6,712.8,741.7,907.3,0.000,0.8230,1
2851,30,46.3,626.2,101.3,857.3,0.000,0.8413,1
2851,4,504.1,707.2,572.7,899.7,0.000,0.8181,1
2851,14,1780.4,663.0,1825.5,863.0,0.000,0.7612,1
2851,3,1608.4,686.7,1671.4,866.6,0.000,0.7171,1
2852,1,767.0,688.2,900.6,943.1,0.000,0.8515,1
2852,2,1483.4,695.6,1559.9,915.1,0.000,0.7628,1
2852,9,304.7,681.6,353.2,829.9,0.000,0.7762,1
2852,10,1744.0,686.6,1784.3,874.1,0.000,0.7395,1
2852,11,266.2,684.4,306.7,814.2,0.000,0.7670,1
2852,19,655.7,711.7,746.8,907.0,0.000,0.8227,1
2852,30,50.2,626.0,104.4,856.6,0.000,0.8407,1
2852,4,507.2,710.1,577.5,900.1,0.000,0.8181,1
2852,3,1608.7,685.6,1673.2,866.3,0.000,0.7171,1
2852,17,149.8,649.6,202.2,828.1,0.000,0.8092,1
2853,1,779.2,685.9,909.5,943.3,0.000,0.8504,1
2853,2,1487.3,695.3,1563.2,915.2,0.000,0.7626,1
2853,9,304.5,682.7,352.6,829.4,0.000,0.7760,1
2853,10,1744.3,686.7,1784.8,874.7,0.000,0.7395,1
2853,11,266.2,684.6,306.9,814.8,0.000,0.7669,1
2853,19,663.1,711.6,752.2,906.9,0.000,0.8223,1
2853,30,53.2,625.6,106.5,856.3,0.000,0.8402,1
2853,4,506.2,707.4,580.2,900.6,0.000,0.8272,1
2853,3,1608.7,685.2,1673.4,864.9,0.000,0.7171,1
2853,17,150.3,652.1,201.6,826.1,0.000,0.8092,1
2853,14,1781.9,664.6,1827.4,863.3,0.000,0.7612,1
2854,1,791.7,684.7,917.1,943.5,0.000,0.8493,1
2854,2,1490.0,696.7,1565.2,915.8,0.000,0.7627,1
2854,9,305.2,681.6,353.4,829.3,0.000,0.7759,1
2854,10,1744.2,686.3,1784.9,874.3,0.000,0.7394,1
2854,11,266.4,684.8,306.6,814.5,0.000,0.7666,1
2854,19,671.6,712.8,757.6,906.6,0.000,0.8216,1
2854,30,55.2,625.9,107.6,857.1,0.000,0.8400,1
2854,4,509.2,709.1,585.3,902.1,0.000,0.8283,1
2854,3,1609.3,684.5,1674.2,863.6,0.000,0.7171,1
2854,17,150.8,653.5,201.9,826.3,0.000,0.8092,1
2854,14,1781.1,664.2,1827.3,863.2,0.000,0.7612,1
2855,1,806.1,686.8,926.1,944.3,0.000,0.8486,1
2855,2,1493.1,698.3,1567.5,916.4,0.000,0.7630,1
2855,9,305.4,681.7,353.6,829.6,0.000,0.7759,1
2855,10,1744.1,685.6,1785.0,873.6,0.000,0.7393,1
2855,11,266.2,684.5,306.5,814.6,0.000,0.7666,1
2855,19,680.6,709.4,765.5,906.2,0.000,0.8207,1
2855,30,57.0,626.1,108.8,857.7,0.000,0.8398,1
2855,4,507.4,706.8,586.8,902.5,0.000,0.8291,1
2855,3,1611.1,683.8,1675.5,861.4,0.000,0.7171,1
2855,17,150.7,652.7,202.3,826.1,0.000,0.8092,1
2855,14,1781.3,666.2,1827.3,863.2,0.000,0.7612,1
2856,1,817.9,689.4,933.1,943.6,0.000,0.8476,1
2856,2,1495.0,698.8,1569.2,917.8,0.000,0.7638,1
2856,9,304.5,681.8,352.9,829.4,0.000,0.7759,1
2856,10,1744.0,685.6,1784.8,873.3,0.000,0.7392,1
2856,11,265.6,684.5,306.1,815.0,0.000,0.7667,1
2856,19,684.2,709.6,767.1,906.1,0.000,0.8200,1
2856,30,57.2,624.0,108.8,857.6,0.000,0.8399,1
2856,4,508.6,704.0,590.2,902.2,0.000,0.8292,1
2856,3,1614.6,684.2,1677.9,860.2,0.000,0.7171,1
2856,17,151.5,654.1,202.6,824.5,0.000,0.8092,1
2856,14,1781.1,666.3,1827.6,863.4,0.000,0.7612,1
2857,1,826.0,688.7,939.7,943.5,0.000,0.8466,1
2857,2,1496.8,701.7,1569.7,917.4,0.000,0.7639,1
2857,9,304.3,680.1,353.2,829.3,0.000,0.7760,1
2857,10,1743.4,685.9,1783.9,872.5,0.000,0.7388,1
2857,11,267.6,684.7,308.5,816.0,0.000,0.7669,1
2857,19,691.3,708.5,773.8,906.5,0.000,0.8194,1
2857,4,513.2,706.3,594.3,902.6,0.000,0.8296,1
2857,41,358.4,702.4,427.7,858.9,0.000,0.7928,1
2857,3,1616.8,685.5,1679.6,859.6,0.000,0.7171,1
2857,17,151.2,655.0,202.3,824.9,0.000,0.8092,1
2857,14,1781.1,665.6,1827.8,863.3,0.000,0.7612,1
2858,1,835.7,692.9,948.4,943.8,0.000,0.8459,1
2858,2,1498.3,700.6,1571.4,917.4,0.000,0.7641,1
2858,9,303.9,679.9,352.8,829.5,0.000,0.7762,1
2858,10,1743.5,684.1,1784.3,872.4,0.000,0.7391,1
2858,11,268.0,684.7,309.1,816.3,0.000,0.7671,1
2858,19,703.1,710.0,785.7,907.3,0.000,0.8190,1
2858,4,519.3,708.8,599.1,903.1,0.000,0.8299,1
2858,41,354.4,700.1,425.3,858.5,0.000,0.7931,1
2858,3,1618.5,684.7,1682.0,859.3,0.000,0.7171,1
2858,17,151.2,654.9,201.1,819.7,0.000,0.8092,1
2858,14,1780.8,664.0,1828.0,863.3,0.000,0.7612,1
2859,1,842.9,693.4,957.5,943.8,0.000,0.8452,1
2859,2,1499.8,700.1,1572.7,916.8,0.000,0.7640,1
2859,9,303.4,680.2,352.2,829.1,0.000,0.7762,1
2859,10,1743.6,684.5,1784.2,871.7,0.000,0.7388,1
2859,19,712.8,708.7,797.0,907.0,0.000,0.8180,1
2859,4,524.5,713.8,601.5,902.2,0.000,0.8297,1
2859,41,351.7,697.2,421.6,853.7,0.000,0.7919,1
2859,3,1618.0,683.2,1682.9,859.0,0.000,0.7171,1
2859,17,151.5,654.2,201.4,817.7,0.000,0.8092,1
2859,14,1780.6,663.7,1828.1,863.4,0.000,0.7612,1
2860,1,848.2,694.7,965.2,943.6,0.000,0.8446,1
2860,2,1502.6,699.3,1575.2,916.0,0.000,0.7637,1
2860,9,304.6,679.4,353.5,828.6,0.000,0.7760,1
2860,10,1743.1,682.3,1784.2,872.3,0.000,0.7396,1
2860,19,720.3,709.8,806.5,907.0,0.000,0.8172,1
2860,41,348.5,697.4,416.2,851.0,0.000,0.7906,1
2860,3,1612.3,682.2,1679.2,859.3,0.000,0.7171,1
2860,17,152.2,653.1,200.0,807.3,0.000,0.8092,1
2860,14,1780.6,661.3,1827.9,861.3,0.000,0.7612,1
2860,11,269.0,684.3,310.5,816.9,0.000,0.7671,1
2861,1,852.0,695.8,971.6,944.1,0.000,0.8443,1
2861,2,1506.1,698.9,1577.7,912.9,0.000,0.7621,1
2861,9,304.1,678.4,353.6,829.5,0.000,0.7764,1
2861,10,1743.4,681.7,1784.7,872.6,0.000,0.7402,1
2861,19,724.5,711.2,813.1,907.4,0.000,0.8169,1
2861,41,351.8,698.2,405.7,819.9,0.000,0.7785,1
2861,3,1618.8,682.6,1685.1,859.6,0.000,0.7171,1
2861,17,152.5,652.3,200.3,804.5,0.000,0.8092,1
2861,14,1780.7,661.7,1827.5,860.3,0.000,0.7612,1
2861,11,267.3,684.0,308.4,815.5,0.000,0.7671,1
2862,1,853.7,696.2,975.8,943.3,0.000,0.8437,1
2862,2,1508.6,696.3,1580.0,909.4,0.000,0.7598,1
2862,9,304.0,678.2,353.5,829.4,0.000,0.7766,1
2862,10,1743.7,681.3,1784.8,872.3,0.000,0.7406,1
2862,19,726.4,711.8,818.0,907.5,0.000,0.8166,1
2862,17,150.8,651.5,200.7,808.8,0.000,0.8092,1
2862,14,1780.6,661.8,1827.0,859.4,0.000,0.7612,1
2862,11,267.9,683.5,309.3,816.6,0.000,0.7671,1
2863,1,854.6,696.3,979.8,944.1,0.000,0.8437,1
2863,2,1511.2,695.9,1581.5,906.1,0.000,0.7571,1
2863,9,303.7,677.7,353.3,830.1,0.000,0.7770,1
2863,10,1743.4,682.7,1784.4,872.9,0.000,0.7407,1
2863,19,726.8,713.4,821.0,908.4,0.000,0.8170,1
2863,17,151.2,651.2,200.1,803.6,0.000,0.8092,1
2863,14,1779.7,661.2,1825.8,859.2,0.000,0.7612,1
2863,11,266.9,683.8,307.5,815.1,0.000,0.7671,1
2863,4,549.6,700.5,629.6,902.5,0.000,0.8297,1
2864,1,856.0,695.4,983.7,943.6,0.000,0.8432,1
2864,2,1514.1,694.9,1583.8,904.6,0.000,0.7551,1
2864,9,304.0,677.5,352.6,829.5,0.000,0.7770,1
2864,10,1743.2,683.7,1784.0,873.4,0.000,0.7408,1
2864,19,727.2,712.5,824.6,908.9,0.000,0.8173,1
2864,17,150.1,651.6,200.9,809.0,0.000,0.8092,1
2864,14,1779.8,663.3,1824.9,858.6,0.000,0.7612,1
2864,11,267.9,683.8,308.7,816.4,0.000,0.7671,1
2864,4,557.4,701.7,637.8,904.2,0.000,0.8297,1
2864,41,333.4,696.0,395.9,841.5,0.000,0.7785,1
2865,1,858.9,695.1,988.5,944.1,0.000,0.8431,1
2865,2,1515.8,694.5,1585.1,904.1,0.000,0.7536,1
2865,9,303.2,679.3,350.4,829.1,0.000,0.7768,1
2865,10,1743.7,685.0,1784.1,872.9,0.000,0.7403,1
2865,19,728.0,712.5,827.5,909.3,0.000,0.8177,1
2865,21,1400.5,726.0,1454.9,877.1,0.000,0.6902,1
2865,17,148.7,651.3,201.2,813.3,0.000,0.8092,1
2865,14,1779.7,663.9,1824.5,859.3,0.000,0.7612,1
2865,11,267.9,683.6,308.9,817.2,0.000,0.7671,1
2865,4,564.6,703.1,646.3,904.3,0.000,0.8297,1
2865,41,325.7,693.7,389.9,845.8,0.000,0.7785,1
2865,3,1635.3,683.5,1697.9,855.7,0.000,0.7171,1
2866,1,864.0,693.8,994.9,944.3,0.000,0.8427,1
2866,2,1517.7,692.9,1587.1,904.8,0.000,0.7531,1
2866,9,302.6,680.5,348.2,827.8,0.000,0.7763,1
2866,10,1743.7,687.0,1783.5,872.2,0.000,0.7394,1
2866,19,730.2,711.0,831.7,909.9,0.000,0.8180,1
2866,21,1397.7,725.7,1450.5,875.2,0.000,0.6890,1
2866,17,147.7,651.2,200.8,814.9,0.000,0.8092,1
2866,14,1779.7,665.1,1823.7,857.9,0.000,0.7612,1
2866,11,266.8,683.1,306.9,813.9,0.000,0.7671,1
2866,4,568.7,703.3,653.2,905.2,0.000,0.8297,1
2866,41,320.4,693.1,384.3,846.0,0.000,0.7785,1
2866,3,1640.0,684.4,1701.9,856.8,0.000,0.7171,1
2867,1,870.9,692.1,1001.0,942.4,0.000,0.8413,1
2867,2,1520.1,690.8,1590.0,905.2,0.000,0.7529,1
2867,9,301.9,682.2,347.1,831.7,0.000,0.7771,1
2867,10,1743.7,687.6,1783.2,871.2,0.000,0.7384,1
2867,19,734.7,709.1,836.6,909.2,0.000,0.8176,1
2867,21,1394.6,724.7,1447.3,876.4,0.000,0.6893,1
2867,17,147.3,651.6,200.7,815.1,0.000,0.7939,1
2867,14,1780.5,668.1,1823.4,857.2,0.000,0.7612,1
2867,11,266.2,683.6,306.8,815.5,0.000,0.7671,1
2867,4,571.7,704.3,658.6,905.4,0.000,0.8297,1
2867,3,1643.6,684.4,1705.2,857.2,0.000,0.7171,1
2868,1,876.6,690.7,1005.7,942.1,0.000,0.8402,1
2868,2,1523.1,691.1,1593.5,905.9,0.000,0.7530,1
2868,10,1743.7,686.8,1783.5,871.2,0.000,0.7381,1
2868,19,740.0,708.7,841.1,909.6,0.000,0.8174,1
2868,21,1391.3,726.5,1443.5,877.1,0.000,0.6895,1
2868,17,147.1,652.2,200.0,813.6,0.000,0.7938,1
2868,14,1780.6,668.3,1823.6,858.0,0.000,0.7550,1
2868,11,265.9,683.4,307.1,816.5,0.000,0.7671,1
2868,4,573.0,708.1,661.4,906.5,0.000,0.8297,1
2868,41,306.9,684.5,375.4,848.3,0.000,0.7785,1
2869,1,885.1,689.3,1011.6,941.8,0.000,0.8389,1
2869,2,1527.4,692.6,1598.2,905.8,0.000,0.7529,1
2869,10,1744.0,682.7,1784.4,870.8,0.000,0.7388,1
2869,19,747.7,708.2,846.7,909.7,0.000,0.8170,1
2869,21,1387.9,727.0,1439.9,877.7,0.000,0.6900,1
2869,17,146.3,653.5,199.1,814.9,0.000,0.7943,1
2869,14,1780.9,666.9,1824.5,859.2,0.000,0.7554,1
2869,11,265.2,683.7,306.3,815.5,0.000,0.7671,1
2869,4,573.4,707.3,665.0,907.6,0.000,0.8297,1
2869,41,302.9,682.3,372.7,847.8,0.000,0.7785,1
2870,1,895.3,690.1,1017.0,940.3,0.000,0.8370,1
2870,2,1530.4,693.6,1602.4,905.4,0.000,0.7526,1
2870,10,1744.0,683.6,1784.3,870.8,0.000,0.7388,1
2870,19,757.6,708.5,853.5,909.5,0.000,0.8163,1
2870,21,1385.0,727.5,1436.8,877.1,0.000,0.6899,1
2870,17,145.4,654.7,198.2,815.8,0.000,0.7947,1
2870,14,1781.3,666.4,1825.2,859.0,0.000,0.7555,1
2870,11,265.5,683.9,306.3,814.3,0.000,0.7671,1
2870,4,573.7,705.7,668.3,908.5,0.000,0.8297,1
2870,41,300.3,685.3,368.4,845.4,0.000,0.7785,1
2870,3,1648.9,682.6,1710.1,855.6,0.000,0.7171,1
2871,1,906.9,691.3,1022.9,939.3,0.000,0.8351,1
2871,2,1532.5,694.0,1605.6,904.5,0.000,0.7521,1
2871,10,1743.9,685.5,1783.7,870.3,0.000,0.7383,1
2871,19,769.8,709.7,861.2,909.4,0.000,0.8155,1
2871,21,1382.0,727.0,1434.4,877.4,0.000,0.6902,1
2871,17,144.6,654.9,197.4,816.7,0.000,0.7953,1
2871,14,1780.9,666.3,1825.1,859.2,0.000,0.7556,1
2871,11,264.2,684.0,305.0,813.8,0.000,0.7671,1
2871,4,574.9,706.2,671.1,908.7,0.000,0.8297,1
2871,41,298.2,684.9,365.9,844.4,0.000,0.7785,1
2871,3,1651.6,684.1,1711.7,856.5,0.000,0.7171,1
2872,1,917.3,692.4,1028.2,939.1,0.000,0.8335,1
2872,2,1533.8,693.7,1608.6,904.4,0.000,0.7519,1
2872,10,1743.8,685.0,1783.7,870.2,0.000,0.7382,1
2872,19,777.5,711.5,865.4,910.5,0.000,0.8156,1
2872,21,1379.5,727.2,1432.2,877.5,0.000,0.6904,1
2872,17,144.0,655.3,196.3,816.2,0.000,0.7954,1
2872,14,1780.6,666.4,1824.8,859.5,0.000,0.7557,1
2872,11,264.6,683.4,305.7,813.4,0.000,0.7671,1
2872,4,576.5,705.8,673.9,908.9,0.000,0.8297,1
2872,41,298.1,689.0,363.9,843.9,0.000,0.7785,1
2872,3,1654.0,684.4,1712.8,856.6,0.000,0.7171,1
2873,1,925.8,691.6,1033.3,938.0,0.000,0.8316,1
2873,2,1534.3,692.9,1610.3,902.3,0.000,0.7508,1
2873,10,1744.0,685.1,1783.9,870.0,0.000,0.7380,1
2873,19,784.9,713.5,869.9,911.2,0.000,0.8158,1
2873,21,1379.1,730.1,1430.1,874.0,0.000,0.6882,1
2873,17,144.6,654.7,196.0,813.0,0.000,0.7947,1
2873,14,1779.9,665.5,1824.2,859.1,0.000,0.7558,1
2873,11,264.0,683.5,305.1,813.3,0.000,0.7671,1
2873,4,580.0,704.7,677.9,908.9,0.000,0.8297,1
2873,41,294.4,685.9,360.3,842.5,0.000,0.7785,1
2873,3,1658.1,684.2,1715.0,853.8,0.000,0.7171,1
2874,1,936.7,690.7,1042.4,936.6,0.000,0.8292,1
2874,2,1535.6,693.9,1612.7,902.1,0.000,0.7502,1
2874,10,1744.3,686.2,1784.1,869.5,0.000,0.7375,1
2874,19,795.9,713.0,881.1,912.5,0.000,0.8163,1
2874,21,1375.6,728.8,1428.6,876.6,0.000,0.6890,1
2874,17,143.2,656.1,193.0,809.9,0.000,0.7934,1
2874,14,1779.3,665.0,1823.5,859.4,0.000,0.7561,1
2874,11,263.8,683.4,304.5,812.5,0.000,0.7671,1
2874,4,584.1,705.6,680.6,908.9,0.000,0.8297,1
2874,3,1660.9,683.8,1716.1,852.1,0.000,0.7171,1
2874,9,299.9,683.8,346.0,835.5,0.000,0.7771,1
2875,1,946.0,689.5,1052.8,936.9,0.000,0.8275,1
2875,2,1535.3,695.2,1613.6,903.4,0.000,0.7505,1
2875,10,1744.4,686.5,1784.2,869.9,0.000,0.7373,1
2875,19,804.4,713.5,890.0,912.0,0.000,0.8160,1
2875,21,1373.3,728.8,1427.6,877.6,0.000,0.6898,1
2875,17,141.1,656.5,189.1,806.5,0.000,0.7917,1
2875,14,1779.5,666.3,1823.0,858.8,0.000,0.7557,1
2875,11,263.2,683.9,303.7,811.9,0.000,0.7654,1
2875,4,589.9,706.0,684.5,908.7,0.000,0.8297,1
2875,3,1663.3,682.5,1717.8,850.9,0.000,0.7171,1
2875,9,298.9,681.7,346.3,835.8,0.000,0.7771,1
2876,1,954.4,690.3,1063.0,936.7,0.000,0.8258,1
2876,2,1535.7,695.3,1614.6,903.3,0.000,0.7505,1
2876,10,1744.0,685.2,1784.0,869.9,0.000,0.7375,1
2876,19,811.4,714.9,898.3,911.1,0.000,0.8155,1
2876,17,141.5,656.2,186.6,799.6,0.000,0.7886,1
2876,14,1778.7,663.1,1822.6,858.9,0.000,0.7563,1
2876,11,263.6,683.1,304.5,813.0,0.000,0.7655,1
2876,9,297.3,688.2,343.7,835.7,0.000,0.7771,1
2877,1,961.2,693.1,1071.6,936.4,0.000,0.8245,1
2877,2,1536.6,695.7,1615.7,902.4,0.000,0.7501,1
2877,10,1744.1,684.7,1784.1,869.8,0.000,0.7376,1
2877,19,816.8,717.1,905.8,911.1,0.000,0.8150,1
2877,17,142.7,653.6,186.4,795.0,0.000,0.7857,1
2877,14,1778.2,661.1,1822.8,860.9,0.000,0.7574,1
2877,11,263.7,683.2,304.4,814.3,0.000,0.7659,1
2877,9,296.9,682.8,345.1,835.6,0.000,0.7771,1
2877,3,1669.0,682.3,1724.0,854.5,0.000,0.7171,1
2878,1,965.0,695.6,1078.0,936.5,0.000,0.8237,1
2878,2,1538.0,694.8,1617.2,901.2,0.000,0.7494,1
2878,10,1743.7,683.2,1784.1,870.7,0.000,0.7384,1
2878,19,818.7,716.8,910.7,911.1,0.000,0.8147,1
2878,17,142.5,650.0,186.2,793.7,0.000,0.7838,1
2878,14,1778.4,659.9,1823.0,861.2,0.000,0.7583,1
2878,11,263.2,683.1,304.1,816.5,0.000,0.7670,1
2878,9,296.9,681.6,345.5,835.0,0.000,0.7771,1
2878,3,1673.2,682.5,1726.5,853.8,0.000,0.7171,1
2879,1,965.8,696.2,1082.4,937.2,0.000,0.8234,1
2879,2,1541.6,693.5,1619.8,897.7,0.000,0.7474,1
2879,10,1743.5,682.3,1783.9,870.7,0.000,0.7389,1
2879,19,819.6,717.2,914.2,910.9,0.000,0.8143,1
2879,14,1778.0,660.7,1822.2,860.9,0.000,0.7585,1
2879,11,264.4,683.4,305.7,819.4,0.000,0.7685,1
2879,9,295.5,679.7,345.0,835.0,0.000,0.7771,1
2879,3,1677.0,682.3,1729.0,851.3,0.000,0.7171,1
2880,1,965.7,697.1,1085.2,937.5,0.000,0.8234,1
2880,2,1546.1,691.6,1623.7,895.2,0.000,0.7453,1
2880,10,1743.1,684.2,1783.2,871.7,0.000,0.7391,1
2880,19,820.6,717.1,918.2,911.2,0.000,0.8142,1
2880,14,1778.2,661.5,1822.1,861.2,0.000,0.7585,1
2880,11,263.9,682.6,307.2,827.9,0.000,0.7724,1
2880,9,296.8,675.1,345.9,831.9,0.000,0.7771,1
2880,3,1678.5,681.4,1730.1,851.4,0.000,0.7171,1
2881,1,965.5,697.7,1087.8,937.7,0.000,0.8235,1
2881,2,1552.4,690.7,1628.5,892.2,0.000,0.7428,1
2881,10,1743.3,684.7,1783.5,872.7,0.000,0.7395,1
2881,19,821.1,716.4,921.5,912.2,0.000,0.8146,1
2881,14,1779.0,661.8,1822.5,860.3,0.000,0.7583,1
2881,11,263.2,683.8,306.6,828.0,0.000,0.7745,1
2881,9,297.2,674.8,346.2,833.0,0.000,0.7771,1
2881,3,1680.5,682.2,1730.1,847.4,0.000,0.7171,1
2882,1,965.8,697.2,1090.7,938.0,0.000,0.8236,1
2882,2,1557.9,688.1,1633.2,890.8,0.000,0.7408,1
2882,10,1743.4,685.7,1783.4,873.0,0.000,0.7395,1
2882,19,823.4,716.1,925.2,912.2,0.000,0.8146,1
2882,14,1778.9,661.3,1822.4,860.7,0.000,0.7585,1
2882,11,259.6,680.2,304.3,826.2,0.000,0.7761,1
2882,9,300.4,676.7,347.6,831.1,0.000,0.7771,1
2882,3,1681.4,683.1,1729.8,846.0,0.000,0.7171,1
2882,30,128.2,643.8,174.5,849.4,0.000,0.8399,1
2883,1,968.1,697.1,1094.3,937.2,0.000,0.8232,1
2883,2,1562.3,687.1,1636.6,889.8,0.000,0.7392,1
2883,10,1743.7,686.3,1783.7,873.2,0.000,0.7395,1
2883,19,828.2,716.2,929.8,911.8,0.000,0.8141,1
2883,14,1779.2,661.1,1822.8,861.3,0.000,0.7588,1
2883,11,255.0,678.9,301.0,825.3,0.000,0.7773,1
2883,8,1625.8,709.2,1676.2,868.4,0.000,0.7040,1
2883,9,301.5,677.2,348.0,830.6,0.000,0.7771,1
2883,3,1682.2,682.7,1728.9,841.7,0.000,0.7171,1
2883,30,128.7,644.5,175.0,849.3,0.000,0.8399,1
2884,1,972.1,697.1,1099.0,937.6,0.000,0.8230,1
2884,2,1563.9,687.9,1637.7,890.3,0.000,0.7386,1
2884,10,1743.8,687.3,1783.5,872.9,0.000,0.7390,1
2884,19,834.2,716.2,934.6,911.5,0.000,0.8135,1
2884,14,1779.1,660.4,1823.1,861.1,0.000,0.7590,1
2884,11,251.0,678.0,298.7,826.2,0.000,0.7788,1
2884,8,1626.8,707.7,1677.1,868.1,0.000,0.7038,1
2884,9,299.5,678.7,346.1,833.4,0.000,0.7771,1
2884,3,1682.1,683.4,1728.7,843.3,0.000,0.7171,1
2884,30,129.6,646.9,175.8,849.1,0.000,0.8399,1
2885,1,976.2,698.7,1102.5,938.3,0.000,0.8231,1
2885,2,1567.8,689.4,1640.5,889.9,0.000,0.7378,1
2885,10,1743.8,687.8,1783.4,872.8,0.000,0.7386,1
2885,19,841.0,716.8,938.9,911.4,0.000,0.8128,1
2885,14,1779.0,660.2,1823.0,861.6,0.000,0.7593,1
2885,11,248.2,675.6,297.9,826.3,0.000,0.7802,1
2885,8,1630.5,708.2,1679.9,866.4,0.000,0.7024,1
2885,9,298.9,678.7,345.3,833.0,0.000,0.7771,1
2885,3,1682.2,683.1,1729.2,845.3,0.000,0.7171,1
2885,30,130.0,645.7,176.9,848.9,0.000,0.8399,1
2886,1,985.0,697.8,1109.1,937.1,0.000,0.8221,1
2886,2,1571.7,688.1,1643.7,888.4,0.000,0.7368,1
2886,10,1744.0,688.3,1783.5,872.7,0.000,0.7381,1
2886,19,848.3,713.9,944.1,911.2,0.000,0.8120,1
2886,14,1778.8,660.7,1823.1,862.9,0.000,0.7597,1
2886,8,1633.1,706.1,1681.8,864.3,0.000,0.7008,1
2886,9,299.6,678.2,346.0,832.1,0.000,0.7771,1
2886,3,1683.2,681.2,1731.3,848.9,0.000,0.7171,1
2886,30,132.0,645.8,178.6,845.8,0.000,0.8399,1
2886,41,242.1,676.8,303.8,823.9,0.000,0.7785,1
2887,1,992.5,696.8,1113.8,936.5,0.000,0.8209,1
2887,2,1574.0,688.3,1645.4,888.5,0.000,0.7364,1
2887,10,1743.7,688.3,1783.2,872.7,0.000,0.7378,1
2887,19,856.2,713.7,948.7,911.4,0.000,0.8112,1
2887,14,1778.8,660.3,1823.2,862.9,0.000,0.7599,1
2887,8,1635.7,704.2,1683.8,863.1,0.000,0.6996,1
2887,9,300.3,678.5,346.5,831.3,0.000,0.7771,1
2887,3,1683.9,681.2,1732.0,851.2,0.000,0.7171,1
2887,30,132.1,647.2,179.4,847.6,0.000,0.8399,1
2888,1,1000.4,695.2,1118.7,937.0,0.000,0.8200,1
2888,2,1575.3,689.2,1646.2,888.7,0.000,0.7362,1
2888,10,1743.5,688.2,1783.2,873.0,0.000,0.7377,1
2888,19,867.0,712.7,956.6,911.8,0.000,0.8104,1
2888,14,1778.4,661.3,1823.6,865.7,0.000,0.7605,1
2888,8,1639.5,704.4,1685.9,860.6,0.000,0.6978,1
2888,9,301.9,679.0,347.3,829.9,0.000,0.7771,1
2888,3,1685.0,684.1,1731.9,852.1,0.000,0.7171,1
2888,30,132.5,650.3,179.9,848.4,0.000,0.8399,1
2888,11,238.5,680.8,286.6,826.1,0.000,0.7802,1
2888,41,235.9,678.1,297.5,825.1,0.000,0.7785,1
2889,1,1009.8,694.9,1123.4,936.7,0.000,0.8188,1
2889,2,1578.1,688.6,1648.9,889.1,0.000,0.7363,1
2889,10,1743.4,688.0,1783.1,872.8,0.000,0.7375,1
2889,19,872.2,711.7,959.8,911.5,0.000,0.8094,1
2889,14,1777.9,661.3,1823.8,866.7,0.000,0.7608,1
2889,9,301.4,679.1,346.8,829.4,0.000,0.7790,1
2889,3,1685.2,682.3,1731.8,851.5,0.000,0.7171,1
2889,30,132.6,648.9,180.9,848.1,0.000,0.8399,1
2889,11,232.1,679.1,280.6,826.4,0.000,0.7802,1
2890,1,1020.6,692.5,1131.1,935.8,0.000,0.8169,1
2890,2,1581.4,688.0,1650.9,885.8,0.000,0.7347,1
2890,10,1743.5,688.0,1783.2,872.7,0.000,0.7373,1
2890,19,884.6,713.1,970.0,910.7,0.000,0.8077,1
2890,14,1778.4,661.7,1824.5,866.5,0.000,0.7607,1
2890,9,302.9,679.0,347.7,829.1,0.000,0.7784,1
2890,3,1685.8,682.3,1731.2,849.1,0.000,0.7171,1
2890,30,133.3,653.1,181.6,847.8,0.000,0.8399,1
2890,4,673.7,704.6,770.5,915.7,0.000,0.8297,1
2890,8,1646.6,698.8,1693.3,859.9,0.000,0.6978,1
2890,41,227.5,676.3,288.9,825.2,0.000,0.7785,1
2891,1,1034.0,694.1,1140.1,934.9,0.000,0.8148,1
2891,2,1583.0,688.8,1652.3,886.7,0.000,0.7346,1
2891,10,1743.8,687.5,1783.3,871.3,0.000,0.7369,1
2891,19,895.1,713.3,981.0,911.3,0.000,0.8066,1
2891,14,1776.6,661.4,1823.6,867.7,0.000,0.7610,1
2891,9,304.2,679.5,348.4,828.8,0.000,0.7777,1
2891,75,1309.7,728.1,1367.4,882.4,0.000,0.7027,1
2891,30,134.4,654.3,183.4,847.7,0.000,0.8399,1
2891,8,1648.6,697.9,1695.6,861.8,0.000,0.6978,1
2891,11,231.9,682.5,279.2,826.3,0.000,0.7802,1
2892,1,1044.3,695.9,1147.5,934.7,0.000,0.8131,1
2892,2,1587.4,690.0,1656.0,885.5,0.000,0.7337,1
2892,10,1743.9,687.0,1783.5,871.1,0.000,0.7367,1
2892,19,902.6,714.9,989.6,911.4,0.000,0.8056,1
2892,14,1775.5,661.4,1823.4,868.4,0.000,0.7611,1
2892,9,305.2,679.7,348.9,829.4,0.000,0.7775,1
2892,75,1308.2,729.4,1365.1,881.7,0.000,0.7026,1
2892,55,1250.2,716.0,1323.4,882.7,0.000,0.7071,1
2892,30,140.6,653.0,189.9,848.0,0.000,0.8399,1
2892,8,1651.9,697.3,1699.3,862.9,0.000,0.6978,1
2892,11,230.9,681.2,277.9,824.6,0.000,0.7802,1
2892,4,689.1,704.3,781.6,917.6,0.000,0.8297,1
2893,1,1052.3,696.7,1155.4,936.6,0.000,0.8126,1
2893,2,1589.7,687.7,1658.8,885.0,0.000,0.7333,1
2893,10,1743.7,686.8,1783.5,871.4,0.000,0.7368,1
2893,19,907.7,716.6,996.7,911.6,0.000,0.8048,1
2893,14,1776.7,662.0,1824.8,868.0,0.000,0.7608,1
2893,9,305.0,679.5,348.6,828.6,0.000,0.7770,1
2893,75,1305.4,729.6,1363.0,881.6,0.000,0.7026,1
2893,55,1248.8,715.4,1323.8,882.0,0.000,0.7071,1
2893,30,142.2,657.4,191.0,847.9,0.000,0.8399,1
2893,8,1654.3,687.7,1703.5,860.6,0.000,0.6978,1
2893,11,225.3,675.4,273.4,824.7,0.000,0.7802,1
2893,4,699.4,702.1,787.5,917.6,0.000,0.8297,1
2894,1,1058.8,697.7,1161.7,935.0,0.000,0.8111,1
2894,2,1591.2,685.9,1660.4,884.8,0.000,0.7331,1
2894,10,1743.7,686.6,1783.5,872.0,0.000,0.7370,1
2894,19,910.9,717.7,1001.6,910.3,0.000,0.8034,1
2894,14,1777.3,662.0,1825.1,866.8,0.000,0.7604,1
2894,9,305.6,679.3,349.0,828.3,0.000,0.7766,1
2894,55,1245.0,715.1,1320.8,881.9,0.000,0.7072,1
2894,30,145.9,655.3,195.2,847.6,0.000,0.8399,1
2894,8,1657.2,690.6,1706.2,860.6,0.000,0.6978,1
2894,11,221.4,672.8,270.2,825.5,0.000,0.7802,1
2894,4,709.2,700.0,793.7,916.4,0.000,0.8297,1
2895,1,1064.5,700.2,1168.0,934.9,0.000,0.8103,1
2895,2,1593.5,686.8,1662.1,884.1,0.000,0.7326,1
2895,10,1743.5,687.7,1783.1,872.3,0.000,0.7369,1
2895,19,911.5,720.0,1004.3,911.3,0.000,0.8033,1
2895,14,1777.5,661.7,1825.6,866.6,0.000,0.7602,1
2895,9,305.8,679.9,349.0,828.1,0.000,0.7762,1
2895,55,1243.0,715.1,1318.9,881.7,0.000,0.7071,1
2895,30,149.2,661.1,197.2,847.7,0.000,0.8399,1
2895,8,1658.8,690.6,1708.3,860.8,0.000,0.6978,1
2895,11,218.6,677.0,266.5,826.1,0.000,0.7802,1
2895,4,716.2,699.4,799.6,917.2,0.000,0.8297,1
2895,17,124.1,658.3,164.9,798.4,0.000,0.7838,1
2896,1,1067.9,701.8,1173.1,935.7,0.000,0.8102,1
2896,2,1596.5,687.3,1663.6,880.7,0.000,0.7306,1
2896,10,1743.7,688.4,1783.2,872.5,0.000,0.7368,1
2896,19,912.9,721.1,1008.0,912.0,0.000,0.8034,1
2896,14,1777.7,662.1,1825.5,866.3,0.000,0.7599,1
2896,9,305.6,679.1,349.1,829.1,0.000,0.7763,1
2896,55,1239.9,714.1,1315.4,882.0,0.000,0.7074,1
2896,93,1477.1,700.9,1536.0,879.0,0.000,0.7110,1
2896,30,151.5,657.4,200.8,847.8,0.000,0.8399,1
2896,8,1660.9,698.3,1708.9,860.3,0.000,0.6978,1
2896,4,726.2,700.3,810.3,918.1,0.000,0.8297,1
2896,17,123.8,656.6,164.2,799.8,0.000,0.7838,1
2896,41,204.8,670.2,266.5,824.7,0.000,0.7785,1
2896,75,1293.7,730.1,1352.8,882.7,0.000,0.7026,1
2897,1,1070.5,702.1,1177.9,935.8,0.000,0.8101,1
2897,2,1598.7,687.1,1664.8,879.1,0.000,0.7292,1
2897,10,1744.0,687.6,1783.5,872.2,0.000,0.7368,1
2897,19,913.6,720.0,1011.6,912.1,0.000,0.8034,1
2897,14,1777.9,662.6,1825.5,866.1,0.000,0.7596,1
2897,9,306.0,678.5,349.4,828.4,0.000,0.7762,1
2897,55,1238.1,711.2,1313.9,882.0,0.000,0.7078,1
2897,93,1473.1,699.4,1533.0,879.1,0.000,0.7116,1
2897,30,152.8,661.6,201.5,847.7,0.000,0.8182,1
2897,8,1660.9,694.7,1710.2,859.3,0.000,0.6978,1
2897,4,734.1,704.2,820.0,917.9,0.000,0.8297,1
2897,17,124.2,657.1,163.4,798.8,0.000,0.7838,1
2897,41,202.1,672.0,262.5,822.3,0.000,0.7785,1
2897,75,1290.2,726.8,1349.8,880.3,0.000,0.7026,1
2898,1,1073.3,701.7,1183.5,935.8,0.000,0.8098,1
2898,2,1600.0,684.7,1665.9,877.9,0.000,0.7286,1
2898,10,1744.0,688.4,1783.4,872.8,0.000,0.7368,1
2898,19,914.7,718.4,1014.6,911.1,0.000,0.8028,1
2898,9,305.9,678.0,349.5,828.2,0.000,0.7761,1
2898,93,1469.0,698.1,1529.3,878.7,0.000,0.7119,1
2898,30,154.0,665.9,201.8,847.7,0.000,0.8176,1
2898,8,1661.7,695.8,1711.2,858.8,0.000,0.6978,1
2898,4,738.9,704.5,828.4,917.5,0.000,0.8297,1
2898,17,124.7,657.2,163.2,798.8,0.000,0.7838,1
2898,41,200.1,675.8,259.8,823.5,0.000,0.7785,1
2898,75,1283.9,725.3,1344.5,881.7,0.000,0.7026,1
2899,1,1076.8,702.0,1189.3,935.2,0.000,0.8092,1
2899,2,1601.5,683.6,1666.8,877.4,0.000,0.7285,1
2899,10,1744.1,686.8,1783.9,873.1,0.000,0.7373,1
2899,19,916.6,716.7,1018.2,911.1,0.000,0.8024,1
2899,9,304.4,678.8,348.0,828.0,0.000,0.7760,1
2899,93,1466.4,697.6,1526.0,878.6,0.000,0.7120,1
2899,30,155.1,663.9,203.3,846.7,0.000,0.8170,1
2899,8,1663.2,698.4,1712.3,857.9,0.000,0.6978,1
2899,4,741.3,706.0,834.5,918.1,0.000,0.8297,1
2899,17,124.7,659.1,161.6,797.2,0.000,0.7838,1
2899,41,197.5,674.4,257.6,822.5,0.000,0.7785,1
2899,75,1278.9,725.6,1338.8,881.0,0.000,0.7026,1
2899,14,1779.5,662.2,1826.2,863.0,0.000,0.7596,1
2899,55,1230.6,709.6,1304.0,882.0,0.000,0.7078,1
2900,1,1081.3,701.7,1196.2,935.9,0.000,0.8091,1
2900,2,1603.9,683.4,1668.2,877.1,0.000,0.7285,1
2900,10,1743.9,685.5,1784.1,873.4,0.000,0.7380,1
2900,19,922.1,722.1,1021.1,911.0,0.000,0.8018,1
2900,9,303.9,679.4,347.6,828.3,0.000,0.7760,1
2900,93,1463.6,697.2,1522.1,877.8,0.000,0.7115,1
2900,30,156.2,660.9,204.8,845.7,0.000,0.8166,1
2900,8,1665.2,694.9,1715.1,856.8,0.000,0.6978,1
2900,4,741.7,707.7,838.3,919.1,0.000,0.8297,1
2900,17,124.4,659.4,159.6,794.6,0.000,0.7838,1
2900,41,195.9,674.3,256.1,823.0,0.000,0.7785,1
2900,75,1272.4,724.7,1331.6,881.6,0.000,0.7026,1
2900,14,1779.9,663.5,1826.5,864.1,0.000,0.7596,1
2900,55,1228.6,709.1,1299.0,881.7,0.000,0.7078,1
2901,1,1087.7,702.2,1203.6,935.9,0.000,0.8088,1
2901,2,1605.7,683.1,1669.2,877.2,0.000,0.7287,1
2901,10,1743.9,684.9,1784.1,873.3,0.000,0.7384,1
2901,19,928.2,722.3,1025.6,910.3,0.000,0.8007,1
2901,9,304.8,679.6,348.5,828.0,0.000,0.7757,1
2901,93,1461.1,698.3,1519.1,878.8,0.000,0.7117,1
2901,30,156.7,657.2,206.0,844.9,0.000,0.8163,1
2901,8,1668.6,699.8,1716.4,855.3,0.000,0.6978,1
2901,4,741.9,709.9,841.4,919.6,0.000,0.8297,1
2901,17,124.0,659.6,157.7,792.9,0.000,0.7838,1
2901,41,194.5,672.6,255.1,823.2,0.000,0.7785,1
2901,75,1267.4,723.9,1325.0,880.8,0.000,0.7026,1
2901,14,1779.9,663.6,1826.8,865.1,0.000,0.7596,1
2901,55,1225.8,709.8,1293.6,883.7,0.000,0.7078,1
2902,1,1093.6,701.9,1208.0,932.5,0.000,0.8065,1
2902,2,1608.2,682.6,1670.9,876.9,0.000,0.7291,1
2902,10,1743.5,681.9,1784.2,873.4,0.000,0.7395,1
2902,19,934.2,716.5,1031.9,910.0,0.000,0.7997,1
2902,9,303.8,679.5,348.0,828.6,0.000,0.7759,1
2902,93,1456.4,698.9,1513.8,878.3,0.000,0.7114,1
2902,30,158.4,661.0,206.8,844.4,0.000,0.8157,1
2902,8,1671.4,696.0,1719.8,855.5,0.000,0.6978,1
2902,4,740.8,709.7,843.3,919.6,0.000,0.8297,1
2902,17,123.1,659.6,156.1,794.2,0.000,0.7838,1
2902,41,194.0,672.2,253.7,822.7,0.000,0.7785,1
2902,75,1261.4,721.7,1318.6,880.5,0.000,0.7026,1
2902,14,1780.4,663.3,1827.4,865.0,0.000,0.7596,1
2902,55,1223.2,709.4,1288.2,882.8,0.000,0.7078,1
2903,1,1100.2,700.7,1212.6,929.3,0.000,0.8032,1
2903,2,1611.0,682.2,1673.2,876.4,0.000,0.7295,1
2903,10,1743.3,679.0,1784.7,874.4,0.000,0.7412,1
2903,19,942.9,713.4,1038.5,909.9,0.000,0.7985,1
2903,9,302.7,680.2,347.0,828.9,0.000,0.7760,1
2903,93,1450.6,699.9,1507.7,878.0,0.000,0.7109,1
2903,30,159.0,662.7,207.3,843.7,0.000,0.8150,1
2903,8,1675.3,696.6,1722.7,854.6,0.000,0.6978,1
2903,4,741.1,709.3,846.0,919.7,0.000,0.8297,1
2903,17,123.2,660.0,155.2,795.0,0.000,0.7838,1
2903,75,1257.2,721.2,1315.0,883.3,0.000,0.7026,1
2903,14,1780.6,663.3,1827.7,864.7,0.000,0.7596,1
2903,55,1219.0,708.9,1282.1,881.0,0.000,0.7078,1
2903,11,201.2,671.8,249.1,819.3,0.000,0.7802,1
2904,1,1106.1,700.2,1216.4,926.7,0.000,0.7997,1
2904,2,1614.3,682.2,1676.6,876.4,0.000,0.7299,1
2904,10,1742.8,677.6,1784.8,875.1,0.000,0.7428,1
2904,19,954.6,712.9,1046.9,910.9,0.000,0.7977,1
2904,9,302.4,680.2,346.8,829.1,0.000,0.7762,1
2904,93,1442.7,700.2,1500.7,878.4,0.000,0.7108,1
2904,30,159.6,664.2,208.2,843.5,0.000,0.8143,1
2904,8,1678.3,699.7,1724.1,853.7,0.000,0.6978,1
2904,4,742.8,710.1,848.7,919.5,0.000,0.8297,1
2904,17,123.7,660.6,154.4,794.5,0.000,0.7838,1
2904,75,1253.7,721.8,1310.8,882.8,0.000,0.7026,1
2904,14,1780.3,663.5,1827.4,865.1,0.000,0.7596,1
2904,55,1212.5,708.6,1276.2,882.9,0.000,0.7078,1
2905,1,1112.2,699.0,1221.3,927.0,0.000,0.7975,1
2905,2,1618.4,683.9,1681.2,876.4,0.000,0.7297,1
2905,10,1742.8,677.3,1784.9,875.5,0.000,0.7438,1
2905,19,964.9,713.5,1053.5,910.8,0.000,0.7964,1
2905,9,302.2,680.8,346.7,829.0,0.000,0.7762,1
2905,93,1434.3,701.6,1494.3,879.2,0.000,0.7110,1
2905,30,159.0,661.8,209.7,844.4,0.000,0.8144,1
2905,8,1680.3,699.9,1725.5,853.0,0.000,0.7048,1
2905,4,748.0,709.8,854.0,919.9,0.000,0.8297,1
2905,75,1252.0,723.3,1308.2,882.0,0.000,0.7026,1
2905,14,1779.7,663.8,1826.9,865.4,0.000,0.7596,1
2905,55,1205.4,709.9,1269.9,884.6,0.000,0.7078,1
2906,1,1114.9,698.8,1222.1,926.9,0.000,0.7956,1
2906,2,1620.2,686.8,1683.4,876.3,0.000,0.7289,1
2906,10,1742.8,675.4,1785.2,875.2,0.000,0.7449,1
2906,19,972.4,713.7,1058.2,910.5,0.000,0.7950,1
2906,9,301.6,680.1,346.5,829.0,0.000,0.7763,1
2906,93,1428.7,702.7,1490.8,878.7,0.000,0.7104,1
2906,30,160.7,663.9,212.2,845.3,0.000,0.8143,1
2906,99,266.3,684.3,306.3,814.2,0.000,0.7668,1
2906,8,1683.1,701.0,1727.8,853.4,0.000,0.7042,1
2906,4,753.6,706.9,859.8,920.2,0.000,0.8297,1
2906,75,1246.8,723.3,1304.1,883.4,0.000,0.7026,1
2906,14,1779.0,663.5,1826.6,865.5,0.000,0.7596,1
2906,55,1199.0,710.3,1264.0,884.1,0.000,0.7078,1
2907,1,1116.5,697.1,1222.2,926.2,0.000,0.7937,1
2907,2,1620.5,685.7,1685.0,875.5,0.000,0.7287,1
2907,10,1743.4,678.4,1784.9,874.1,0.000,0.7446,1
2907,19,980.2,712.6,1066.5,912.0,0.000,0.7945,1
2907,9,302.3,681.0,347.0,829.5,0.000,0.7764,1
2907,93,1423.5,702.3,1488.4,878.7,0.000,0.7102,1
2907,30,160.8,667.0,212.7,845.1,0.000,0.8139,1
2907,99,266.6,684.3,306.7,814.6,0.000,0.7667,1
2907,8,1685.4,701.9,1729.5,853.4,0.000,0.7035,1
2907,4,762.5,703.9,867.4,919.9,0.000,0.8291,1
2907,75,1241.3,722.7,1299.9,883.4,0.000,0.7026,1
2907,14,1779.3,663.8,1826.8,865.0,0.000,0.7596,1
2907,55,1197.4,711.1,1262.8,883.2,0.000,0.7078,1
2907,17,126.2,663.1,151.8,776.2,0.000,0.7838,1
2908,1,1122.5,699.3,1225.1,925.8,0.000,0.7921,1
2908,2,1620.2,684.8,1685.9,875.2,0.000,0.7288,1
2908,10,1743.3,678.4,1784.8,874.1,0.000,0.7447,1
2908,19,988.1,713.0,1074.6,911.7,0.000,0.7932,1
2908,9,302.3,681.9,346.9,829.6,0.000,0.7764,1
2908,93,1419.6,701.3,1487.6,879.9,0.000,0.7106,1
2908,99,266.5,683.9,307.0,815.1,0.000,0.7668,1
2908,8,1687.8,700.5,1731.5,853.4,0.000,0.7036,1
2908,4,773.1,702.3,875.6,920.3,0.000,0.8286,1
2908,14,1779.7,661.9,1826.6,861.9,0.000,0.7596,1
2908,55,1202.1,710.4,1267.3,882.8,0.000,0.7078,1
2908,17,127.2,664.1,151.7,773.5,0.000,0.7838,1
2909,1,1134.5,701.5,1234.6,925.1,0.000,0.7903,1
2909,2,1620.6,684.2,1687.7,875.7,0.000,0.7292,1
2909,10,1743.4,680.1,1784.4,874.2,0.000,0.7443,1
2909,19,995.7,714.5,1083.4,911.1,0.000,0.7917,1
2909,9,302.2,681.7,346.9,829.4,0.000,0.7764,1
2909,93,1416.9,702.2,1487.2,880.2,0.000,0.7108,1
2909,99,267.0,684.1,307.4,815.4,0.000,0.7669,1
2909,8,1689.4,698.8,1732.7,853.3,0.000,0.7039,1
2909,4,786.0,701.4,885.0,920.9,0.000,0.8281,1
2909,14,1779.6,662.2,1827.0,863.2,0.000,0.7596,1
2909,55,1204.2,714.7,1265.6,880.1,0.000,0.7078,1
2909,17,127.8,666.7,151.2,771.9,0.000,0.7838,1
2909,75,1231.7,726.6,1291.7,885.7,0.000,0.7026,1
2910,1,1144.4,705.3,1243.6,925.1,0.000,0.7890,1
2910,2,1620.0,685.4,1687.8,876.7,0.000,0.7295,1
2910,10,1743.9,683.2,1784.2,873.6,0.000,0.7433,1
2910,19,1000.8,716.9,1089.9,910.7,0.000,0.7904,1
2910,9,303.4,681.1,348.2,829.9,0.000,0.7766,1
2910,93,1414.4,702.8,1486.6,881.1,0.000,0.7112,1
2910,99,265.8,684.0,306.3,814.3,0.000,0.7666,1
2910,8,1690.7,698.7,1733.0,853.1,0.000,0.7041,1
2910,4,796.8,700.4,892.9,922.0,0.000,0.8280,1
2910,14,1780.0,660.9,1827.1,861.6,0.000,0.7596,1
2910,55,1206.8,713.2,1269.1,881.0,0.000,0.7078,1
2910,75,1230.7,728.9,1291.2,885.8,0.000,0.7026,1
2911,1,1151.8,707.7,1251.9,925.5,0.000,0.7881,1
2911,2,1620.1,684.9,1688.7,876.6,0.000,0.7297,1
2911,10,1744.0,683.1,1784.4,873.6,0.000,0.7428,1
2911,19,1002.8,718.5,1094.2,911.2,0.000,0.7899,1
2911,9,304.1,680.3,348.9,830.3,0.000,0.7768,1
2911,93,1412.1,704.1,1485.6,881.1,0.000,0.7112,1
2911,99,267.3,684.5,308.2,815.7,0.000,0.7668,1
2911,8,1691.8,697.0,1733.4,853.1,0.000,0.7049,1
2911,4,805.5,701.3,898.9,923.2,0.000,0.8281,1
2911,14,1779.8,660.7,1826.5,860.4,0.000,0.7596,1
2911,75,1229.8,729.3,1291.8,886.3,0.000,0.7026,1
2912,1,1156.7,708.2,1258.9,925.3,0.000,0.7874,1
2912,2,1620.8,683.7,1689.7,876.3,0.000,0.7302,1
2912,10,1744.0,682.8,1784.4,873.4,0.000,0.7426,1
2912,19,1003.8,719.3,1097.3,910.7,0.000,0.7891,1
2912,9,304.9,679.4,349.6,830.2,0.000,0.7770,1
2912,93,1410.0,703.3,1484.9,880.6,0.000,0.7110,1
2912,99,267.9,684.9,308.6,815.4,0.000,0.7667,1
2912,8,1692.3,695.7,1733.2,853.1,0.000,0.7061,1
2912,4,814.9,701.6,907.9,923.0,0.000,0.8275,1
2912,14,1779.7,660.3,1826.1,860.4,0.000,0.7596,1
2912,75,1226.7,727.9,1290.8,886.0,0.000,0.7026,1
2913,1,1159.7,710.5,1263.0,924.4,0.000,0.7863,1
2913,2,1623.4,684.3,1692.0,875.6,0.000,0.7300,1
2913,10,1744.4,685.9,1784.2,873.3,0.000,0.7416,1
2913,19,1003.8,719.1,1099.8,910.5,0.000,0.7885,1
2913,9,305.3,679.3,349.9,830.0,0.000,0.7771,1
2913,93,1407.1,702.9,1482.7,880.4,0.000,0.7107,1
2913,99,267.6,684.9,308.6,816.1,0.000,0.7670,1
2913,8,1692.7,695.8,1732.7,853.0,0.000,0.7068,1
2913,4,823.4,703.5,917.1,923.1,0.000,0.8270,1
2913,14,1779.5,661.2,1825.4,860.4,0.000,0.7596,1
2913,75,1224.0,728.1,1289.7,887.1,0.000,0.7026,1
2914,1,1160.5,710.9,1265.4,922.8,0.000,0.7848,1
2914,2,1628.0,682.1,1696.4,871.7,0.000,0.7296,1
2914,10,1744.7,685.4,1784.6,872.9,0.000,0.7411,1
2914,19,1004.9,719.0,1102.8,910.5,0.000,0.7880,1
2914,9,305.1,678.7,349.7,829.7,0.000,0.7771,1
2914,93,1404.3,702.7,1479.3,880.2,0.000,0.7104,1
2914,99,265.4,684.6,306.6,815.3,0.000,0.7670,1
2914,8,1693.7,695.1,1732.9,852.2,0.000,0.7074,1
2914,4,829.9,705.2,925.7,923.1,0.000,0.8264,1
2914,14,1779.2,661.4,1825.0,861.1,0.000,0.7585,1
2914,75,1221.6,718.3,1291.5,888.3,0.000,0.7026,1
2914,17,128.7,673.1,151.2,772.7,0.000,0.7838,1
2915,1,1160.1,711.6,1266.3,922.0,0.000,0.7835,1
2915,2,1631.9,679.9,1700.2,869.4,0.000,0.7298,1
2915,10,1744.9,686.0,1784.8,872.8,0.000,0.7406,1
2915,19,1006.9,718.9,1106.0,910.6,0.000,0.7876,1
2915,9,305.3,679.3,349.8,830.5,0.000,0.7773,1
2915,93,1400.5,701.1,1475.4,880.9,0.000,0.7107,1
2915,99,267.2,684.5,308.5,816.2,0.000,0.7672,1
2915,8,1696.7,694.9,1734.7,852.0,0.000,0.7080,1
2915,4,833.5,705.3,932.1,922.5,0.000,0.8256,1
2915,14,1779.3,661.3,1824.5,860.3,0.000,0.7585,1
2915,75,1220.4,712.3,1292.4,889.5,0.000,0.7026,1
2916,1,1159.6,711.3,1267.9,922.3,0.000,0.7830,1
2916,2,1635.4,679.1,1703.2,868.8,0.000,0.7303,1
2916,10,1744.7,684.9,1785.0,872.8,0.000,0.7405,1
2916,19,1011.1,717.2,1110.6,910.3,0.000,0.7868,1
2916,9,305.1,678.4,349.6,830.3,0.000,0.7775,1
2916,93,1397.0,700.5,1470.4,881.6,0.000,0.7112,1
2916,99,267.2,683.3,308.2,815.3,0.000,0.7672,1
2916,4,835.1,707.7,936.2,922.9,0.000,0.8254,1
2916,14,1779.6,660.6,1824.4,860.3,0.000,0.7587,1
2916,75,1211.6,709.2,1285.1,890.4,0.000,0.7026,1
2917,1,1146.6,711.2,1252.6,923.0,0.000,0.7835,1
2917,2,1640.1,679.2,1706.6,867.8,0.000,0.7305,1
2917,10,1744.1,685.2,1784.4,872.9,0.000,0.7404,1
2917,19,1016.7,716.1,1115.3,910.3,0.000,0.7859,1
2917,9,304.7,677.3,349.4,830.2,0.000,0.7777,1
2917,93,1391.1,697.9,1462.9,880.9,0.000,0.7113,1
2917,99,267.1,682.6,307.9,814.8,0.000,0.7671,1
2917,4,836.0,709.9,939.4,923.2,0.000,0.8254,1
2917,14,1779.4,658.9,1824.2,860.5,0.000,0.7593,1
2917,75,1200.1,707.8,1279.9,907.4,0.000,0.7026,1
2917,41,151.5,664.1,200.7,794.0,0.000,0.7785,1
2917,17,128.6,673.3,151.1,771.8,0.000,0.7838,1
2917,8,1700.3,692.8,1734.2,837.3,0.000,0.7080,1
2918,1,1156.0,707.6,1264.7,923.0,0.000,0.7831,1
2918,2,1643.2,679.1,1708.8,866.8,0.000,0.7308,1
2918,10,1743.7,685.7,1783.8,872.7,0.000,0.7400,1
2918,19,1023.2,714.5,1120.2,910.2,0.000,0.7848,1
2918,9,304.3,676.9,349.1,830.1,0.000,0.7779,1
2918,93,1384.7,697.2,1454.7,882.0,0.000,0.7121,1
2918,99,267.2,682.8,307.8,815.1,0.000,0.7671,1
2918,4,836.1,709.7,942.4,923.1,0.000,0.8254,1
2918,14,1779.2,659.2,1824.0,861.6,0.000,0.7598,1
2918,41,153.4,663.6,202.4,800.5,0.000,0.7785,1
2918,17,128.3,672.8,151.1,773.2,0.000,0.7838,1
2918,8,1700.6,692.0,1732.9,833.6,0.000,0.7080,1
2919,1,1164.2,705.5,1273.1,922.0,0.000,0.7820,1
2919,2,1645.9,679.3,1711.5,867.2,0.000,0.7313,1
2919,10,1743.9,688.1,1783.5,872.5,0.000,0.7391,1
2919,19,1031.3,713.6,1125.4,910.3,0.000,0.7837,1
2919,9,304.2,676.2,349.0,829.7,0.000,0.7780,1
2919,93,1381.1,697.3,1449.1,882.0,0.000,0.7124,1
2919,4,836.4,709.8,944.9,922.6,0.000,0.8251,1
2919,14,1778.8,658.9,1823.5,862.0,0.000,0.7602,1
2919,41,151.1,661.4,201.5,805.1,0.000,0.7785,1
2919,17,128.3,672.0,151.5,773.5,0.000,0.7838,1
2919,8,1700.6,691.1,1732.2,832.4,0.000,0.7080,1
2920,1,1172.1,705.1,1278.9,920.4,0.000,0.7801,1
2920,2,1647.5,679.4,1713.1,868.0,0.000,0.7321,1
2920,10,1743.5,685.0,1783.7,873.1,0.000,0.7395,1
2920,19,1041.8,713.1,1132.1,910.0,0.000,0.7822,1
2920,9,304.1,676.3,348.9,829.8,0.000,0.7780,1
2920,93,1378.2,698.4,1444.5,882.2,0.000,0.7125,1
2920,4,837.8,707.9,948.9,923.0,0.000,0.8250,1
2920,14,1778.9,658.4,1823.6,861.8,0.000,0.7606,1
2920,41,149.2,664.1,198.0,805.4,0.000,0.7785,1
2920,8,1700.5,690.7,1731.4,831.9,0.000,0.7080,1
2920,99,267.1,682.9,307.5,816.1,0.000,0.7671,1
2921,2,1651.1,679.6,1715.9,867.9,0.000,0.7326,1
2921,10,1743.5,687.3,1783.3,873.4,0.000,0.7391,1
2921,19,1051.6,713.2,1138.2,910.1,0.000,0.7807,1
2921,9,304.5,676.7,349.0,829.5,0.000,0.7779,1
2921,93,1372.3,699.4,1438.6,883.4,0.000,0.7133,1
2921,4,842.6,707.6,954.1,922.9,0.000,0.8247,1
2921,14,1779.2,657.9,1823.8,861.6,0.000,0.7609,1
2921,41,149.7,663.7,194.8,794.0,0.000,0.7785,1
2921,8,1700.5,689.9,1730.9,831.9,0.000,0.7080,1
2921,99,265.8,684.1,305.7,816.2,0.000,0.7671,1
2921,75,1189.7,705.2,1274.0,916.7,0.000,0.7026,1
2921,17,128.6,668.4,152.5,772.1,0.000,0.7838,1
2922,2,1653.8,679.3,1717.5,867.6,0.000,0.7331,1
2922,10,1743.6,687.5,1783.2,873.1,0.000,0.7387,1
2922,19,1057.4,714.0,1141.2,910.1,0.000,0.7795,1
2922,9,303.7,676.6,348.1,829.2,0.000,0.7778,1
2922,93,1365.8,700.6,1432.9,884.2,0.000,0.7140,1
2922,4,849.8,706.1,960.7,922.5,0.000,0.8239,1
2922,14,1780.0,658.9,1824.4,861.8,0.000,0.7608,1
2922,118,189.5,664.3,245.2,840.8,0.000,0.8084,1
2922,41,147.2,664.3,193.6,801.1,0.000,0.7785,1
2922,99,265.5,684.5,305.5,816.5,0.000,0.7671,1
2922,75,1193.8,706.3,1276.7,916.7,0.000,0.7026,1
2922,17,128.6,668.2,152.7,771.9,0.000,0.7838,1
2923,2,1657.0,679.3,1719.8,866.6,0.000,0.7334,1
2923,10,1743.6,686.4,1783.3,872.6,0.000,0.7385,1
2923,19,1065.4,714.3,1148.0,909.5,0.000,0.7779,1
2923,9,303.6,676.8,347.8,829.1,0.000,0.7777,1
2923,93,1357.1,701.2,1426.1,884.0,0.000,0.7142,1
2923,4,857.3,704.7,966.4,922.3,0.000,0.8230,1
2923,14,1780.0,659.4,1824.2,861.6,0.000,0.7607,1
2923,118,192.8,666.9,246.6,840.9,0.000,0.8077,1
2923,99,265.6,682.8,306.0,816.6,0.000,0.7671,1
2923,75,1200.0,706.2,1281.4,916.6,0.000,0.7026,1
2923,17,128.8,667.8,153.3,772.1,0.000,0.7838,1
2923,11,154.5,662.7,195.9,792.4,0.000,0.7802,1
2924,2,1659.6,679.3,1721.8,865.5,0.000,0.7334,1
2924,10,1743.9,686.5,1783.6,872.4,0.000,0.7382,1
2924,19,1075.1,714.5,1158.1,910.1,0.000,0.7767,1
2924,9,303.9,676.9,347.9,828.8,0.000,0.7775,1
2924,93,1351.6,702.1,1422.7,883.8,0.000,0.7141,1
2924,4,868.6,703.4,975.4,922.5,0.000,0.8220,1
2924,14,1779.9,659.4,1824.1,861.6,0.000,0.7607,1
2924,118,195.4,668.2,248.0,841.1,0.000,0.8071,1
2924,99,267.1,682.9,307.0,815.4,0.000,0.7671,1
2924,75,1204.9,705.4,1285.6,916.9,0.000,0.7026,1
2924,17,128.4,669.8,152.3,771.8,0.000,0.7838,1
2924,11,152.6,663.4,196.3,790.6,0.000,0.7802,1
2924,55,1176.4,727.9,1232.6,884.7,0.000,0.7078,1
2924,41,144.7,668.2,184.7,785.4,0.000,0.7785,1
2925,2,1658.9,680.8,1720.0,865.5,0.000,0.7332,1
2925,10,1744.3,687.2,1784.0,872.6,0.000,0.7380,1
2925,19,1074.0,714.8,1155.6,910.0,0.000,0.7759,1
2925,9,304.0,677.1,348.3,829.2,0.000,0.7775,1
2925,93,1349.0,702.7,1422.0,883.9,0.000,0.7140,1
2925,4,881.2,704.4,982.9,921.4,0.000,0.8203,1
2925,14,1780.3,660.4,1824.1,861.2,0.000,0.7603,1
2925,118,197.0,667.7,248.8,841.0,0.000,0.8067,1
2925,99,267.6,683.2,307.2,815.0,0.000,0.7671,1
2925,75,1210.9,704.4,1291.7,916.7,0.000,0.7026,1
2925,55,1157.7,729.2,1222.0,899.3,0.000,0.7078,1
2925,41,139.0,671.0,181.7,798.1,0.000,0.7785,1
2926,2,1660.8,683.1,1721.1,865.8,0.000,0.7325,1
2926,10,1744.4,686.7,1784.5,873.0,0.000,0.7381,1
2926,19,1077.1,715.4,1158.1,910.3,0.000,0.7753,1
2926,9,303.4,677.3,348.0,829.4,0.000,0.7776,1
2926,93,1346.7,703.2,1421.4,884.7,0.000,0.7143,1
2926,4,894.9,705.4,992.2,921.8,0.000,0.8191,1
2926,14,1780.2,660.6,1823.7,861.1,0.000,0.7601,1
2926,118,197.9,666.1,249.4,840.8,0.000,0.8065,1
2926,49,234.2,677.3,267.7,801.3,0.000,0.7586,1
2926,99,268.4,683.5,307.8,815.3,0.000,0.7671,1
2926,75,1216.0,704.6,1295.8,916.3,0.000,0.7026,1
2926,55,1157.4,727.5,1221.3,891.6,0.000,0.7078,1
2926,41,135.2,670.2,179.1,802.0,0.000,0.7785,1
2927,2,1661.8,682.4,1722.2,866.2,0.000,0.7326,1
2927,10,1744.3,686.8,1784.6,873.3,0.000,0.7382,1
2927,19,1086.7,717.9,1169.2,910.1,0.000,0.7743,1
2927,9,303.1,677.3,347.6,829.3,0.000,0.7775,1
2927,93,1343.9,702.0,1420.9,885.9,0.000,0.7152,1
2927,4,903.2,706.4,996.9,921.8,0.000,0.8180,1
2927,14,1780.4,659.9,1823.8,860.7,0.000,0.7600,1
2927,118,199.8,665.5,251.2,840.7,0.000,0.8062,1
2927,49,234.4,677.0,267.6,801.6,0.000,0.7591,1
2927,99,267.3,683.3,307.0,815.8,0.000,0.7671,1
2927,75,1224.1,706.2,1302.7,915.3,0.000,0.7026,1
2927,55,1157.1,727.3,1221.0,887.8,0.000,0.7078,1
2927,41,134.6,668.0,176.3,794.6,0.000,0.7785,1
2928,2,1663.9,683.7,1724.0,866.1,0.000,0.7322,1
2928,10,1744.2,686.1,1784.8,873.4,0.000,0.7384,1
2928,19,1091.3,719.5,1175.5,909.9,0.000,0.7734,1
2928,9,303.4,677.5,347.8,829.0,0.000,0.7774,1
2928,93,1340.5,701.6,1418.3,886.1,0.000,0.7158,1
2928,4,911.9,705.5,1004.7,921.2,0.000,0.8165,1
2928,14,1780.5,659.9,1823.9,861.2,0.000,0.7601,1
2928,49,234.6,677.1,267.3,801.7,0.000,0.7594,1
2928,99,266.1,684.1,306.0,816.3,0.000,0.7671,1
2928,75,1232.1,707.0,1311.4,915.7,0.000,0.7026,1
2928,55,1159.1,728.7,1222.6,887.2,0.000,0.7078,1
2928,41,133.6,667.2,173.5,788.4,0.000,0.7785,1
2929,2,1665.7,683.4,1725.1,864.7,0.000,0.7316,1
2929,10,1744.0,685.9,1784.6,873.0,0.000,0.7385,1
2929,19,1091.8,718.1,1178.9,909.5,0.000,0.7725,1
2929,9,303.6,678.3,347.9,829.3,0.000,0.7774,1
2929,93,1337.4,702.4,1415.1,886.2,0.000,0.7161,1
2929,4,920.8,705.8,1014.9,922.0,0.000,0.8156,1
2929,14,1780.2,660.3,1824.0,862.3,0.000,0.7602,1
2929,49,234.7,677.6,266.7,801.6,0.000,0.7595,1
2929,99,265.5,684.2,305.8,817.5,0.000,0.7671,1
2929,75,1235.4,708.1,1314.6,915.8,0.000,0.7026,1
2929,55,1160.8,730.2,1224.0,887.8,0.000,0.7078,1
2929,41,132.8,667.6,172.2,786.7,0.000,0.7785,1
2929,118,201.7,670.4,251.3,840.6,0.000,0.8062,1
2930,2,1667.6,684.2,1726.2,864.3,0.000,0.7310,1
2930,10,1743.6,685.3,1784.3,873.2,0.000,0.7387,1
2930,19,1092.0,716.3,1181.8,909.6,0.000,0.7718,1
2930,9,303.2,678.4,347.4,829.5,0.000,0.7774,1
2930,93,1333.2,702.1,1410.3,886.0,0.000,0.7162,1
2930,4,928.2,707.6,1023.9,922.6,0.000,0.8150,1
2930,14,1780.4,659.6,1824.3,862.4,0.000,0.7605,1
2930,49,236.1,678.0,267.3,802.0,0.000,0.7597,1
2930,99,266.4,684.2,306.4,817.7,0.000,0.7671,1
2930,75,1240.4,708.3,1320.7,916.0,0.000,0.7026,1
2930,55,1160.9,732.0,1223.7,887.1,0.000,0.7078,1
2930,41,131.4,668.0,171.4,789.2,0.000,0.7785,1
2930,118,203.2,668.2,254.1,841.8,0.000,0.8062,1
2931,2,1669.5,685.6,1727.3,863.7,0.000,0.7300,1
2931,10,1743.4,686.3,1783.9,873.6,0.000,0.7388,1
2931,19,1092.7,715.1,1184.7,909.9,0.000,0.7713,1
2931,9,303.5,678.8,347.5,829.5,0.000,0.7773,1
2931,93,1329.5,701.0,1405.6,886.0,0.000,0.7163,1
2931,4,932.2,708.2,1030.4,922.5,0.000,0.8143,1
2931,14,1780.3,659.2,1824.3,862.4,0.000,0.7607,1
2931,49,236.6,676.8,267.3,802.2,0.000,0.7600,1
2931,99,266.6,684.7,306.1,818.1,0.000,0.7671,1
2931,75,1241.5,708.4,1322.1,915.3,0.000,0.7026,1
2931,55,1158.8,728.6,1223.1,886.8,0.000,0.7078,1
2931,41,129.2,668.0,171.8,798.6,0.000,0.7785,1
2932,2,1671.0,685.3,1728.1,861.4,0.000,0.7289,1
2932,10,1744.0,687.4,1784.5,874.4,0.000,0.7388,1
2932,19,1095.6,714.2,1188.2,909.2,0.000,0.7701,1
2932,9,303.7,678.8,347.5,829.1,0.000,0.7772,1
2932,93,1326.2,700.3,1401.0,885.6,0.000,0.7162,1
2932,4,934.2,712.9,1033.6,923.1,0.000,0.8144,1
2932,14,1780.9,659.4,1824.7,861.6,0.000,0.7605,1
2932,99,267.3,685.0,306.4,818.0,0.000,0.7671,1
2932,75,1244.7,708.0,1326.6,915.2,0.000,0.7026,1
2932,41,128.1,669.3,170.9,801.4,0.000,0.7785,1
2932,118,206.3,668.0,257.7,842.2,0.000,0.8062,1
2933,2,1672.1,685.9,1728.1,858.5,0.000,0.7273,1
2933,10,1744.3,687.7,1784.8,874.4,0.000,0.7386,1
2933,19,1100.2,713.2,1192.0,907.9,0.000,0.7682,1
2933,9,303.3,679.2,347.0,829.4,0.000,0.7771,1
2933,93,1321.6,699.7,1394.4,885.3,0.000,0.7159,1
2933,4,936.2,715.7,1037.6,922.7,0.000,0.8140,1
2933,14,1781.0,659.2,1824.8,861.4,0.000,0.7605,1
2933,99,267.4,684.8,306.4,818.8,0.000,0.7671,1
2933,75,1247.9,708.3,1331.2,914.6,0.000,0.7026,1
2933,41,128.5,669.6,168.0,792.3,0.000,0.7785,1
2933,118,208.0,671.1,258.4,841.7,0.000,0.8062,1
2933,55,1143.7,720.9,1213.8,893.2,0.000,0.7078,1
2934,2,1674.4,685.4,1729.6,857.2,0.000,0.7264,1
2934,10,1744.5,688.7,1784.9,874.6,0.000,0.7384,1
2934,19,1093.0,710.3,1180.0,905.1,0.000,0.7656,1
2934,9,303.2,679.1,347.0,829.7,0.000,0.7772,1
2934,4,936.3,718.9,1039.8,923.5,0.000,0.8145,1
2934,14,1780.6,659.4,1824.3,861.7,0.000,0.7606,1
2934,99,267.7,684.5,306.4,818.5,0.000,0.7671,1
2934,75,1250.5,708.2,1335.4,914.5,0.000,0.7026,1
2934,41,127.6,667.5,166.9,791.5,0.000,0.7785,1
2934,118,207.7,667.4,259.7,841.9,0.000,0.8062,1
2934,55,1139.7,718.4,1211.3,897.8,0.000,0.7078,1
2934,30,207.4,670.8,258.2,841.1,0.000,0.8139,1
2935,2,1676.3,685.7,1730.4,856.0,0.000,0.7255,1
2935,10,1744.7,689.0,1785.1,875.0,0.000,0.7383,1
2935,19,1093.2,710.0,1171.1,892.0,0.000,0.7558,1
2935,9,303.2,679.3,347.0,829.8,0.000,0.7773,1
2935,4,936.9,719.4,1042.8,923.9,0.000,0.8150,1
2935,14,1780.4,659.0,1823.9,861.5,0.000,0.7606,1
2935,99,267.7,683.9,306.4,818.5,0.000,0.7699,1
2935,75,1249.7,708.8,1334.4,915.5,0.000,0.7026,1
2935,41,126.0,669.1,164.0,791.1,0.000,0.7785,1
2935,55,1129.0,716.9,1202.8,903.9,0.000,0.7078,1
2935,30,209.1,670.6,259.7,839.4,0.000,0.8139,1
2935,93,1314.0,699.2,1385.5,886.3,0.000,0.7159,1
2936,2,1678.4,685.6,1731.7,856.4,0.000,0.7253,1
2936,10,1744.7,688.8,1785.3,875.3,0.000,0.7383,1
2936,19,1090.5,709.2,1162.9,886.3,0.000,0.7476,1
2936,9,303.7,679.7,347.2,829.6,0.000,0.7772,1
2936,4,939.8,724.9,1045.1,924.1,0.000,0.8154,1
2936,14,1780.3,658.2,1823.7,861.1,0.000,0.7608,1
2936,99,267.8,683.1,306.6,818.9,0.000,0.7703,1
2936,75,1251.9,706.7,1336.6,916.5,0.000,0.7657,1
2936,55,1133.1,715.6,1204.7,904.6,0.000,0.7078,1
2936,30,209.8,668.0,260.6,837.7,0.000,0.8139,1
2936,93,1311.5,699.1,1382.1,887.4,0.000,0.7159,1
2937,2,1679.5,684.8,1732.1,857.1,0.000,0.7257,1
2937,10,1744.7,688.2,1785.3,874.8,0.000,0.7382,1
2937,19,1088.4,709.3,1156.7,883.6,0.000,0.7407,1
2937,9,304.1,680.2,347.5,829.5,0.000,0.7771,1
2937,4,941.2,713.5,1051.9,923.4,0.000,0.8149,1
2937,14,1780.3,659.1,1823.3,861.5,0.000,0.7607,1
2937,99,268.2,683.0,306.6,818.7,0.000,0.7704,1
2937,75,1256.2,705.4,1338.8,914.0,0.000,0.7643,1
2937,55,1137.6,715.7,1207.8,907.2,0.000,0.7078,1
2937,30,209.6,670.4,260.6,837.9,0.000,0.8139,1
2937,93,1311.1,700.1,1378.4,885.7,0.000,0.7159,1
2938,2,1680.3,686.1,1731.9,857.4,0.000,0.7256,1
2938,10,1744.5,688.6,1785.0,874.2,0.000,0.7379,1
2938,19,1086.2,709.7,1152.3,884.2,0.000,0.7361,1
2938,9,303.6,679.3,347.3,829.4,0.000,0.7770,1
2938,4,947.9,711.3,1058.3,922.3,0.000,0.8137,1
2938,14,1780.9,659.0,1823.8,861.5,0.000,0.7608,1
2938,99,268.3,683.0,306.5,818.6,0.000,0.7705,1
2938,75,1262.2,703.2,1342.6,909.6,0.000,0.7611,1
2938,55,1144.6,716.9,1212.6,907.9,0.000,0.7078,1
2938,30,210.4,670.2,262.0,839.0,0.000,0.8139,1
2938,93,1309.5,701.4,1375.0,886.1,0.000,0.7159,1
2939,2,1681.4,687.7,1731.8,857.6,0.000,0.7250,1
2939,10,1744.6,688.6,1785.3,874.0,0.000,0.7376,1
2939,19,1083.4,709.6,1148.8,885.0,0.000,0.7331,1
2939,9,304.0,679.4,347.9,830.2,0.000,0.7773,1
2939,4,954.2,710.3,1063.0,922.6,0.000,0.8129,1
2939,14,1782.1,660.2,1824.9,860.6,0.000,0.7603,1
2939,99,268.5,683.0,306.5,818.3,0.000,0.7705,1
2939,75,1272.7,703.1,1353.3,907.7,0.000,0.7583,1
2939,55,1150.1,717.4,1216.5,908.1,0.000,0.7078,1
2939,30,213.5,668.0,264.9,839.9,0.000,0.8139,1
2939,93,1308.7,700.2,1373.4,887.2,0.000,0.7159,1
2940,2,1682.5,689.0,1732.1,857.4,0.000,0.7243,1
2940,10,1744.4,687.2,1785.3,873.1,0.000,0.7375,1
2940,19,1077.3,708.5,1143.2,885.0,0.000,0.7309,1
2940,9,304.6,679.8,348.4,830.3,0.000,0.7773,1
2940,4,964.9,711.8,1069.5,922.1,0.000,0.8116,1
2940,14,1781.9,661.4,1824.9,861.6,0.000,0.7600,1
2940,99,268.9,683.1,306.8,818.0,0.000,0.7704,1
2940,75,1282.2,704.0,1361.5,906.0,0.000,0.7555,1
2940,55,1155.4,715.6,1222.9,908.6,0.000,0.7078,1
2940,30,213.5,666.5,265.1,840.7,0.000,0.8139,1
2940,1,1253.5,703.8,1349.7,906.5,0.000,0.7801,1
2941,2,1683.0,690.5,1731.9,857.5,0.000,0.7233,1
2941,10,1744.5,687.8,1785.5,872.9,0.000,0.7372,1
2941,9,304.6,679.7,348.2,829.8,0.000,0.7772,1
2941,14,1781.6,662.4,1825.2,863.9,0.000,0.7602,1
2941,99,269.0,682.9,306.8,817.7,0.000,0.7702,1
2941,75,1279.6,704.9,1360.2,905.7,0.000,0.7535,1
2941,55,1160.5,714.4,1230.2,908.8,0.000,0.7078,1
2941,30,214.8,666.1,265.9,840.6,0.000,0.8139,1
2942,2,1683.7,690.5,1732.0,857.2,0.000,0.7227,1
2942,10,1744.0,685.4,1785.5,872.8,0.000,0.7377,1
2942,9,304.6,679.5,348.3,830.4,0.000,0.7774,1
2942,14,1782.6,662.6,1826.7,864.5,0.000,0.7603,1
2942,99,268.6,682.6,306.4,817.5,0.000,0.7701,1
2942,75,1284.5,704.7,1364.4,904.2,0.000,0.7512,1
2942,132,173.0,667.2,205.7,786.0,0.000,0.7580,1
2942,55,1165.6,714.8,1237.3,908.0,0.000,0.7078,1
2942,30,217.4,667.0,267.8,840.1,0.000,0.8139,1
2942,19,1060.8,712.7,1125.7,885.2,0.000,0.7309,1
2942,4,987.1,704.8,1089.9,921.8,0.000,0.8116,1
2942,1,1256.7,706.3,1342.4,890.0,0.000,0.7801,1
2943,2,1684.6,691.1,1732.1,856.2,0.000,0.7217,1
2943,10,1743.8,686.1,1785.0,871.6,0.000,0.7374,1
2943,9,305.2,679.5,348.8,830.4,0.000,0.7775,1
2943,14,1780.6,662.6,1825.2,865.3,0.000,0.7603,1
2943,99,267.2,682.7,305.2,816.6,0.000,0.7698,1
2943,75,1284.8,704.9,1364.2,904.8,0.000,0.7501,1
2943,132,173.0,665.0,206.4,785.8,0.000,0.7584,1
2943,55,1168.9,716.1,1243.2,908.1,0.000,0.7078,1
2943,30,218.3,667.2,268.0,839.8,0.000,0.8139,1
2943,19,1061.4,713.6,1122.6,880.2,0.000,0.7309,1
2943,4,996.2,704.8,1095.4,922.6,0.000,0.8116,1
2944,2,1685.7,691.8,1732.0,854.8,0.000,0.7203,1
2944,10,1743.8,686.3,1785.2,872.2,0.000,0.7375,1
2944,9,306.3,679.1,349.9,830.1,0.000,0.7774,1
2944,14,1779.5,662.3,1825.0,866.4,0.000,0.7605,1
2944,99,268.1,683.0,306.2,816.0,0.000,0.7693,1
2944,75,1289.5,704.0,1368.7,904.4,0.000,0.7490,1
2944,132,172.0,665.3,205.1,785.5,0.000,0.7585,1
2944,55,1169.2,716.9,1246.2,908.2,0.000,0.7078,1
2944,30,220.1,667.8,269.1,838.3,0.000,0.8139,1
2944,19,1065.0,714.0,1126.3,882.4,0.000,0.7309,1
2944,4,1005.3,705.2,1102.3,923.2,0.000,0.8116,1
2945,2,1686.2,692.5,1732.0,854.7,0.000,0.7193,1
2945,10,1743.5,686.4,1785.0,872.3,0.000,0.7375,1
2945,9,306.3,679.7,349.6,829.9,0.000,0.7773,1
2945,14,1779.1,662.3,1824.8,865.4,0.000,0.7603,1
2945,99,268.6,682.7,306.9,816.2,0.000,0.7691,1
2945,75,1296.3,704.8,1375.9,904.3,0.000,0.7480,1
2945,132,171.5,664.8,204.8,785.8,0.000,0.7588,1
2945,55,1169.6,715.9,1249.2,907.8,0.000,0.7078,1
2945,30,221.7,669.4,269.9,837.5,0.000,0.8139,1
2945,4,1015.1,709.5,1110.5,924.0,0.000,0.8116,1
2946,10,1743.2,686.5,1784.9,873.2,0.000,0.7378,1
2946,9,305.5,679.9,348.8,830.0,0.000,0.7772,1
2946,14,1780.4,662.1,1825.7,862.7,0.000,0.7596,1
2946,99,268.2,681.2,306.8,816.0,0.000,0.7690,1
2946,75,1300.9,705.2,1382.1,904.6,0.000,0.7475,1
2946,132,169.1,663.6,202.6,785.6,0.000,0.7592,1
2946,55,1170.7,716.9,1252.1,907.6,0.000,0.7078,1
2946,30,222.9,669.9,270.7,836.8,0.000,0.8139,1
2946,4,1021.2,707.9,1118.4,923.6,0.000,0.8116,1
2946,1,1253.5,701.8,1332.9,886.4,0.000,0.7801,1
2947,10,1743.5,687.5,1785.0,873.2,0.000,0.7377,1
2947,9,304.1,679.5,347.6,830.5,0.000,0.7775,1
2947,14,1780.3,661.8,1825.7,862.2,0.000,0.7592,1
2947,99,267.4,681.6,305.8,815.8,0.000,0.7689,1
2947,75,1303.7,707.1,1385.7,903.6,0.000,0.7464,1
2947,132,166.2,662.0,200.2,785.4,0.000,0.7598,1
2947,55,1170.8,715.9,1254.4,907.2,0.000,0.7078,1
2947,30,222.0,670.6,270.0,837.0,0.000,0.8139,1
2947,4,1026.6,708.7,1125.6,923.1,0.000,0.8116,1
2947,1,1252.6,700.0,1328.5,887.6,0.000,0.7801,1
2947,17,129.3,667.3,154.8,777.0,0.000,0.7838,1
2948,10,1743.7,688.0,1785.4,873.5,0.000,0.7377,1
2948,9,303.3,679.7,346.7,830.3,0.000,0.7776,1
2948,14,1780.8,662.5,1825.9,861.9,0.000,0.7588,1
2948,99,268.1,683.1,306.2,815.7,0.000,0.7686,1
2948,75,1304.9,708.8,1387.8,903.9,0.000,0.7459,1
2948,132,162.4,661.4,197.7,786.2,0.000,0.7607,1
2948,55,1172.6,717.7,1256.7,907.0,0.000,0.7578,1
2948,30,220.2,671.7,268.7,837.3,0.000,0.8139,1
2948,4,1029.1,709.6,1129.9,922.9,0.000,0.8116,1
2948,1,1253.5,701.1,1326.1,888.3,0.000,0.7801,1
2949,10,1744.2,688.1,1786.1,874.0,0.000,0.7378,1
2949,9,302.9,680.2,346.0,830.1,0.000,0.7776,1
2949,14,1781.7,662.5,1826.5,861.5,0.000,0.7586,1
2949,99,269.0,684.1,306.8,815.9,0.000,0.7682,1
2949,75,1305.4,710.8,1388.8,903.7,0.000,0.7453,1
2949,132,166.6,663.3,200.8,784.7,0.000,0.7603,1
2949,55,1175.4,719.1,1259.3,906.3,0.000,0.7574,1
2949,30,220.2,673.9,269.2,837.6,0.000,0.7991,1
2949,4,1030.1,711.0,1132.3,921.9,0.000,0.8116,1
2949,1,1253.6,700.0,1323.8,888.2,0.000,0.7801,1
2950,10,1744.1,687.6,1786.3,874.4,0.000,0.7381,1
2950,9,303.2,681.4,345.7,829.5,0.000,0.7772,1
2950,14,1781.4,662.9,1826.0,861.5,0.000,0.7584,1
2950,99,268.8,684.8,306.5,816.0,0.000,0.7680,1
2950,75,1306.0,711.0,1390.4,903.4,0.000,0.7448,1
2950,132,168.5,662.7,202.7,784.5,0.000,0.7600,1
2950,55,1179.5,718.7,1263.6,906.3,0.000,0.7571,1
2950,30,220.9,675.4,269.9,837.7,0.000,0.7986,1
2950,4,1031.0,713.3,1134.5,921.7,0.000,0.8116,1
2950,1,1249.5,699.4,1317.1,887.7,0.000,0.7801,1
2951,10,1743.8,685.4,1786.4,874.0,0.000,0.7387,1
2951,9,303.5,680.7,346.1,829.4,0.000,0.7771,1
2951,14,1780.9,662.1,1825.5,861.4,0.000,0.7584,1
2951,99,268.9,684.6,306.6,816.0,0.000,0.7678,1
2951,75,1306.6,711.1,1391.6,903.0,0.000,0.7442,1
2951,132,168.1,662.3,202.6,784.4,0.000,0.7599,1
2951,55,1184.8,714.8,1269.5,905.9,0.000,0.7564,1
2951,30,222.0,676.9,270.9,838.0,0.000,0.7982,1
2951,4,1030.9,711.5,1137.2,921.9,0.000,0.8116,1
2951,1,1245.8,696.8,1311.6,889.3,0.000,0.7801,1
2952,9,303.9,681.0,346.2,829.0,0.000,0.7768,1
2952,14,1781.0,661.2,1825.7,861.2,0.000,0.7586,1
2952,99,269.1,684.5,306.5,815.8,0.000,0.7676,1
2952,75,1308.9,710.3,1394.4,902.8,0.000,0.7438,1
2952,132,167.1,661.1,201.7,784.1,0.000,0.7600,1
2952,55,1191.5,712.2,1276.5,906.8,0.000,0.7563,1
2952,30,223.8,676.3,272.9,838.3,0.000,0.7980,1
2952,4,1031.8,711.3,1139.5,921.9,0.000,0.8116,1
2952,1,1246.4,696.4,1309.8,888.6,0.000,0.7801,1
2953,9,303.9,680.0,346.2,828.0,0.000,0.7764,1
2953,14,1780.6,660.7,1825.4,861.8,0.000,0.7589,1
2953,99,269.7,685.0,306.5,815.1,0.000,0.7672,1
2953,75,1311.1,710.4,1396.4,902.6,0.000,0.7434,1
2953,132,166.8,661.0,201.0,784.0,0.000,0.7599,1
2953,55,1199.3,706.3,1284.7,906.7,0.000,0.7556,1
2953,30,225.0,676.5,273.7,838.2,0.000,0.7978,1
2953,4,1032.8,711.2,1140.3,921.2,0.000,0.8116,1
2953,1,1225.8,698.3,1293.2,900.0,0.000,0.7801,1
2953,19,1026.7,712.5,1092.3,896.8,0.000,0.7309,1
2953,10,1744.1,681.3,1787.6,873.9,0.000,0.7387,1
2954,9,304.4,679.6,346.8,827.9,0.000,0.7761,1
2954,14,1780.5,660.0,1825.3,861.7,0.000,0.7592,1
2954,99,270.3,685.1,306.7,814.6,0.000,0.7668,1
2954,75,1314.6,710.3,1398.6,900.9,0.000,0.7421,1
2954,132,167.0,662.7,200.2,784.3,0.000,0.7598,1
2954,30,226.0,677.9,274.4,839.0,0.000,0.7977,1
2954,1,1222.6,700.2,1289.2,896.4,0.000,0.7801,1
2954,10,1743.8,677.5,1788.1,873.6,0.000,0.7387,1
2955,9,305.0,679.5,347.1,826.2,0.000,0.7754,1
2955,14,1781.3,661.2,1825.7,861.3,0.000,0.7590,1
2955,99,270.5,685.2,306.6,814.5,0.000,0.7664,1
2955,75,1318.5,709.5,1401.8,901.1,0.000,0.7416,1
2955,132,167.8,662.1,200.7,783.7,0.000,0.7596,1
2955,30,225.9,675.7,275.1,839.3,0.000,0.7979,1
2955,1,1222.1,706.3,1288.6,902.7,0.000,0.7801,1
2955,10,1744.1,678.1,1788.2,873.6,0.000,0.7387,1
2955,4,1028.2,718.0,1124.9,916.2,0.000,0.8116,1
2955,19,1013.3,712.8,1073.7,888.9,0.000,0.7309,1
2956,9,306.0,679.4,347.4,823.0,0.000,0.7738,1
2956,14,1781.3,661.2,1825.8,861.6,0.000,0.7591,1
2956,99,271.1,685.1,307.0,814.6,0.000,0.7662,1
2956,75,1326.2,708.0,1408.8,899.7,0.000,0.7404,1
2956,132,168.2,661.0,201.0,784.0,0.000,0.7597,1
2956,30,227.0,674.4,276.2,838.7,0.000,0.7980,1
2956,1,1218.4,710.7,1285.7,907.2,0.000,0.7801,1
2956,10,1743.7,674.5,1788.8,873.6,0.000,0.7387,1
2956,19,1010.1,711.4,1068.1,886.2,0.000,0.7309,1
2957,9,306.6,679.6,346.4,817.1,0.000,0.7708,1
2957,14,1781.5,661.2,1825.9,861.7,0.000,0.7592,1
2957,99,271.4,684.7,307.2,814.2,0.000,0.7659,1
2957,75,1333.5,706.2,1415.7,899.9,0.000,0.7398,1
2957,132,168.1,660.5,201.1,785.2,0.000,0.7602,1
2957,30,228.6,674.1,277.7,838.3,0.000,0.7978,1
2957,1,1212.7,719.2,1278.2,894.3,0.000,0.7801,1
2957,10,1744.1,679.1,1788.3,873.6,0.000,0.7387,1
2957,19,1003.8,709.2,1060.2,884.7,0.000,0.7309,1
2957,55,1222.3,708.7,1304.3,905.9,0.000,0.7556,1
2958,9,306.7,680.5,344.6,809.7,0.000,0.7664,1
2958,14,1781.5,662.4,1826.1,863.4,0.000,0.7594,1
2958,99,271.4,683.8,307.3,815.0,0.000,0.7661,1
2958,75,1338.3,705.1,1419.6,899.6,0.000,0.7392,1
2958,132,170.0,660.4,203.4,785.4,0.000,0.7604,1
2958,1,1196.4,716.0,1263.5,891.5,0.000,0.7801,1
2958,10,1744.1,681.2,1787.9,874.0,0.000,0.7387,1
2958,19,997.8,708.9,1053.2,883.5,0.000,0.7309,1
2958,55,1229.7,713.5,1309.7,905.8,0.000,0.7556,1
2959,9,308.0,680.6,344.2,802.2,0.000,0.7608,1
2959,14,1781.6,663.1,1826.5,864.3,0.000,0.7595,1
2959,99,271.4,682.1,308.1,816.7,0.000,0.7670,1
2959,75,1341.1,704.8,1421.3,899.6,0.000,0.7387,1
2959,132,170.1,661.3,203.3,784.6,0.000,0.7602,1
2959,10,1744.1,682.4,1787.4,872.9,0.000,0.7387,1
2959,19,988.4,710.8,1044.5,884.3,0.000,0.7309,1
2959,55,1234.8,714.1,1315.6,905.7,0.000,0.7556,1
2959,30,232.5,675.0,281.1,837.4,0.000,0.7978,1
2960,9,309.6,680.3,344.5,794.6,0.000,0.7546,1
2960,14,1781.3,663.0,1826.6,864.9,0.000,0.7596,1
2960,99,272.6,682.0,307.6,810.6,0.000,0.7653,1
2960,75,1345.5,705.2,1424.7,899.9,0.000,0.7385,1
2960,132,168.4,660.2,201.7,784.6,0.000,0.7604,1
2960,19,979.6,711.2,1036.7,883.8,0.000,0.7309,1
2960,55,1239.8,716.6,1321.5,905.1,0.000,0.7556,1
2960,30,235.7,674.9,283.1,834.2,0.000,0.7978,1
2961,9,310.7,680.5,342.8,782.8,0.000,0.7454,1
2961,14,1781.1,662.5,1827.2,865.6,0.000,0.7599,1
2961,99,274.4,682.5,307.5,803.8,0.000,0.7620,1
2961,75,1350.5,706.1,1428.7,899.8,0.000,0.7380,1
2961,132,169.1,661.8,202.1,784.2,0.000,0.7600,1
2961,19,971.5,712.5,1030.2,884.6,0.000,0.7309,1
2961,55,1242.4,718.3,1325.6,905.2,0.000,0.7556,1
2961,30,236.7,675.3,282.7,829.3,0.000,0.7978,1
2962,9,311.6,680.5,341.8,773.0,0.000,0.7349,1
2962,14,1781.0,662.8,1827.2,865.6,0.000,0.7598,1
2962,99,276.4,683.2,307.5,797.0,0.000,0.7572,1
2962,75,1355.0,706.6,1432.6,899.3,0.000,0.7374,1
2962,132,169.4,661.2,203.0,784.6,0.000,0.7601,1
2962,19,965.5,714.8,1024.7,884.7,0.000,0.7309,1
2962,55,1244.0,721.3,1328.3,905.5,0.000,0.7556,1
2962,30,239.0,675.9,281.9,817.1,0.000,0.7978,1
2962,10,1744.0,679.3,1788.3,873.7,0.000,0.7387,1
2963,9,312.8,680.7,341.0,763.9,0.000,0.7231,1
2963,14,1780.7,660.2,1826.9,863.6,0.000,0.7599,1
2963,99,277.7,683.0,306.9,789.3,0.000,0.7515,1
2963,75,1359.1,707.3,1436.3,898.9,0.000,0.7368,1
2963,132,169.4,660.0,204.0,785.5,0.000,0.7605,1
2963,164,1677.0,692.6,1710.3,831.5,0.000,0.7044,1
2963,19,960.9,715.8,1021.0,885.1,0.000,0.7309,1
2963,55,1244.8,722.8,1330.5,906.0,0.000,0.7556,1
2963,30,238.6,677.6,278.2,804.9,0.000,0.7978,1
2963,10,1743.7,677.2,1788.5,873.9,0.000,0.7387,1
2964,9,313.6,680.7,340.1,756.6,0.000,0.7112,1
2964,14,1780.7,660.6,1826.5,862.5,0.000,0.7596,1
2964,99,280.0,682.8,305.7,774.2,0.000,0.7412,1
2964,75,1362.9,710.3,1439.0,898.9,0.000,0.7362,1
2964,132,169.4,659.3,204.4,785.3,0.000,0.7607,1
2964,164,1677.5,692.9,1710.6,831.5,0.000,0.7042,1
2964,19,956.9,714.9,1018.2,885.4,0.000,0.7309,1
2964,55,1245.4,723.2,1332.6,906.3,0.000,0.7556,1
2964,30,241.3,678.9,279.1,798.5,0.000,0.7978,1
2964,10,1744.1,679.6,1788.0,872.9,0.000,0.7387,1
2965,9,315.9,681.0,339.1,744.4,0.000,0.6970,1
2965,14,1780.6,660.4,1826.0,861.3,0.000,0.7593,1
2965,99,281.2,682.8,304.6,763.8,0.000,0.7299,1
2965,75,1365.6,711.5,1441.7,899.5,0.000,0.7361,1
2965,132,169.4,660.5,204.2,784.9,0.000,0.7606,1
2965,164,1677.7,692.4,1710.8,831.7,0.000,0.7042,1
2965,19,954.4,712.7,1016.8,885.6,0.000,0.7309,1
2965,55,1247.7,722.9,1336.0,906.6,0.000,0.7556,1
2965,30,243.1,679.7,280.3,794.2,0.000,0.7978,1
2965,10,1744.2,680.8,1787.7,872.3,0.000,0.7387,1
2966,9,317.5,680.8,338.7,736.0,0.000,0.6836,1
2966,14,1780.3,660.5,1825.7,861.4,0.000,0.7593,1
2966,99,282.4,682.8,304.1,754.8,0.000,0.7178,1
2966,75,1367.4,714.4,1442.3,898.6,0.000,0.7352,1
2966,132,167.6,660.1,201.8,783.6,0.000,0.7603,1
2966,164,1677.4,692.2,1710.5,831.8,0.000,0.7043,1
2966,19,953.7,716.0,1014.2,884.1,0.000,0.7309,1
2966,55,1251.8,722.5,1339.8,905.7,0.000,0.7556,1
2966,10,1743.8,679.3,1787.4,871.8,0.000,0.7387,1
2967,9,318.1,680.6,338.0,729.0,0.000,0.6709,1
2967,14,1780.4,661.0,1825.3,860.9,0.000,0.7590,1
2967,99,284.1,682.9,302.7,740.4,0.000,0.7032,1
2967,75,1367.8,715.6,1442.6,899.8,0.000,0.7355,1
2967,132,166.8,660.2,200.2,782.5,0.000,0.7598,1
2967,164,1677.4,692.1,1710.4,831.9,0.000,0.7044,1
2967,19,950.9,711.1,1012.8,885.3,0.000,0.7309,1
2967,55,1257.1,721.2,1344.3,905.4,0.000,0.7556,1
2967,10,1744.1,680.5,1787.5,871.8,0.000,0.7387,1
2967,17,130.0,667.0,156.4,774.7,0.000,0.7838,1
2968,9,318.6,680.6,337.5,722.9,0.000,0.6589,1
2968,14,1780.7,662.0,1825.0,861.1,0.000,0.7588,1
2968,99,283.9,683.1,301.3,733.4,0.000,0.6902,1
2968,75,1369.4,711.0,1444.6,898.1,0.000,0.7349,1
2968,132,165.9,661.0,198.7,782.4,0.000,0.7595,1
2968,164,1676.6,692.7,1709.6,831.7,0.000,0.7042,1
2968,153,1127.9,703.9,1217.8,922.2,0.000,0.7825,1
2968,19,947.7,706.8,1009.9,886.3,0.000,0.7309,1
2968,55,1263.9,720.9,1349.0,904.5,0.000,0.7556,1
2968,10,1744.7,683.5,1787.6,871.7,0.000,0.7387,1
2969,9,317.0,680.8,336.0,720.0,0.000,0.6483,1
2969,14,1780.7,661.6,1824.9,861.1,0.000,0.7588,1
2969,99,284.1,682.8,300.2,726.0,0.000,0.6774,1
2969,75,1372.3,712.1,1446.4,898.5,0.000,0.7347,1
2969,132,166.4,661.5,198.6,781.7,0.000,0.7589,1
2969,164,1676.0,692.8,1709.0,831.7,0.000,0.7040,1
2969,153,1131.8,705.7,1221.9,921.1,0.000,0.7820,1
2969,19,946.0,704.2,1007.6,886.6,0.000,0.7309,1
2969,55,1271.7,716.3,1355.7,903.7,0.000,0.7556,1
2969,10,1745.0,685.2,1787.7,871.7,0.000,0.7387,1
2970,9,314.7,679.9,334.1,716.9,0.000,0.6388,1
2970,14,1781.2,661.2,1825.0,860.3,0.000,0.7587,1
2970,99,283.2,681.6,298.9,720.8,0.000,0.6659,1
2970,75,1377.0,713.4,1448.4,894.7,0.000,0.7322,1
2970,132,166.7,661.5,198.6,781.5,0.000,0.7584,1
2970,164,1675.4,693.9,1708.2,831.3,0.000,0.7033,1
2970,153,1137.0,708.7,1225.8,920.2,0.000,0.7811,1
2970,19,946.0,707.9,1004.2,885.4,0.000,0.7476,1
2970,55,1280.3,714.2,1361.7,902.9,0.000,0.7556,1
2970,10,1745.1,686.4,1787.7,872.2,0.000,0.7387,1
2971,9,315.0,679.3,334.3,713.5,0.000,0.6298,1
2971,14,1781.3,659.5,1825.3,860.7,0.000,0.7592,1
2971,75,1382.7,711.7,1453.1,891.8,0.000,0.7293,1
2971,132,167.2,662.7,197.6,777.7,0.000,0.7566,1
2971,164,1675.3,694.4,1708.1,831.3,0.000,0.7027,1
2971,153,1144.0,709.5,1230.8,918.1,0.000,0.7793,1
2971,19,945.6,710.0,1000.7,884.7,0.000,0.7469,1
2971,171,982.2,723.5,1050.5,888.7,0.000,0.7524,1
2971,55,1287.2,713.4,1366.7,902.8,0.000,0.7556,1
2971,10,1745.0,687.0,1787.6,872.2,0.000,0.7387,1
2971,1,1118.5,696.7,1191.7,888.7,0.000,0.7801,1
2972,9,315.1,678.9,335.0,712.1,0.000,0.6219,1
2972,14,1781.4,659.9,1825.0,860.3,0.000,0.7593,1
2972,164,1673.9,694.1,1707.3,831.5,0.000,0.7024,1
2972,19,946.9,709.4,1001.4,885.4,0.000,0.7471,1
2972,171,973.9,715.4,1044.2,887.4,0.000,0.7513,1
2972,10,1744.9,687.4,1787.5,871.6,0.000,0.7387,1
2972,1,1113.3,697.7,1188.2,890.3,0.000,0.7801,1
2973,9,315.1,678.5,334.3,708.9,0.000,0.6143,1
2973,14,1781.4,659.6,1824.9,859.8,0.000,0.7594,1
2973,164,1674.4,693.9,1708.2,832.2,0.000,0.7025,1
2973,19,945.0,711.3,997.9,885.5,0.000,0.7472,1
2973,171,967.6,720.4,1034.4,886.2,0.000,0.7502,1
2973,10,1744.9,687.7,1787.5,872.0,0.000,0.7387,1
2973,1,1115.8,699.9,1201.4,906.6,0.000,0.7801,1
2973,55,1299.9,715.6,1377.8,903.2,0.000,0.7556,1
2974,9,314.6,678.9,334.1,708.2,0.000,0.6078,1
2974,14,1781.3,660.3,1824.7,860.0,0.000,0.7594,1
2974,164,1676.9,693.7,1710.3,832.1,0.000,0.7024,1
2974,19,941.9,711.2,994.4,887.3,0.000,0.7488,1
2974,171,961.3,722.4,1026.1,886.9,0.000,0.7504,1
2974,10,1744.9,688.6,1787.4,872.0,0.000,0.7387,1
2974,1,1114.1,701.4,1205.8,911.0,0.000,0.7801,1
2974,55,1306.7,716.4,1384.9,903.9,0.000,0.7556,1
2974,75,1392.1,708.9,1461.7,889.1,0.000,0.7293,1
2974,153,1174.3,711.0,1250.4,899.1,0.000,0.7793,1
2975,9,315.8,679.3,334.8,706.5,0.000,0.6015,1
2975,14,1781.2,661.2,1824.3,859.8,0.000,0.7591,1
2975,19,935.4,709.9,986.7,884.4,0.000,0.7482,1
2975,171,955.5,724.9,1017.5,886.1,0.000,0.7501,1
2975,10,1744.9,689.4,1787.3,872.0,0.000,0.7387,1
2975,1,1108.7,702.2,1198.3,900.5,0.000,0.7801,1
2975,55,1312.5,714.7,1392.8,904.1,0.000,0.7556,1
2975,75,1393.9,706.7,1462.9,888.1,0.000,0.7293,1
2975,153,1180.1,709.7,1257.9,908.3,0.000,0.7793,1
2976,14,1780.8,660.4,1824.3,859.9,0.000,0.7593,1
2976,19,929.3,710.2,980.4,883.3,0.000,0.7477,1
2976,171,950.1,725.0,1011.5,888.1,0.000,0.7519,1
2976,10,1744.7,689.5,1787.0,871.8,0.000,0.7387,1
2976,1,1103.8,702.1,1194.0,896.5,0.000,0.7801,1
2976,55,1316.1,715.0,1398.1,903.4,0.000,0.7556,1
2976,75,1396.7,705.5,1464.6,887.1,0.000,0.7293,1
2976,153,1184.1,709.0,1260.4,909.7,0.000,0.7793,1
2977,14,1781.2,661.7,1824.5,859.7,0.000,0.7590,1
2977,19,924.8,712.8,977.8,883.4,0.000,0.7476,1
2977,171,946.7,722.8,1007.8,888.0,0.000,0.7530,1
2977,10,1744.8,689.8,1787.3,872.3,0.000,0.7369,1
2977,1,1101.3,701.9,1192.0,893.4,0.000,0.7801,1
2977,55,1318.1,715.5,1402.0,903.0,0.000,0.7556,1
2977,75,1400.8,705.5,1467.5,887.2,0.000,0.7293,1
2977,153,1190.8,709.1,1267.0,912.8,0.000,0.7793,1
2978,14,1781.6,664.2,1824.4,860.5,0.000,0.7585,1
2978,19,916.1,712.6,970.7,883.4,0.000,0.7481,1
2978,171,942.3,715.9,1005.2,890.1,0.000,0.7554,1
2978,10,1744.8,689.9,1787.4,872.3,0.000,0.7365,1
2978,1,1097.7,701.1,1189.1,892.2,0.000,0.7801,1
2978,55,1319.1,717.6,1404.4,903.3,0.000,0.7556,1
2978,153,1199.3,707.8,1277.9,914.8,0.000,0.7793,1
2979,14,1780.8,662.2,1823.9,859.9,0.000,0.7585,1
2979,19,911.5,711.6,967.6,884.1,0.000,0.7492,1
2979,171,940.6,715.5,1002.6,890.1,0.000,0.7566,1
2979,10,1744.8,688.9,1787.6,872.1,0.000,0.7365,1
2979,1,1093.4,700.5,1185.1,892.5,0.000,0.7801,1
2979,55,1320.6,721.4,1406.8,903.8,0.000,0.7556,1
2979,153,1204.9,707.8,1285.6,914.6,0.000,0.7793,1
2979,75,1411.1,714.1,1476.1,886.8,0.000,0.7293,1
2980,14,1780.4,660.7,1824.1,860.4,0.000,0.7590,1
2980,19,904.1,711.9,960.6,883.2,0.000,0.7496,1
2980,171,938.9,718.4,999.3,890.1,0.000,0.7576,1
2980,10,1744.8,689.4,1787.5,871.9,0.000,0.7361,1
2980,1,1089.3,700.3,1179.9,893.0,0.000,0.7801,1
2980,55,1321.7,722.3,1409.6,904.1,0.000,0.7556,1
2980,153,1208.2,710.0,1290.4,914.2,0.000,0.7793,1
2980,75,1414.5,717.1,1480.7,887.4,0.000,0.7293,1
2981,14,1780.6,661.7,1824.0,860.3,0.000,0.7588,1
2981,19,898.8,710.3,957.0,884.4,0.000,0.7512,1
2981,171,934.8,720.0,995.0,889.7,0.000,0.7583,1
2981,10,1744.5,689.7,1786.9,871.4,0.000,0.7356,1
2981,1,1085.5,698.8,1174.1,892.2,0.000,0.7801,1
2981,55,1322.7,722.4,1412.1,904.1,0.000,0.7556,1
2981,153,1208.6,710.6,1292.9,914.3,0.000,0.7793,1
2981,75,1416.9,718.0,1484.8,887.7,0.000,0.7293,1
2982,14,1780.8,662.8,1823.8,859.9,0.000,0.7584,1
2982,19,896.7,713.9,956.4,886.3,0.000,0.7534,1
2982,171,931.6,719.3,992.9,890.6,0.000,0.7597,1
2982,10,1744.4,689.7,1786.6,870.9,0.000,0.7351,1
2982,1,1081.1,697.6,1167.3,891.9,0.000,0.7801,1
2982,55,1325.5,723.2,1415.2,904.0,0.000,0.7556,1
2982,153,1209.0,711.7,1295.3,914.3,0.000,0.7793,1
2982,75,1416.7,717.1,1486.6,887.8,0.000,0.7293,1
2982,164,1673.3,694.7,1707.4,833.2,0.000,0.7024,1
2983,14,1780.6,660.9,1824.1,860.4,0.000,0.7588,1
2983,171,914.8,716.6,980.8,889.2,0.000,0.7604,1
2983,10,1744.5,689.9,1786.6,870.2,0.000,0.7345,1
2983,1,1075.8,696.7,1158.8,891.7,0.000,0.7801,1
2983,55,1333.8,723.4,1424.0,902.9,0.000,0.7556,1
2983,153,1210.8,712.3,1299.1,913.6,0.000,0.7793,1
2983,75,1417.2,716.2,1489.0,888.2,0.000,0.7293,1
2983,164,1672.4,695.9,1706.5,832.8,0.000,0.7024,1
2984,14,1780.5,663.6,1823.4,860.3,0.000,0.7583,1
2984,171,904.4,711.1,976.6,889.3,0.000,0.7614,1
2984,10,1744.6,689.7,1786.2,867.9,0.000,0.7335,1
2984,1,1071.3,696.3,1151.4,892.1,0.000,0.7801,1
2984,55,1336.6,723.6,1425.6,903.1,0.000,0.7556,1
2984,153,1211.3,713.2,1301.4,913.6,0.000,0.7793,1
2984,75,1417.6,716.6,1490.5,888.4,0.000,0.7293,1
2984,164,1671.9,695.8,1706.5,832.9,0.000,0.7024,1
2985,14,1779.3,662.6,1822.8,860.4,0.000,0.7584,1
2985,171,900.8,715.9,975.0,888.3,0.000,0.7613,1
2985,10,1744.6,689.1,1786.3,868.0,0.000,0.7332,1
2985,1,1066.8,697.7,1145.0,893.2,0.000,0.7801,1
2985,55,1341.6,722.3,1428.1,901.6,0.000,0.7556,1
2985,153,1211.9,713.4,1303.5,913.8,0.000,0.7793,1
2985,75,1417.4,716.3,1491.3,888.3,0.000,0.7293,1
2985,164,1670.9,696.2,1705.8,832.6,0.000,0.7024,1
2986,14,1775.5,663.0,1820.8,865.4,0.000,0.7594,1
2986,171,898.2,716.2,975.9,889.0,0.000,0.7621,1
2986,10,1743.6,690.0,1785.1,868.7,0.000,0.7331,1
2986,1,1059.9,697.7,1137.3,892.6,0.000,0.7403,1
2986,55,1349.2,718.5,1434.6,901.2,0.000,0.7556,1
2986,153,1214.0,713.2,1306.7,914.2,0.000,0.7793,1
2986,75,1419.1,715.5,1493.7,888.0,0.000,0.7293,1
2986,164,1669.9,695.7,1705.5,832.8,0.000,0.7024,1
2987,14,1774.7,662.8,1821.1,867.0,0.000,0.7599,1
2987,171,894.0,712.2,975.7,889.2,0.000,0.7629,1
2987,10,1743.7,690.7,1784.9,869.0,0.000,0.7328,1
2987,1,1050.8,698.2,1128.7,892.4,0.000,0.7411,1
2987,55,1358.7,715.6,1441.5,900.4,0.000,0.7556,1
2987,153,1217.8,713.0,1310.1,913.6,0.000,0.7793,1
2987,75,1421.0,713.7,1495.8,887.3,0.000,0.7293,1
2987,164,1669.2,695.6,1705.3,832.7,0.000,0.7024,1
2988,14,1772.8,662.9,1820.2,868.2,0.000,0.7603,1
2988,171,889.9,709.0,974.8,890.1,0.000,0.7644,1
2988,10,1743.8,691.3,1784.6,868.2,0.000,0.7323,1
2988,1,1042.2,698.0,1121.8,891.4,0.000,0.7415,1
2988,55,1367.5,716.3,1446.9,900.3,0.000,0.7417,1
2988,153,1224.6,711.1,1316.2,913.2,0.000,0.7793,1
2988,75,1423.1,712.0,1498.0,887.3,0.000,0.7293,1
2988,164,1671.2,695.4,1707.3,832.5,0.000,0.7024,1
2989,14,1773.1,662.8,1821.3,868.1,0.000,0.7602,1
2989,171,892.6,710.9,976.3,891.1,0.000,0.7655,1
2989,10,1743.9,692.4,1784.3,867.5,0.000,0.7314,1
2989,1,1036.4,699.2,1117.4,890.3,0.000,0.7413,1
2989,55,1373.8,717.2,1451.1,901.5,0.000,0.7415,1
2989,153,1232.2,709.8,1322.5,912.6,0.000,0.7640,1
2989,75,1428.3,711.8,1501.2,884.9,0.000,0.7293,1
2989,164,1672.8,695.5,1708.6,832.7,0.000,0.7024,1
2989,19,876.7,711.9,934.3,886.1,0.000,0.7534,1
2990,14,1773.2,662.7,1822.2,868.1,0.000,0.7601,1
2990,171,887.8,709.6,971.4,891.9,0.000,0.7672,1
2990,10,1744.0,691.0,1784.6,867.5,0.000,0.7314,1
2990,1,1032.0,699.4,1115.6,890.6,0.000,0.7416,1
2990,55,1379.4,717.8,1455.3,902.1,0.000,0.7414,1
2990,153,1241.5,709.6,1328.9,911.9,0.000,0.7630,1
2990,75,1432.0,711.3,1503.0,883.1,0.000,0.7293,1
2990,164,1672.2,695.5,1707.9,832.3,0.000,0.7024,1
2990,19,874.6,708.2,930.2,884.2,0.000,0.7534,1
2991,14,1776.5,662.8,1825.0,866.0,0.000,0.7596,1
2991,171,879.8,708.2,963.1,891.4,0.000,0.7684,1
2991,10,1743.9,690.4,1785.0,869.8,0.000,0.7323,1
2991,1,1028.0,701.1,1113.5,891.3,0.000,0.7421,1
2991,55,1385.6,718.9,1461.0,901.8,0.000,0.7411,1
2991,153,1251.6,709.9,1334.6,909.2,0.000,0.7607,1
2991,75,1442.2,709.9,1513.9,882.6,0.000,0.7293,1
2992,14,1778.3,663.0,1826.9,865.6,0.000,0.7592,1
2992,171,874.0,712.2,953.8,891.0,0.000,0.7690,1
2992,10,1744.0,690.2,1785.1,869.9,0.000,0.7327,1
2992,1,1023.5,702.3,1111.4,892.3,0.000,0.7432,1
2992,55,1389.8,720.4,1465.5,901.9,0.000,0.7411,1
2992,153,1261.0,709.7,1341.8,910.7,0.000,0.7602,1
2992,75,1448.0,709.0,1520.2,882.7,0.000,0.7293,1
2992,19,875.6,707.4,933.8,887.5,0.000,0.7534,1
2993,14,1779.6,662.9,1828.1,864.8,0.000,0.7589,1
2993,10,1744.1,690.2,1785.2,870.0,0.000,0.7329,1
2993,1,1018.9,701.1,1109.0,892.2,0.000,0.7442,1
2993,55,1392.9,721.8,1469.3,902.0,0.000,0.7412,1
2993,153,1267.0,709.6,1345.0,910.0,0.000,0.7591,1
2993,75,1446.5,706.7,1516.8,880.5,0.000,0.7293,1
2993,19,871.6,707.1,931.2,889.3,0.000,0.7534,1
2993,164,1674.9,696.1,1709.7,832.6,0.000,0.7024,1
2994,14,1781.0,663.7,1829.1,863.4,0.000,0.7583,1
2994,10,1744.7,691.1,1785.2,868.6,0.000,0.7324,1
2994,1,1014.4,700.7,1105.6,892.8,0.000,0.7456,1
2994,55,1395.4,722.8,1473.2,902.4,0.000,0.7417,1
2994,153,1272.5,708.9,1349.2,909.0,0.000,0.7577,1
2994,75,1448.9,706.6,1517.7,880.5,0.000,0.7100,1
2994,19,877.7,717.9,932.9,890.7,0.000,0.7534,1
2994,164,1676.0,695.0,1710.5,833.8,0.000,0.7024,1
2995,14,1780.5,664.5,1828.4,863.8,0.000,0.7580,1
2995,10,1744.8,690.8,1784.8,866.4,0.000,0.7315,1
2995,1,1009.9,699.8,1101.3,893.1,0.000,0.7471,1
2995,55,1396.4,722.5,1476.1,903.4,0.000,0.7426,1
2995,153,1279.5,709.6,1356.5,909.0,0.000,0.7567,1
2995,75,1454.6,707.0,1522.8,882.0,0.000,0.7105,1
2995,19,871.0,711.8,928.1,891.2,0.000,0.7534,1
2995,164,1677.0,694.8,1710.8,833.1,0.000,0.7024,1
2996,14,1780.2,664.3,1828.2,864.3,0.000,0.7579,1
2996,10,1745.5,690.7,1783.9,859.7,0.000,0.7287,1
2996,1,1005.5,698.4,1096.1,893.4,0.000,0.7487,1
2996,55,1398.2,721.3,1479.3,902.5,0.000,0.7425,1
2996,153,1284.3,710.3,1362.3,908.9,0.000,0.7560,1
2996,75,1454.3,707.0,1519.2,879.5,0.000,0.7092,1
2996,19,871.4,721.3,924.5,890.0,0.000,0.7534,1
2996,164,1676.8,693.8,1710.5,833.1,0.000,0.7024,1
2996,132,167.5,654.7,196.4,758.4,0.000,0.7566,1
2997,14,1779.6,663.9,1827.7,864.8,0.000,0.7581,1
2997,10,1745.8,691.0,1783.6,856.6,0.000,0.7266,1
2997,1,1001.5,698.2,1090.1,893.6,0.000,0.7502,1
2997,55,1399.8,719.9,1482.2,902.1,0.000,0.7423,1
2997,153,1286.7,711.3,1366.2,909.5,0.000,0.7559,1
2997,75,1457.2,707.3,1519.9,879.2,0.000,0.7086,1
2997,164,1676.4,693.8,1710.0,833.1,0.000,0.7024,1
2997,132,167.3,654.9,199.2,770.0,0.000,0.7566,1
2997,171,849.6,720.6,924.6,890.1,0.000,0.7690,1
2998,14,1779.5,663.8,1827.3,864.7,0.000,0.7581,1
2998,10,1745.6,690.6,1783.1,854.9,0.000,0.7253,1
2998,1,996.6,698.1,1082.4,893.9,0.000,0.7517,1
2998,55,1402.7,720.4,1484.7,902.2,0.000,0.7422,1
2998,153,1288.4,712.9,1369.4,910.2,0.000,0.7562,1
2998,75,1461.2,710.2,1522.1,881.1,0.000,0.7090,1
2998,164,1677.2,694.6,1710.3,832.8,0.000,0.7024,1
2998,132,164.1,656.0,198.8,778.4,0.000,0.7566,1
2998,171,845.1,721.0,920.0,889.3,0.000,0.7690,1
2999,14,1779.4,663.9,1826.9,864.4,0.000,0.7580,1
2999,10,1745.3,690.7,1782.8,854.5,0.000,0.7245,1
2999,1,990.2,696.9,1073.2,893.6,0.000,0.7530,1
2999,55,1408.0,720.5,1488.4,900.5,0.000,0.7409,1
2999,153,1288.8,713.1,1372.3,911.0,0.000,0.7568,1
2999,75,1466.6,709.3,1524.9,875.3,0.000,0.7057,1
2999,164,1677.3,694.3,1710.2,832.7,0.000,0.7024,1
2999,132,161.7,656.6,198.3,782.0,0.000,0.7566,1
2999,171,841.7,720.3,917.6,889.1,0.000,0.7690,1
3000,14,1778.0,663.4,1825.9,865.3,0.000,0.7583,1
3000,10,1744.9,689.3,1783.6,860.0,0.000,0.7263,1
3000,1,985.9,695.7,1066.7,893.7,0.000,0.7544,1
3000,55,1414.3,720.0,1493.0,898.8,0.000,0.7390,1
3000,153,1289.7,713.4,1374.9,910.6,0.000,0.7569,1
3000,75,1467.4,709.7,1525.5,877.0,0.000,0.7053,1
3000,164,1678.0,694.0,1711.0,832.9,0.000,0.7024,1
3000,132,158.1,656.5,196.2,783.1,0.000,0.7566,1
3000,171,845.9,718.0,921.9,889.0,0.000,0.7690,1
3000,19,864.1,722.9,917.4,889.1,0.000,0.7534,1
3001,14,1778.0,663.3,1826.1,865.6,0.000,0.7585,1
3001,10,1744.8,689.4,1783.8,862.1,0.000,0.7276,1
3001,1,981.5,695.9,1059.8,892.8,0.000,0.7550,1
3001,55,1421.9,718.5,1499.3,898.4,0.000,0.7376,1
3001,153,1290.8,714.2,1377.3,910.7,0.000,0.7572,1
3001,75,1472.4,703.4,1531.0,874.6,0.000,0.7040,1
3001,164,1678.3,693.0,1711.6,832.8,0.000,0.7024,1
3001,132,159.4,656.4,197.7,782.1,0.000,0.7566,1
3001,171,845.7,722.2,920.3,889.1,0.000,0.7690,1
3002,14,1779.0,663.3,1827.2,865.3,0.000,0.7585,1
3002,10,1744.3,688.9,1784.1,866.8,0.000,0.7301,1
3002,1,976.2,696.1,1053.4,893.3,0.000,0.7561,1
3002,55,1430.2,717.8,1504.3,895.9,0.000,0.7351,1
3002,153,1292.2,713.6,1380.4,911.4,0.000,0.7578,1
3002,75,1478.0,713.0,1531.9,872.9,0.000,0.7014,1
3002,203,288.2,680.7,363.9,831.5,0.000,0.7763,1
3002,164,1679.1,695.0,1711.4,831.6,0.000,0.7024,1
3002,132,159.4,658.0,198.4,783.3,0.000,0.7566,1
3002,171,840.6,723.2,916.3,889.4,0.000,0.7690,1
3003,14,1779.0,663.6,1827.1,865.3,0.000,0.7585,1
3003,10,1744.3,689.9,1784.0,867.9,0.000,0.7314,1
3003,1,967.9,695.6,1045.8,893.0,0.000,0.7572,1
3003,55,1437.1,718.7,1508.3,895.9,0.000,0.7337,1
3003,153,1297.1,713.3,1386.0,912.4,0.000,0.7587,1
3003,75,1481.3,713.1,1535.2,874.9,0.000,0.7011,1
3003,203,288.9,680.6,361.8,831.5,0.000,0.7773,1
3003,164,1679.9,696.1,1712.0,831.0,0.000,0.7024,1
3003,132,160.7,658.4,199.7,783.7,0.000,0.7566,1
3003,171,830.1,725.3,908.5,889.6,0.000,0.7690,1
3004,14,1778.8,663.7,1827.1,865.8,0.000,0.7586,1
3004,10,1744.6,691.3,1783.5,867.0,0.000,0.7313,1
3004,1,960.7,696.2,1040.0,892.7,0.000,0.7581,1
3004,55,1443.7,719.3,1513.1,897.0,0.000,0.7332,1
3004,153,1303.8,712.3,1392.0,911.5,0.000,0.7584,1
3004,75,1488.3,713.4,1540.7,870.9,0.000,0.6981,1
3004,203,290.3,679.5,361.2,831.1,0.000,0.7780,1
3004,132,162.6,657.5,201.4,783.7,0.000,0.7566,1
3004,171,823.0,722.2,905.6,889.5,0.000,0.7690,1
3005,14,1778.5,663.9,1827.0,865.8,0.000,0.7585,1
3005,10,1744.6,692.0,1783.2,866.6,0.000,0.7311,1
3005,1,953.2,696.5,1035.0,892.5,0.000,0.7590,1
3005,55,1452.1,716.1,1522.6,897.4,0.000,0.7331,1
3005,153,1310.5,712.8,1396.7,910.4,0.000,0.7577,1
3005,203,291.9,679.6,360.4,831.3,0.000,0.7785,1
3005,132,162.3,657.1,201.2,783.8,0.000,0.7566,1
3005,171,816.8,714.7,905.2,889.5,0.000,0.7690,1
3006,14,1777.1,663.9,1825.7,866.5,0.000,0.7586,1
3006,10,1744.5,696.0,1782.7,869.2,0.000,0.7308,1
3006,1,948.5,698.2,1032.3,892.8,0.000,0.7599,1
3006,55,1458.5,712.4,1530.9,897.7,0.000,0.7334,1
3006,153,1319.8,713.1,1403.3,909.7,0.000,0.7568,1
3006,203,292.6,679.2,358.7,830.4,0.000,0.7786,1
3006,132,162.2,657.6,201.2,785.9,0.000,0.7566,1
3006,171,813.1,709.8,905.3,889.9,0.000,0.7690,1
3007,14,1776.4,663.5,1825.3,866.9,0.000,0.7588,1
3007,10,1744.6,697.7,1782.6,870.5,0.000,0.7306,1
3007,1,945.3,700.8,1030.9,893.0,0.000,0.7604,1
3007,55,1461.0,706.7,1536.1,897.6,0.000,0.7340,1
3007,153,1327.7,711.6,1410.0,909.0,0.000,0.7557,1
3007,203,293.2,679.0,357.4,830.2,0.000,0.7787,1
3007,132,161.9,657.7,201.1,785.9,0.000,0.7566,1
3007,171,812.4,715.3,902.2,888.0,0.000,0.7690,1
3008,14,1776.9,663.2,1825.3,865.8,0.000,0.7587,1
3008,10,1744.3,697.9,1782.5,871.8,0.000,0.7307,1
3008,1,941.9,701.4,1029.6,892.4,0.000,0.7607,1
3008,55,1464.0,707.0,1540.1,897.9,0.000,0.7346,1
3008,153,1336.3,709.7,1417.5,908.9,0.000,0.7549,1
3008,203,292.6,678.0,355.6,830.2,0.000,0.7789,1
3008,132,162.5,657.0,202.2,785.5,0.000,0.7566,1
3008,171,806.6,708.8,898.1,886.8,0.000,0.7690,1
3009,14,1777.0,662.9,1825.1,865.5,0.000,0.7586,1
3009,10,1743.7,693.9,1782.6,871.7,0.000,0.7313,1
3009,1,939.5,701.8,1028.8,892.3,0.000,0.7609,1
3009,55,1465.8,707.4,1542.6,897.6,0.000,0.7347,1
3009,153,1344.0,707.9,1423.4,908.6,0.000,0.7539,1
3009,203,294.2,678.8,355.3,830.6,0.000,0.7789,1
3009,212,711.9,726.7,734.6,802.6,0.000,0.5893,1
3009,132,162.9,656.6,203.2,784.7,0.000,0.7566,1
3009,171,801.8,709.6,891.0,886.5,0.000,0.7690,1
3010,14,1776.7,662.5,1824.9,865.7,0.000,0.7588,1
3010,10,1743.7,691.7,1782.9,871.2,0.000,0.7319,1
3010,1,935.4,699.5,1026.4,892.1,0.000,0.7616,1
3010,55,1466.6,707.3,1544.3,897.1,0.000,0.7347,1
3010,153,1349.3,707.4,1427.8,909.6,0.000,0.7538,1
3010,203,295.0,677.5,355.2,830.8,0.000,0.7791,1
3010,212,711.9,726.8,734.5,802.6,0.000,0.5892,1
3010,132,163.8,656.6,203.8,782.9,0.000,0.7566,1
3010,171,794.8,706.7,882.8,885.9,0.000,0.7690,1
3011,14,1775.7,662.3,1823.8,865.7,0.000,0.7588,1
3011,10,1743.5,690.7,1782.8,871.5,0.000,0.7325,1
3011,1,930.8,697.7,1022.5,892.3,0.000,0.7626,1
3011,55,1466.7,706.8,1545.4,897.0,0.000,0.7348,1
3011,153,1353.4,710.3,1429.4,908.1,0.000,0.7525,1
3011,212,711.9,726.6,734.5,802.5,0.000,0.5891,1
3011,132,163.4,655.9,202.8,783.3,0.000,0.7616,1
3011,171,788.4,706.8,873.6,885.4,0.000,0.7690,1
3012,14,1774.3,662.3,1822.6,866.6,0.000,0.7591,1
3012,10,1743.2,691.1,1782.1,871.4,0.000,0.7326,1
3012,1,926.2,696.9,1017.2,892.2,0.000,0.7635,1
3012,55,1468.1,707.7,1547.0,896.7,0.000,0.7347,1
3012,153,1358.6,709.9,1435.3,908.5,0.000,0.7521,1
3012,212,711.9,726.4,734.6,802.7,0.000,0.5892,1
3012,132,163.3,655.6,202.0,783.5,0.000,0.7618,1
3012,171,783.6,706.4,866.2,884.5,0.000,0.7747,1
3012,203,296.0,677.3,354.6,830.2,0.000,0.7791,1
3013,14,1774.0,663.6,1821.9,867.0,0.000,0.7589,1
3013,10,1743.1,689.2,1782.2,871.3,0.000,0.7331,1
3013,1,920.7,695.2,1010.7,892.6,0.000,0.7648,1
3013,55,1470.9,706.8,1550.2,895.3,0.000,0.7340,1
3013,153,1364.9,713.4,1442.6,908.7,0.000,0.7519,1
3013,212,711.7,726.2,734.5,802.6,0.000,0.5892,1
3013,132,163.8,656.6,201.5,784.0,0.000,0.7619,1
3013,171,784.9,708.5,864.0,885.0,0.000,0.7745,1
3013,203,297.1,678.7,353.8,829.7,0.000,0.7791,1
3014,14,1774.5,664.3,1822.2,867.5,0.000,0.7587,1
3014,10,1743.5,688.5,1782.8,871.9,0.000,0.7338,1
3014,55,1476.1,707.2,1554.1,893.1,0.000,0.7325,1
3014,153,1368.9,715.3,1448.8,909.4,0.000,0.7523,1
3014,212,711.5,726.1,734.6,803.6,0.000,0.5899,1
3014,132,164.3,657.1,201.1,783.8,0.000,0.7618,1
3014,223,264.9,677.2,312.6,835.7,0.000,0.7895,1
3014,203,297.2,678.6,352.8,829.5,0.000,0.7791,1
3015,14,1774.6,664.3,1822.1,867.6,0.000,0.7586,1
3015,10,1743.9,690.9,1783.0,872.8,0.000,0.7338,1
3015,55,1482.6,708.6,1558.5,892.0,0.000,0.7310,1
3015,153,1370.0,716.4,1452.5,910.0,0.000,0.7531,1
3015,212,711.4,725.9,734.4,803.0,0.000,0.5900,1
3015,132,165.6,658.0,201.6,783.9,0.000,0.7615,1
3015,223,265.5,676.3,313.3,835.7,0.000,0.7895,1
3015,203,297.1,678.5,352.2,829.9,0.000,0.7791,1
3015,171,779.7,715.9,853.5,885.3,0.000,0.7745,1
3016,14,1776.2,666.0,1822.0,863.5,0.000,0.7572,1
3016,10,1744.4,691.3,1783.3,872.5,0.000,0.7337,1
3016,55,1493.1,708.5,1568.4,892.1,0.000,0.7303,1
3016,153,1369.9,717.4,1454.7,910.7,0.000,0.7541,1
3016,212,711.3,725.9,734.3,802.7,0.000,0.5899,1
3016,132,165.9,659.2,201.2,784.1,0.000,0.7613,1
3016,223,265.2,676.5,312.5,835.9,0.000,0.7895,1
3016,229,34.3,616.4,107.9,839.3,0.000,0.8344,1
3016,203,298.6,680.8,352.5,830.3,0.000,0.7791,1
3016,171,765.1,715.2,841.2,886.5,0.000,0.7745,1
3016,164,1681.4,696.3,1715.9,837.6,0.000,0.7024,1
3017,14,1776.7,665.7,1821.8,861.9,0.000,0.7564,1
3017,10,1745.1,691.8,1783.5,870.6,0.000,0.7328,1
3017,55,1501.6,709.4,1575.4,892.4,0.000,0.7299,1
3017,153,1370.0,717.3,1457.2,911.6,0.000,0.7553,1
3017,212,711.5,726.0,734.4,802.0,0.000,0.5895,1
3017,132,165.8,658.6,201.1,784.4,0.000,0.7614,1
3017,223,265.7,677.0,312.3,835.6,0.000,0.7894,1
3017,229,36.8,618.5,107.9,840.0,0.000,0.8341,1
3017,203,298.5,682.5,351.2,830.5,0.000,0.7791,1
3017,171,758.1,713.5,836.5,886.1,0.000,0.7745,1
3017,164,1679.5,696.8,1715.1,838.2,0.000,0.7024,1
3018,14,1777.2,666.1,1821.7,861.2,0.000,0.7559,1
3018,10,1745.9,693.1,1783.3,866.5,0.000,0.7306,1
3018,55,1504.3,712.1,1576.6,892.6,0.000,0.7297,1
3018,153,1370.4,716.3,1459.7,911.4,0.000,0.7560,1
3018,212,711.5,726.0,734.4,801.8,0.000,0.5891,1
3018,132,165.7,657.8,200.9,784.7,0.000,0.7616,1
3018,223,265.2,677.9,311.4,835.8,0.000,0.7893,1
3018,229,38.6,619.9,107.2,839.4,0.000,0.8336,1
3018,203,299.2,681.7,351.9,830.5,0.000,0.7791,1
3018,171,754.5,712.6,835.0,886.5,0.000,0.7745,1
3018,164,1677.8,694.7,1714.1,837.6,0.000,0.7024,1
3019,14,1777.6,665.5,1822.1,861.4,0.000,0.7558,1
3019,10,1746.6,693.6,1783.5,864.3,0.000,0.7288,1
3019,55,1505.2,712.4,1577.2,892.5,0.000,0.7295,1
3019,153,1371.5,715.7,1462.1,910.8,0.000,0.7561,1
3019,212,711.4,726.1,734.3,801.7,0.000,0.5887,1
3019,132,165.6,656.9,200.8,784.4,0.000,0.7617,1
3019,223,265.7,677.6,311.9,836.2,0.000,0.7894,1
3019,229,40.6,621.4,106.9,838.8,0.000,0.8330,1
3019,220,227.6,671.5,261.5,799.7,0.000,0.7631,1
3019,203,298.3,681.1,350.8,830.8,0.000,0.7791,1
3019,171,751.3,715.0,833.0,886.9,0.000,0.7745,1
3019,164,1676.8,696.4,1713.3,838.1,0.000,0.7024,1
3020,14,1777.9,664.4,1822.4,861.1,0.000,0.7560,1
3020,10,1746.9,694.4,1783.3,862.6,0.000,0.7271,1
3020,55,1507.6,713.1,1579.1,891.9,0.000,0.7291,1
3020,153,1374.9,715.4,1465.8,910.5,0.000,0.7560,1
3020,212,711.2,726.1,734.2,801.6,0.000,0.5884,1
3020,132,165.7,657.1,200.7,784.0,0.000,0.7616,1
3020,223,266.0,678.1,311.8,835.8,0.000,0.7892,1
3020,229,42.9,621.7,107.3,837.9,0.000,0.8323,1
3020,220,227.2,672.5,261.0,800.4,0.000,0.7629,1
3020,203,297.7,679.7,349.8,830.6,0.000,0.7791,1
3020,171,749.5,715.4,833.0,886.7,0.000,0.7745,1
3020,164,1674.9,695.7,1711.8,838.6,0.000,0.7024,1
3021,14,1777.9,665.4,1822.0,860.7,0.000,0.7558,1
3021,10,1746.9,696.2,1783.5,865.0,0.000,0.7266,1
3021,55,1514.9,716.0,1585.1,892.0,0.000,0.7287,1
3021,153,1380.3,713.9,1470.5,909.2,0.000,0.7551,1
3021,212,711.1,725.9,734.2,801.9,0.000,0.5883,1
3021,132,165.7,656.9,200.6,784.0,0.000,0.7617,1
3021,223,265.8,678.0,311.5,836.2,0.000,0.7893,1
3021,229,44.7,622.9,107.3,837.7,0.000,0.8317,1
3021,220,228.9,675.2,262.3,800.2,0.000,0.7622,1
3021,203,298.0,679.5,349.7,830.8,0.000,0.7791,1
3021,171,747.4,712.8,833.4,886.4,0.000,0.7745,1
3021,164,1673.0,696.9,1709.8,838.1,0.000,0.7024,1
3021,1,871.0,698.2,960.8,892.0,0.000,0.7648,1
3022,14,1777.4,665.0,1821.6,860.7,0.000,0.7559,1
3022,10,1746.1,696.2,1783.4,867.6,0.000,0.7271,1
3022,55,1520.4,717.3,1590.5,892.4,0.000,0.7287,1
3022,153,1386.8,712.0,1475.3,907.0,0.000,0.7530,1
3022,212,711.3,725.9,734.3,801.3,0.000,0.5878,1
3022,132,165.2,657.1,200.1,785.0,0.000,0.7620,1
3022,223,265.6,678.8,311.0,836.0,0.000,0.7892,1
3022,229,46.0,622.1,107.3,836.8,0.000,0.8311,1
3022,220,230.0,674.8,263.7,800.3,0.000,0.7617,1
3022,203,298.5,679.9,349.5,830.8,0.000,0.7791,1
3022,171,746.0,712.8,833.4,886.9,0.000,0.7745,1
3022,164,1670.0,696.6,1707.8,838.9,0.000,0.7024,1
3022,1,866.4,698.5,957.9,891.6,0.000,0.7648,1
3023,14,1777.2,665.2,1821.3,859.8,0.000,0.7557,1
3023,10,1745.7,697.6,1782.9,868.6,0.000,0.7272,1
3023,55,1525.0,714.7,1597.1,892.7,0.000,0.7291,1
3023,153,1394.9,710.5,1481.1,905.9,0.000,0.7512,1
3023,212,711.5,725.9,734.4,801.1,0.000,0.5873,1
3023,132,165.0,657.7,199.4,784.9,0.000,0.7621,1
3023,223,266.4,678.9,311.6,835.7,0.000,0.7890,1
3023,229,48.1,622.3,107.8,835.8,0.000,0.8304,1
3023,220,229.4,672.1,263.6,799.6,0.000,0.7617,1
3023,203,299.9,680.3,350.1,830.1,0.000,0.7791,1
3023,171,744.4,712.4,832.3,886.8,0.000,0.7745,1
3023,164,1668.0,697.0,1706.6,840.4,0.000,0.7024,1
3023,1,862.0,699.0,955.2,891.4,0.000,0.7648,1
3023,75,1542.4,715.3,1598.7,879.9,0.000,0.6981,1
3024,14,1777.5,664.6,1822.0,860.8,0.000,0.7560,1
3024,10,1745.6,698.5,1782.7,869.2,0.000,0.7272,1
3024,55,1528.0,713.0,1602.1,892.9,0.000,0.7295,1
3024,153,1404.0,709.4,1487.2,904.1,0.000,0.7489,1
3024,212,711.6,726.2,734.4,801.2,0.000,0.5870,1
3024,132,164.3,657.4,198.7,785.0,0.000,0.7623,1
3024,223,267.0,679.3,312.0,835.1,0.000,0.7886,1
3024,229,50.9,632.6,105.9,833.4,0.000,0.8285,1
3024,220,229.7,675.9,263.0,799.5,0.000,0.7609,1
3024,203,301.3,682.4,350.4,829.5,0.000,0.7791,1
3024,171,742.2,712.3,830.7,886.9,0.000,0.7745,1
3024,164,1665.5,699.2,1704.5,842.0,0.000,0.7024,1
3024,1,858.3,700.8,953.0,891.4,0.000,0.7648,1
3025,14,1777.5,663.4,1822.2,860.7,0.000,0.7564,1
3025,10,1745.8,696.0,1783.1,868.1,0.000,0.7272,1
3025,55,1529.9,714.5,1604.7,893.0,0.000,0.7298,1
3025,153,1413.9,709.4,1491.6,899.1,0.000,0.7447,1
3025,212,711.7,726.3,734.5,801.5,0.000,0.5869,1
3025,132,164.4,657.3,198.6,785.3,0.000,0.7626,1
3025,223,268.2,679.4,312.9,833.7,0.000,0.7879,1
3025,229,54.9,625.1,110.1,830.7,0.000,0.8273,1
3025,220,230.3,676.8,263.0,798.5,0.000,0.7600,1
3025,203,301.6,683.2,350.0,828.7,0.000,0.7791,1
3025,171,738.9,712.7,826.8,887.3,0.000,0.7745,1
3025,164,1664.4,701.2,1703.2,842.5,0.000,0.7024,1
3025,1,853.4,697.9,951.2,892.2,0.000,0.7648,1
3026,14,1777.8,662.7,1822.6,860.9,0.000,0.7568,1
3026,10,1745.4,694.4,1783.1,868.3,0.000,0.7277,1
3026,55,1530.8,711.5,1607.7,893.3,0.000,0.7304,1
3026,153,1420.7,709.9,1496.8,903.0,0.000,0.7445,1
3026,212,711.8,726.7,734.4,801.6,0.000,0.5867,1
3026,132,164.5,657.5,198.6,785.6,0.000,0.7628,1
3026,223,267.0,679.7,312.0,834.4,0.000,0.7878,1
3026,229,57.4,622.3,111.6,829.6,0.000,0.8264,1
3026,220,233.1,679.8,265.7,798.8,0.000,0.7588,1
3026,203,302.3,681.4,350.8,827.0,0.000,0.7791,1
3026,171,737.5,713.8,823.4,886.1,0.000,0.7745,1
3026,164,1662.7,700.9,1701.7,843.1,0.000,0.7024,1
3026,1,850.2,697.7,948.7,892.1,0.000,0.7648,1
3027,14,1778.6,663.0,1823.3,860.3,0.000,0.7569,1
3027,10,1746.0,692.6,1784.1,867.7,0.000,0.7282,1
3027,55,1531.4,709.4,1609.9,893.3,0.000,0.7310,1
3027,153,1426.6,709.8,1500.3,902.6,0.000,0.7436,1
3027,212,712.2,726.8,734.3,800.8,0.000,0.5860,1
3027,132,164.9,657.5,198.7,785.4,0.000,0.7629,1
3027,223,268.5,681.6,312.9,834.6,0.000,0.7874,1
3027,220,234.3,681.8,265.7,795.3,0.000,0.7565,1
3027,203,302.9,683.1,350.7,826.8,0.000,0.7751,1
3027,171,734.3,713.9,818.6,886.4,0.000,0.7745,1
3027,164,1660.7,701.6,1699.9,843.9,0.000,0.7024,1
3027,1,846.5,696.4,945.3,892.6,0.000,0.7648,1
3028,14,1778.4,663.6,1822.9,860.3,0.000,0.7569,1
3028,10,1745.8,690.6,1784.0,866.1,0.000,0.7285,1
3028,55,1526.0,707.4,1602.8,893.0,0.000,0.7314,1
3028,153,1432.9,709.6,1505.8,903.1,0.000,0.7432,1
3028,132,164.7,657.6,198.2,784.8,0.000,0.7628,1
3028,223,269.6,681.9,313.6,833.8,0.000,0.7868,1
3028,203,303.5,683.1,350.1,822.9,0.000,0.7732,1
3028,171,727.9,706.2,813.3,886.4,0.000,0.7745,1
3028,1,842.8,695.5,940.6,892.7,0.000,0.7648,1
3028,229,61.2,628.7,111.0,826.6,0.000,0.8264,1
3029,14,1778.7,664.0,1823.2,860.6,0.000,0.7570,1
3029,10,1745.7,689.6,1783.9,866.1,0.000,0.7290,1
3029,55,1537.1,710.8,1611.9,889.7,0.000,0.7295,1
3029,153,1438.3,710.1,1510.8,901.4,0.000,0.7420,1
3029,132,164.1,657.5,197.9,785.2,0.000,0.7629,1
3029,223,269.5,682.0,312.4,829.3,0.000,0.7850,1
3029,203,305.7,684.7,348.6,812.3,0.000,0.7682,1
3029,171,724.1,708.7,805.8,886.7,0.000,0.7745,1
3029,1,839.4,693.8,935.5,892.3,0.000,0.7648,1
3029,75,1546.9,711.5,1611.2,887.7,0.000,0.6981,1
3030,14,1779.1,665.9,1823.5,861.0,0.000,0.7567,1
3030,10,1745.3,688.2,1783.1,862.4,0.000,0.7285,1
3030,153,1443.5,713.2,1516.3,901.1,0.000,0.7410,1
3030,132,165.1,657.7,198.6,784.8,0.000,0.7628,1
3030,203,306.7,685.1,347.1,803.9,0.000,0.7624,1
3030,171,720.0,710.4,798.5,886.8,0.000,0.7848,1
3030,1,835.8,693.2,928.8,891.9,0.000,0.7648,1
3030,75,1552.1,713.3,1618.3,885.7,0.000,0.6981,1
3031,14,1779.5,664.7,1824.2,860.6,0.000,0.7568,1
3031,10,1744.5,686.7,1782.8,863.6,0.000,0.7294,1
3031,153,1444.6,713.7,1518.9,902.1,0.000,0.7410,1
3031,132,165.7,657.8,199.0,785.1,0.000,0.7627,1
3031,171,716.4,709.1,792.4,884.4,0.000,0.7840,1
3031,1,832.6,691.8,922.9,891.9,0.000,0.7648,1
3031,75,1563.2,711.8,1635.5,883.3,0.000,0.6981,1
3031,220,230.1,672.3,264.9,798.5,0.000,0.7565,1
3032,14,1778.8,665.9,1823.6,861.0,0.000,0.7566,1
3032,10,1743.5,686.4,1782.4,866.8,0.000,0.7311,1
3032,153,1447.4,714.8,1522.8,901.6,0.000,0.7406,1
3032,132,165.1,657.4,198.5,784.9,0.000,0.7627,1
3032,171,711.5,705.5,787.0,883.6,0.000,0.7836,1
3032,1,827.6,689.9,915.7,891.9,0.000,0.7648,1
3032,75,1566.1,710.8,1642.9,881.7,0.000,0.6981,1
3032,220,228.0,671.2,263.8,799.8,0.000,0.7565,1
3032,203,307.5,685.5,338.6,772.5,0.000,0.7624,1
3033,14,1779.4,665.3,1824.5,861.1,0.000,0.7567,1
3033,10,1742.9,686.6,1782.2,869.5,0.000,0.7328,1
3033,153,1448.5,716.8,1524.3,901.1,0.000,0.7400,1
3033,132,164.8,657.4,198.1,784.7,0.000,0.7627,1
3033,171,705.5,712.1,778.2,883.4,0.000,0.7834,1
3033,1,823.6,689.6,909.2,891.9,0.000,0.7648,1
3033,75,1574.3,714.0,1650.3,881.3,0.000,0.6981,1
3033,220,228.9,672.2,264.9,800.7,0.000,0.7565,1
3033,203,308.0,685.7,337.4,764.3,0.000,0.7624,1
3033,55,1535.5,709.7,1597.9,865.1,0.000,0.7295,1
3034,14,1779.2,666.4,1824.2,861.2,0.000,0.7565,1
3034,10,1743.1,686.6,1782.3,869.6,0.000,0.7338,1
3034,153,1446.3,710.7,1526.5,904.3,0.000,0.7418,1
3034,132,164.5,657.2,197.8,784.7,0.000,0.7627,1
3034,171,711.8,717.8,779.7,882.7,0.000,0.7822,1
3034,1,818.4,690.3,901.7,892.5,0.000,0.7648,1
3034,75,1576.8,711.5,1653.6,880.6,0.000,0.6981,1
3034,220,231.4,675.3,266.3,799.7,0.000,0.7565,1
3034,203,308.2,685.8,336.1,756.7,0.000,0.7624,1
3034,55,1537.0,711.1,1595.1,861.0,0.000,0.7295,1
3035,14,1780.1,670.3,1824.1,860.6,0.000,0.7553,1
3035,10,1743.1,686.7,1782.0,868.8,0.000,0.7341,1
3035,153,1446.6,711.5,1527.2,905.7,0.000,0.7434,1
3035,132,164.2,657.0,197.7,784.9,0.000,0.7628,1
3035,171,698.4,715.9,769.0,883.5,0.000,0.7830,1
3035,1,810.6,692.2,892.3,892.4,0.000,0.7648,1
3035,75,1582.9,708.8,1659.2,878.7,0.000,0.6981,1
3035,220,230.9,675.8,265.8,799.8,0.000,0.7565,1
3035,55,1539.2,711.3,1595.5,860.3,0.000,0.7295,1
3036,14,1780.0,668.1,1824.5,860.0,0.000,0.7551,1
3036,10,1743.0,686.9,1781.6,868.0,0.000,0.7341,1
3036,153,1450.1,712.5,1530.3,906.3,0.000,0.7445,1
3036,132,164.4,656.9,197.9,785.3,0.000,0.7630,1
3036,171,690.4,711.9,764.5,884.2,0.000,0.7844,1
3036,1,801.4,691.6,884.1,892.4,0.000,0.7825,1
3036,220,231.6,679.3,264.1,794.4,0.000,0.7565,1
3036,55,1540.7,710.4,1595.3,859.9,0.000,0.7295,1
3036,203,309.9,684.4,332.3,735.7,0.000,0.7624,1
3037,14,1779.7,667.2,1824.3,859.9,0.000,0.7551,1
3037,10,1743.0,687.1,1781.4,866.9,0.000,0.7338,1
3037,153,1455.2,712.4,1534.4,905.7,0.000,0.7448,1
3037,132,164.6,656.9,197.6,784.3,0.000,0.7628,1
3037,171,684.6,712.1,760.9,884.3,0.000,0.7854,1
3037,1,795.8,691.4,879.7,892.1,0.000,0.7831,1
3037,55,1542.1,709.5,1595.4,859.9,0.000,0.7295,1
3038,14,1779.7,667.0,1824.4,859.8,0.000,0.7551,1
3038,10,1743.1,686.9,1781.7,867.8,0.000,0.7342,1
3038,153,1461.3,713.5,1538.3,903.7,0.000,0.7440,1
3038,132,165.0,657.5,197.5,783.7,0.000,0.7624,1
3038,171,681.6,717.7,758.2,884.7,0.000,0.7862,1
3038,1,792.5,693.0,877.1,891.6,0.000,0.7833,1
3038,55,1544.2,709.4,1596.0,859.2,0.000,0.7295,1
3038,75,1585.3,706.0,1662.9,880.5,0.000,0.6981,1
3039,14,1780.2,667.2,1824.8,860.0,0.000,0.7551,1
3039,10,1743.2,686.8,1781.7,867.5,0.000,0.7344,1
3039,153,1470.9,710.4,1546.2,901.3,0.000,0.7425,1
3039,132,165.1,657.6,197.5,784.4,0.000,0.7624,1
3039,171,681.0,717.3,760.4,885.3,0.000,0.7872,1
3039,1,788.4,694.2,874.7,892.2,0.000,0.7839,1
3039,209,963.7,719.2,989.0,756.3,0.000,0.3600,0
3039,55,1547.6,711.5,1597.6,858.7,0.000,0.7295,1
3039,75,1584.7,705.6,1660.9,880.8,0.000,0.6981,1
3040,14,1779.2,666.0,1825.1,863.5,0.000,0.7562,1
3040,10,1743.7,686.7,1782.2,867.3,0.000,0.7344,1
3040,153,1480.9,708.7,1554.2,899.1,0.000,0.7408,1
3040,132,165.3,657.9,197.2,783.5,0.000,0.7620,1
3040,171,679.5,712.9,763.7,886.0,0.000,0.7884,1
3040,1,785.2,694.5,873.1,892.1,0.000,0.7843,1
3040,209,963.6,719.2,989.0,756.4,0.000,0.3601,0
3040,55,1550.0,708.4,1600.1,858.2,0.000,0.7295,1
3041,14,1779.2,665.4,1825.5,864.3,0.000,0.7568,1
3041,10,1744.1,686.7,1782.2,865.2,0.000,0.7338,1
3041,153,1487.1,708.9,1555.0,889.6,0.000,0.7346,1
3041,132,167.7,657.9,195.5,767.4,0.000,0.7562,1
3041,171,678.2,714.6,763.6,885.7,0.000,0.7890,1
3041,1,781.0,695.1,870.4,891.9,0.000,0.7846,1
3041,209,963.6,719.2,988.9,756.4,0.000,0.3601,0
3041,55,1552.2,710.3,1600.8,858.8,0.000,0.7295,1
3041,75,1594.9,711.7,1668.0,875.1,0.000,0.6981,1
3042,14,1779.0,664.8,1825.6,864.5,0.000,0.7572,1
3042,10,1744.8,686.5,1783.0,864.3,0.000,0.7334,1
3042,153,1490.7,709.8,1558.4,895.1,0.000,0.7348,1
3042,132,168.5,657.8,194.4,758.9,0.000,0.7505,1
3042,171,676.3,719.5,761.2,886.0,0.000,0.7895,1
3042,1,776.1,694.6,867.0,891.8,0.000,0.7851,1
3042,209,963.6,719.3,988.9,756.4,0.000,0.3601,0
3042,55,1554.1,711.5,1601.5,858.9,0.000,0.7295,1
3042,75,1595.0,709.5,1670.2,875.6,0.000,0.6981,1
3043,10,1745.0,686.5,1784.0,867.7,0.000,0.7345,1
3043,153,1493.9,709.8,1560.3,896.9,0.000,0.7351,1
3043,132,169.3,658.0,192.6,747.0,0.000,0.7421,1
3043,171,672.1,713.4,760.7,886.5,0.000,0.7906,1
3043,1,772.8,694.6,863.8,891.0,0.000,0.7851,1
3043,209,963.6,719.3,988.9,756.3,0.000,0.3601,0
3043,246,1667.0,698.9,1707.5,849.8,0.000,0.7002,1
3043,55,1556.4,712.7,1602.5,856.7,0.000,0.7295,1
3043,75,1595.2,709.2,1671.0,875.0,0.000,0.6981,1
3044,10,1745.3,686.6,1784.3,866.6,0.000,0.7344,1
3044,153,1497.6,710.4,1562.7,897.3,0.000,0.7353,1
3044,132,169.9,657.6,191.6,738.0,0.000,0.7331,1
3044,171,670.2,716.6,757.4,886.3,0.000,0.7911,1
3044,1,768.3,693.0,859.5,890.8,0.000,0.7854,1
3044,209,963.6,719.2,988.9,756.3,0.000,0.3601,0
3044,246,1666.1,696.8,1707.4,849.3,0.000,0.7009,1
3044,55,1559.0,714.6,1603.8,855.9,0.000,0.7295,1
3044,75,1596.4,706.8,1673.0,874.0,0.000,0.6981,1
3044,14,1779.6,664.3,1826.3,864.5,0.000,0.7572,1
3045,10,1745.1,687.4,1783.9,866.2,0.000,0.7342,1
3045,153,1506.8,710.3,1572.9,897.0,0.000,0.7353,1
3045,132,170.3,657.3,189.6,724.6,0.000,0.7213,1
3045,171,667.9,718.8,753.3,885.3,0.000,0.7909,1
3045,1,764.0,692.9,853.3,889.2,0.000,0.7849,1
3045,209,963.6,719.3,988.9,756.3,0.000,0.3600,0
3045,246,1665.2,697.1,1706.5,849.2,0.000,0.7010,1
3045,55,1560.8,712.6,1605.6,853.9,0.000,0.7295,1
3045,75,1598.6,705.1,1675.6,873.5,0.000,0.6981,1
3045,14,1780.2,664.3,1827.0,864.4,0.000,0.7572,1
3046,10,1746.0,687.8,1784.5,863.5,0.000,0.7330,1
3046,153,1512.9,711.1,1580.5,896.9,0.000,0.7352,1
3046,171,663.6,718.1,747.6,884.1,0.000,0.7905,1
3046,1,759.6,692.2,847.0,888.6,0.000,0.7847,1
3046,209,963.7,719.4,988.8,756.3,0.000,0.3597,0
3046,246,1664.2,697.7,1705.2,849.2,0.000,0.7009,1
3046,55,1561.6,710.0,1607.1,853.1,0.000,0.7295,1
3046,75,1603.0,703.9,1679.2,872.2,0.000,0.6981,1
3046,14,1779.2,665.6,1826.3,865.2,0.000,0.7572,1
3046,212,712.4,726.3,734.3,800.2,0.000,0.5860,1
3047,10,1747.8,688.2,1785.6,856.8,0.000,0.7304,1
3047,153,1515.8,711.3,1585.7,897.4,0.000,0.7357,1
3047,171,659.3,717.5,741.8,883.3,0.000,0.7902,1
3047,1,753.8,689.9,839.3,888.5,0.000,0.7850,1
3047,209,963.6,719.5,988.7,756.4,0.000,0.3595,0
3047,246,1664.4,698.3,1705.5,850.4,0.000,0.7010,1
3047,55,1562.3,707.1,1608.6,853.0,0.000,0.7295,1
3047,75,1607.1,703.4,1681.1,869.6,0.000,0.6981,1
3047,14,1778.2,667.1,1825.4,865.3,0.000,0.7572,1
3047,212,711.4,725.3,733.9,800.6,0.000,0.5860,1
3048,10,1747.5,689.0,1785.3,854.6,0.000,0.7285,1
3048,153,1516.6,712.1,1588.8,898.6,0.000,0.7367,1
3048,171,653.7,717.3,734.1,882.0,0.000,0.7897,1
3048,1,748.4,688.5,832.0,888.8,0.000,0.7857,1
3048,209,963.5,719.5,988.7,756.4,0.000,0.3593,0
3048,246,1665.4,698.9,1706.1,850.8,0.000,0.7010,1
3048,55,1564.5,710.7,1609.7,852.6,0.000,0.6730,1
3048,75,1612.3,702.3,1683.8,867.8,0.000,0.6981,1
3048,14,1776.2,668.8,1823.8,865.9,0.000,0.7572,1
3048,212,710.6,724.8,733.6,801.2,0.000,0.5860,1
3049,10,1746.7,690.0,1784.7,854.7,0.000,0.7273,1
3049,153,1514.6,711.5,1588.6,899.0,0.000,0.7375,1
3049,171,647.4,715.1,725.7,880.0,0.000,0.7886,1
3049,1,741.8,687.9,823.7,889.5,0.000,0.7867,1
3049,209,963.5,719.4,988.8,756.5,0.000,0.3591,0
3049,246,1667.7,697.3,1708.1,850.4,0.000,0.7015,1
3049,55,1564.4,710.5,1609.9,853.9,0.000,0.6733,1
3049,75,1618.1,698.6,1688.2,866.3,0.000,0.6981,1
3049,14,1773.6,669.6,1822.0,866.7,0.000,0.7572,1
3049,212,710.9,725.4,733.8,801.4,0.000,0.5860,1
3050,10,1745.1,690.5,1784.2,858.7,0.000,0.7277,1
3050,153,1515.8,711.1,1590.8,896.8,0.000,0.7369,1
3050,171,639.0,710.6,717.3,878.9,0.000,0.7879,1
3050,1,737.3,688.2,817.1,889.1,0.000,0.7873,1
3050,209,963.5,719.5,988.7,756.5,0.000,0.3589,0
3050,246,1668.5,696.6,1708.9,852.4,0.000,0.7028,1
3050,55,1566.9,708.7,1608.2,840.0,0.000,0.6679,1
3050,14,1773.0,669.1,1822.1,866.5,0.000,0.7572,1
3050,212,711.8,726.5,734.4,801.6,0.000,0.5860,1
3050,164,1635.3,694.3,1681.9,866.6,0.000,0.7024,1
3051,10,1743.8,689.2,1784.0,862.0,0.000,0.7292,1
3051,153,1516.3,710.9,1592.5,896.4,0.000,0.7365,1
3051,171,632.0,710.0,708.5,876.3,0.000,0.7864,1
3051,1,732.0,689.7,810.2,889.3,0.000,0.7879,1
3051,209,963.5,719.4,988.7,756.5,0.000,0.3587,0
3051,246,1671.9,693.8,1709.9,844.0,0.000,0.7017,1
3051,55,1569.9,706.7,1608.4,831.0,0.000,0.6637,1
3051,14,1772.4,669.0,1822.0,866.2,0.000,0.7572,1
3051,212,712.3,726.6,735.0,801.7,0.000,0.5860,1
3051,164,1637.9,693.9,1685.1,866.6,0.000,0.7024,1
3052,10,1743.1,688.7,1784.2,865.6,0.000,0.7311,1
3052,153,1518.0,709.3,1595.4,896.4,0.000,0.7364,1
3052,171,624.6,713.0,699.6,875.6,0.000,0.7854,1
3052,1,723.7,688.6,803.1,889.8,0.000,0.7890,1
3052,209,963.6,719.4,988.8,756.5,0.000,0.3586,0
3052,246,1674.5,694.4,1711.0,842.7,0.000,0.7013,1
3052,14,1772.6,668.1,1822.6,865.6,0.000,0.7572,1
3052,164,1641.8,694.4,1688.3,863.5,0.000,0.7024,1
3053,10,1744.0,688.1,1785.8,866.6,0.000,0.7324,1
3053,153,1520.0,707.9,1598.1,896.5,0.000,0.7366,1
3053,171,628.2,716.8,701.8,878.3,0.000,0.7859,1
3053,1,715.7,690.9,796.0,889.4,0.000,0.7895,1
3053,209,963.6,719.4,988.8,756.4,0.000,0.3585,0
3053,246,1677.0,694.5,1712.0,840.1,0.000,0.7006,1
3053,14,1772.2,667.3,1822.7,865.8,0.000,0.7572,1
3053,164,1644.0,694.3,1690.8,865.9,0.000,0.7024,1
3054,10,1744.3,689.0,1786.4,867.5,0.000,0.7331,1
3054,153,1525.0,708.4,1601.4,894.8,0.000,0.7357,1
3054,171,618.7,711.1,696.5,879.5,0.000,0.7873,1
3054,1,710.3,693.3,792.1,889.6,0.000,0.7900,1
3054,209,963.6,719.4,988.8,756.4,0.000,0.3585,0
3054,14,1773.5,667.1,1824.0,865.4,0.000,0.7572,1
3054,164,1644.0,699.6,1690.5,863.2,0.000,0.7024,1
3055,10,1744.8,687.7,1787.9,868.8,0.000,0.7343,1
3055,153,1530.9,709.6,1604.4,891.6,0.000,0.7334,1
3055,171,614.1,708.3,696.5,882.6,0.000,0.7899,1
3055,1,708.3,691.9,792.5,889.3,0.000,0.7904,1
3055,209,963.7,719.5,988.8,756.4,0.000,0.3584,0
3055,14,1774.3,667.2,1824.7,865.4,0.000,0.7572,1
3055,164,1650.2,700.0,1697.1,864.5,0.000,0.7024,1
3056,10,1745.1,687.8,1788.9,870.1,0.000,0.7353,1
3056,153,1537.2,708.0,1609.1,890.5,0.000,0.7319,1
3056,171,609.9,707.8,694.4,882.9,0.000,0.7915,1
3056,1,706.8,692.3,791.9,888.1,0.000,0.7900,1
3056,209,963.7,719.4,988.9,756.4,0.000,0.3584,0
3056,14,1774.4,667.2,1824.8,865.1,0.000,0.7572,1
3056,164,1650.9,701.3,1699.4,868.3,0.000,0.7024,1
3057,10,1744.4,687.5,1788.6,870.8,0.000,0.7360,1
3057,153,1545.0,706.1,1614.6,887.6,0.000,0.7296,1
3057,171,607.4,708.5,693.2,883.2,0.000,0.7929,1
3057,1,702.7,692.7,789.6,888.4,0.000,0.7902,1
3057,209,963.6,719.4,988.8,756.3,0.000,0.3583,0
3057,14,1774.7,667.2,1825.1,864.7,0.000,0.7572,1
3057,75,1645.7,695.8,1715.9,866.0,0.000,0.6981,1
3058,10,1744.6,687.5,1788.8,870.4,0.000,0.7362,1
3058,153,1551.4,706.3,1617.7,885.0,0.000,0.7270,1
3058,171,605.7,707.8,691.7,881.1,0.000,0.7927,1
3058,1,696.6,693.9,785.2,888.5,0.000,0.7905,1
3058,209,963.7,719.5,988.8,756.3,0.000,0.3583,0
3058,14,1775.8,667.2,1825.8,864.1,0.000,0.7572,1
3058,75,1649.0,697.8,1718.4,866.9,0.000,0.6981,1
3059,10,1744.6,687.3,1789.2,870.8,0.000,0.7365,1
3059,153,1557.4,704.7,1623.3,884.0,0.000,0.7252,1
3059,171,604.6,708.0,691.0,880.9,0.000,0.7928,1
3059,1,690.9,695.4,780.3,888.9,0.000,0.7910,1
3059,209,963.5,719.6,988.7,756.4,0.000,0.3582,0
3059,14,1775.5,666.6,1825.7,864.0,0.000,0.7550,1
3059,75,1651.0,700.0,1720.3,867.8,0.000,0.6981,1
3060,10,1743.7,686.9,1788.6,871.2,0.000,0.7368,1
3060,153,1562.2,702.7,1625.7,879.1,0.000,0.7216,1
3060,171,604.1,712.2,689.1,880.8,0.000,0.7929,1
3060,1,685.8,695.2,776.3,890.1,0.000,0.7923,1
3060,209,963.5,719.3,988.7,756.3,0.000,0.3582,0
3060,14,1774.5,666.6,1825.2,864.1,0.000,0.7551,1
3060,75,1651.5,698.2,1721.1,868.2,0.000,0.6981,1
3061,10,1743.5,686.5,1789.2,873.8,0.000,0.7380,1
3061,153,1566.0,702.2,1629.1,880.8,0.000,0.7210,1
3061,171,601.5,709.0,688.0,880.8,0.000,0.7930,1
3061,1,680.1,695.0,770.1,889.5,0.000,0.7929,1
3061,209,963.5,719.2,988.7,756.2,0.000,0.3583,0
3061,14,1774.7,666.6,1825.7,863.9,0.000,0.7552,1
3061,75,1652.4,697.2,1722.0,868.6,0.000,0.6981,1
3061,223,273.6,684.9,310.4,806.4,0.000,0.7850,1
3062,10,1743.9,686.4,1790.0,874.9,0.000,0.7388,1
3062,153,1567.5,701.6,1629.2,879.8,0.000,0.7200,1
3062,171,598.2,706.0,685.8,882.0,0.000,0.7939,1
3062,1,675.0,694.0,763.6,889.4,0.000,0.7935,1
3062,209,963.5,719.0,988.8,756.2,0.000,0.3585,0
3062,14,1775.0,666.8,1826.1,864.0,0.000,0.7552,1
3062,75,1655.5,696.9,1724.1,867.8,0.000,0.6981,1
3062,223,270.8,683.2,310.8,814.9,0.000,0.7850,1
3062,220,230.7,679.9,260.5,779.1,0.000,0.7565,1
3063,10,1744.0,686.1,1790.5,875.3,0.000,0.7394,1
3063,153,1568.9,704.9,1628.9,880.1,0.000,0.7192,1
3063,171,595.0,704.1,681.4,880.2,0.000,0.7934,1
3063,1,670.1,693.3,756.0,888.9,0.000,0.7939,1
3063,209,963.5,718.8,988.8,756.2,0.000,0.3588,0
3063,14,1774.8,666.5,1826.2,863.7,0.000,0.7553,1
3063,75,1659.4,698.2,1725.5,865.5,0.000,0.6981,1
3063,223,267.4,682.2,311.1,827.6,0.000,0.7850,1
3063,220,222.6,670.4,256.3,786.7,0.000,0.7565,1
3064,10,1744.4,686.1,1791.2,875.3,0.000,0.7396,1
3064,153,1569.8,706.1,1629.9,882.1,0.000,0.7198,1
3064,1,665.2,693.0,748.2,888.5,0.000,0.7942,1
3064,209,963.6,718.7,988.9,756.2,0.000,0.3591,0
3064,14,1774.8,666.5,1826.3,863.5,0.000,0.7554,1
3064,75,1663.3,697.3,1727.8,863.6,0.000,0.6981,1
3064,223,264.5,680.9,310.6,832.2,0.000,0.7850,1
3064,220,226.1,676.7,260.7,795.8,0.000,0.7565,1
3065,10,1744.4,686.4,1791.3,875.5,0.000,0.7398,1
3065,153,1572.0,706.5,1632.7,882.1,0.000,0.7200,1
3065,1,658.0,690.3,739.0,888.4,0.000,0.7948,1
3065,209,963.5,718.3,989.1,756.2,0.000,0.3597,0
3065,14,1775.5,666.7,1826.9,863.3,0.000,0.7554,1
3065,75,1666.0,695.1,1729.2,860.9,0.000,0.6981,1
3065,223,264.3,680.8,311.1,834.4,0.000,0.7850,1
3065,220,227.5,681.2,261.0,799.0,0.000,0.7565,1
3066,153,1577.3,705.7,1639.5,882.5,0.000,0.7204,1
3066,1,653.1,689.4,732.0,888.3,0.000,0.7953,1
3066,209,963.6,718.1,989.1,756.2,0.000,0.3603,0
3066,14,1775.4,667.0,1826.6,863.0,0.000,0.7553,1
3066,75,1667.9,696.4,1729.8,861.2,0.000,0.6981,1
3066,223,264.2,680.8,311.4,835.2,0.000,0.7850,1
3066,220,229.2,684.1,262.1,800.3,0.000,0.7565,1
3067,153,1579.9,707.2,1642.2,881.2,0.000,0.7199,1
3067,1,647.0,691.9,724.2,888.3,0.000,0.7957,1
3067,209,963.7,718.1,989.2,756.2,0.000,0.3609,0
3067,14,1775.9,667.1,1827.2,862.7,0.000,0.7552,1
3067,75,1668.2,697.5,1728.8,860.3,0.000,0.6981,1
3067,223,264.7,681.3,311.9,835.2,0.000,0.7850,1
3067,220,230.5,689.2,262.3,800.5,0.000,0.7565,1
3067,10,1743.4,686.8,1789.7,873.7,0.000,0.7398,1
3068,153,1581.2,706.4,1644.4,881.6,0.000,0.7201,1
3068,1,639.6,692.2,717.2,889.0,0.000,0.7966,1
3068,209,963.7,718.1,989.1,756.2,0.000,0.3615,0
3068,14,1775.7,667.4,1826.8,862.8,0.000,0.7551,1
3068,223,265.4,680.7,312.6,835.3,0.000,0.7850,1
3068,220,232.2,687.3,264.8,800.4,0.000,0.7565,1
3068,10,1742.7,687.5,1788.5,872.8,0.000,0.7398,1
3068,164,1667.3,699.8,1713.2,858.7,0.000,0.7024,1
3069,153,1582.3,704.4,1646.7,882.9,0.000,0.7212,1
3069,1,630.8,692.0,710.2,888.6,0.000,0.7973,1
3069,209,963.6,718.4,988.8,756.2,0.000,0.3619,0
3069,14,1775.6,667.3,1826.9,862.6,0.000,0.7551,1
3069,223,264.3,681.8,311.3,835.6,0.000,0.7850,1
3069,220,233.0,685.6,266.6,800.6,0.000,0.7565,1
3069,10,1741.1,688.2,1786.2,872.7,0.000,0.7398,1
3069,164,1668.7,699.0,1714.5,858.7,0.000,0.7024,1
3070,153,1585.4,702.9,1649.0,881.0,0.000,0.7208,1
3070,1,627.5,692.5,707.9,888.0,0.000,0.7975,1
3070,209,963.6,718.4,988.8,756.1,0.000,0.3622,0
3070,14,1775.4,667.6,1826.6,862.3,0.000,0.7550,1
3070,223,263.9,681.9,311.3,836.0,0.000,0.7850,1
3070,220,233.3,681.6,268.5,800.8,0.000,0.7565,1
3070,10,1742.3,687.8,1787.5,872.9,0.000,0.7398,1
3070,164,1668.7,698.5,1716.0,860.7,0.000,0.7024,1
3071,153,1591.6,699.6,1653.9,879.1,0.000,0.7203,1
3071,1,621.6,691.7,705.0,888.1,0.000,0.7981,1
3071,209,963.6,718.4,988.7,756.1,0.000,0.3625,0
3071,14,1774.7,667.9,1826.1,862.2,0.000,0.7548,1
3071,223,263.4,682.1,311.0,836.0,0.000,0.7850,1
3071,220,234.4,683.7,269.6,800.7,0.000,0.7565,1
3071,10,1743.0,687.7,1788.1,872.9,0.000,0.7398,1
3071,164,1666.5,702.2,1712.9,861.5,0.000,0.7024,1
3072,1,614.2,693.7,700.0,887.9,0.000,0.7985,1
3072,209,963.6,718.5,988.8,756.1,0.000,0.3627,0
3072,14,1775.4,667.9,1826.7,861.8,0.000,0.7547,1
3072,223,263.0,681.9,310.8,835.8,0.000,0.7850,1
3072,220,233.7,683.4,269.2,800.6,0.000,0.7565,1
3072,10,1743.8,689.2,1788.7,873.2,0.000,0.7398,1
3072,164,1665.2,705.4,1709.2,855.8,0.000,0.7024,1
3073,1,609.7,693.6,698.2,887.8,0.000,0.7990,1
3073,209,963.5,718.3,988.8,756.2,0.000,0.3630,0
3073,14,1775.6,667.9,1827.2,862.3,0.000,0.7547,1
3073,269,300.6,678.8,355.4,832.0,0.000,0.7801,1
3073,223,262.2,681.8,310.1,835.4,0.000,0.7850,1
3073,220,229.7,683.5,264.4,800.8,0.000,0.7565,1
3073,10,1744.0,689.3,1788.7,872.4,0.000,0.7398,1
3073,164,1663.5,706.3,1706.5,852.3,0.000,0.7024,1
3073,153,1601.4,696.9,1661.2,873.9,0.000,0.7203,1
3074,1,605.1,691.8,696.5,888.0,0.000,0.7995,1
3074,209,963.4,718.0,988.9,756.1,0.000,0.3634,0
3074,14,1776.3,668.0,1827.9,862.6,0.000,0.7548,1
3074,269,300.7,678.4,354.8,832.5,0.000,0.7803,1
3074,223,262.6,681.8,310.5,835.7,0.000,0.7850,1
3074,220,228.6,678.8,264.1,800.9,0.000,0.7565,1
3074,10,1743.6,688.8,1788.4,872.3,0.000,0.7398,1
3074,164,1661.5,704.9,1704.4,850.6,0.000,0.7024,1
3074,153,1605.2,692.7,1663.0,868.4,0.000,0.7203,1
3075,1,600.2,691.2,692.7,887.8,0.000,0.8000,1
3075,209,963.3,718.1,988.9,756.1,0.000,0.3637,0
3075,14,1776.0,668.1,1827.8,862.6,0.000,0.7548,1
3075,269,300.7,678.6,353.4,832.3,0.000,0.7803,1
3075,223,263.9,681.8,311.6,836.0,0.000,0.7850,1
3075,220,229.4,677.3,265.0,800.4,0.000,0.7565,1
3075,10,1743.6,687.6,1788.6,872.4,0.000,0.7398,1
3075,164,1662.0,705.8,1705.2,852.2,0.000,0.7024,1
3075,153,1608.7,691.2,1665.3,867.1,0.000,0.7203,1
3076,1,596.2,691.6,688.1,886.9,0.000,0.7999,1
3076,209,963.4,717.9,989.0,756.1,0.000,0.3641,0
3076,14,1775.4,668.1,1827.3,862.8,0.000,0.7548,1
3076,269,300.8,678.2,352.7,832.2,0.000,0.7803,1
3076,223,264.6,682.0,311.8,835.6,0.000,0.7878,1
3076,220,229.2,677.1,264.4,800.4,0.000,0.7565,1
3076,10,1743.8,687.7,1788.9,872.0,0.000,0.7398,1
3076,164,1660.6,706.3,1703.9,851.6,0.000,0.7024,1
3076,153,1610.2,690.4,1667.2,871.0,0.000,0.7203,1
3077,1,590.6,690.3,681.9,886.0,0.000,0.7998,1
3077,209,963.5,718.1,988.9,756.1,0.000,0.3643,0
3077,14,1775.1,668.4,1827.3,863.4,0.000,0.7548,1
3077,269,301.0,677.7,352.1,832.3,0.000,0.7803,1
3077,273,161.2,657.2,203.7,786.5,0.000,0.7644,1
3077,223,264.8,681.7,311.9,835.2,0.000,0.7877,1
3077,220,229.0,676.4,264.1,800.3,0.000,0.7591,1
3077,10,1744.1,687.3,1789.4,872.1,0.000,0.7398,1
3077,164,1660.9,704.6,1703.6,848.9,0.000,0.7024,1
3077,153,1615.1,690.5,1672.1,871.6,0.000,0.7203,1
3078,1,585.6,688.8,675.3,886.0,0.000,0.8000,1
3078,209,963.6,718.1,989.0,756.1,0.000,0.3645,0
3078,14,1775.2,668.3,1827.5,863.8,0.000,0.7549,1
3078,269,301.2,678.0,351.5,832.4,0.000,0.7803,1
3078,273,161.7,657.5,203.2,786.8,0.000,0.7646,1
3078,223,265.2,681.7,312.2,836.0,0.000,0.7880,1
3078,220,229.0,676.6,263.9,800.3,0.000,0.7594,1
3078,10,1743.7,687.0,1789.3,872.6,0.000,0.7398,1
3078,164,1653.3,703.4,1697.2,851.6,0.000,0.7024,1
3078,153,1618.1,691.7,1671.8,863.1,0.000,0.7203,1
3079,1,578.7,687.8,665.9,886.1,0.000,0.8004,1
3079,14,1774.5,667.9,1827.3,864.2,0.000,0.7551,1
3079,269,301.4,677.7,350.9,832.1,0.000,0.7803,1
3079,273,161.8,657.6,202.3,786.5,0.000,0.7646,1
3079,223,264.3,681.7,311.1,835.5,0.000,0.7879,1
3079,220,229.0,676.4,263.7,800.4,0.000,0.7597,1
3079,10,1743.2,687.0,1788.6,872.4,0.000,0.7398,1
3079,153,1620.7,695.5,1675.0,867.6,0.000,0.7203,1
3080,1,570.3,685.5,655.6,886.8,0.000,0.8013,1
3080,14,1774.1,668.4,1826.8,864.2,0.000,0.7550,1
3080,269,301.8,677.7,350.6,832.0,0.000,0.7802,1
3080,273,162.2,657.6,201.7,786.6,0.000,0.7646,1
3080,223,264.2,681.9,310.9,835.7,0.000,0.7879,1
3080,220,228.5,676.2,263.1,800.5,0.000,0.7599,1
3080,10,1743.5,687.6,1788.8,872.2,0.000,0.7398,1
3080,153,1623.1,695.8,1678.8,872.0,0.000,0.7203,1
3080,246,1676.0,692.9,1708.8,828.4,0.000,0.7006,1
3080,209,963.7,718.3,988.9,756.0,0.000,0.3645,0
3081,1,567.0,685.1,649.5,887.4,0.000,0.8021,1
3081,14,1772.8,668.8,1825.9,864.7,0.000,0.7549,1
3081,269,302.9,677.8,350.9,831.9,0.000,0.7800,1
3081,273,163.4,657.9,202.0,786.1,0.000,0.7643,1
3081,223,264.4,682.0,311.2,836.0,0.000,0.7881,1
3081,220,227.5,674.0,262.7,800.9,0.000,0.7606,1
3081,10,1743.8,688.0,1788.8,871.1,0.000,0.7398,1
3081,153,1624.8,695.6,1681.0,874.0,0.000,0.7203,1
3081,246,1674.2,694.3,1708.2,834.1,0.000,0.7006,1
3081,164,1628.8,697.0,1680.3,869.4,0.000,0.7024,1
3082,1,563.9,685.4,643.6,887.3,0.000,0.8026,1
3082,14,1772.6,669.5,1825.9,865.1,0.000,0.7547,1
3082,269,303.4,678.2,350.5,831.6,0.000,0.7798,1
3082,273,163.8,658.0,201.7,785.8,0.000,0.7640,1
3082,223,264.5,681.9,311.3,836.1,0.000,0.7881,1
3082,220,226.8,674.0,262.2,801.1,0.000,0.7611,1
3082,10,1744.0,688.6,1788.8,870.7,0.000,0.7360,1
3082,153,1629.5,695.8,1686.9,873.0,0.000,0.7203,1
3082,246,1673.3,694.9,1707.3,836.2,0.000,0.7006,1
3082,164,1625.9,698.5,1677.8,871.0,0.000,0.7024,1
3082,209,963.7,718.3,989.0,756.1,0.000,0.3645,0
3083,1,555.5,684.4,635.3,888.0,0.000,0.8035,1
3083,14,1772.5,669.5,1826.0,864.9,0.000,0.7545,1
3083,269,303.7,677.8,350.4,831.7,0.000,0.7797,1
3083,273,164.4,658.4,201.5,785.8,0.000,0.7638,1
3083,223,264.9,681.9,311.8,835.9,0.000,0.7881,1
3083,220,226.9,673.7,262.3,801.1,0.000,0.7615,1
3083,10,1744.0,689.2,1788.6,870.1,0.000,0.7354,1
3083,153,1631.4,698.0,1690.1,873.3,0.000,0.7203,1
3083,209,963.7,718.4,988.9,756.1,0.000,0.3645,0
3084,1,555.5,684.4,633.1,885.7,0.000,0.8031,1
3084,14,1771.6,668.9,1825.3,864.8,0.000,0.7544,1
3084,269,303.8,677.5,350.1,832.0,0.000,0.7798,1
3084,273,165.6,658.6,202.3,785.9,0.000,0.7636,1
3084,223,264.5,680.6,311.6,835.3,0.000,0.7880,1
3084,220,227.1,672.5,262.6,801.1,0.000,0.7619,1
3084,10,1743.7,688.8,1788.3,869.3,0.000,0.7349,1
3084,153,1631.8,697.9,1691.8,872.8,0.000,0.7203,1
3084,209,963.6,718.4,988.8,756.1,0.000,0.3645,0
3084,171,530.8,686.8,629.7,887.5,0.000,0.7934,1
3085,14,1771.7,668.2,1825.4,864.3,0.000,0.7544,1
3085,269,304.0,677.4,349.7,831.6,0.000,0.7797,1
3085,273,167.1,659.1,203.5,785.6,0.000,0.7631,1
3085,223,264.4,679.9,311.4,834.7,0.000,0.7879,1
3085,220,227.2,672.9,262.6,801.2,0.000,0.7621,1
3085,10,1743.9,688.8,1788.6,869.9,0.000,0.7348,1
3085,209,963.7,718.5,988.8,756.1,0.000,0.3645,0
3085,171,526.9,686.9,627.3,887.2,0.000,0.7934,1
3086,14,1771.5,668.2,1825.2,864.5,0.000,0.7544,1
3086,269,304.2,677.2,349.4,831.3,0.000,0.7796,1
3086,273,167.1,659.5,203.3,785.8,0.000,0.7629,1
3086,223,263.6,680.8,310.5,835.1,0.000,0.7879,1
3086,220,227.9,674.7,262.6,801.0,0.000,0.7620,1
3086,10,1743.6,688.4,1788.6,869.9,0.000,0.7349,1
3086,270,507.8,693.5,574.4,882.4,0.000,0.7993,1
3086,209,963.7,718.6,988.8,756.2,0.000,0.3645,0
3086,171,521.5,686.8,624.1,886.7,0.000,0.7934,1
3086,164,1619.9,711.5,1660.9,852.6,0.000,0.7024,1
3086,1,524.5,690.4,600.3,884.7,0.000,0.8031,1
3086,153,1643.9,700.3,1697.1,856.9,0.000,0.7203,1
3087,14,1771.8,668.6,1825.3,864.6,0.000,0.7544,1
3087,269,304.1,677.1,349.0,831.1,0.000,0.7795,1
3087,273,166.8,660.1,202.6,785.7,0.000,0.7626,1
3087,223,263.7,681.2,310.3,834.8,0.000,0.7878,1
3087,220,227.8,675.2,262.3,800.9,0.000,0.7618,1
3087,10,1743.5,688.6,1788.5,870.1,0.000,0.7349,1
3087,284,1533.1,721.8,1586.0,878.6,0.000,0.7041,1
3087,285,1819.7,684.3,1848.9,806.3,0.000,0.7284,1
3087,270,502.8,695.3,567.3,879.5,0.000,0.7995,1
3087,209,963.7,718.6,988.7,756.1,0.000,0.3645,0
3087,171,518.1,687.4,622.5,886.4,0.000,0.7934,1
3087,164,1619.9,712.8,1658.9,846.9,0.000,0.7024,1
3087,153,1647.5,696.3,1702.0,858.4,0.000,0.7203,1
3088,269,304.7,677.2,349.1,831.0,0.000,0.7793,1
3088,273,166.2,660.1,201.7,785.7,0.000,0.7625,1
3088,223,264.3,680.5,311.0,834.3,0.000,0.7876,1
3088,220,227.9,675.9,262.3,801.0,0.000,0.7616,1
3088,10,1743.4,688.7,1788.7,871.1,0.000,0.7353,1
3088,284,1528.9,721.6,1582.9,878.4,0.000,0.7047,1
3088,285,1818.4,684.4,1848.2,807.3,0.000,0.7288,1
3088,270,494.1,698.1,555.1,869.2,0.000,0.7957,1
3088,209,963.6,718.5,988.8,756.1,0.000,0.3645,0
3088,171,514.6,687.9,620.7,886.4,0.000,0.7934,1
3088,164,1619.5,717.2,1658.0,847.7,0.000,0.7024,1
3088,153,1645.9,692.6,1703.6,864.9,0.000,0.7203,1
3088,246,1647.1,696.9,1692.9,866.6,0.000,0.7006,1
3088,1,524.4,691.6,604.3,884.7,0.000,0.8031,1
3089,269,304.8,677.0,349.0,831.0,0.000,0.7793,1
3089,273,165.7,660.2,200.6,785.2,0.000,0.7622,1
3089,223,264.2,681.3,310.7,834.5,0.000,0.7874,1
3089,220,228.6,677.0,262.6,800.9,0.000,0.7613,1
3089,10,1743.3,688.4,1788.7,870.6,0.000,0.7353,1
3089,284,1523.8,720.5,1579.0,879.1,0.000,0.7055,1
3089,285,1816.3,683.1,1846.5,808.2,0.000,0.7299,1
3089,270,491.1,699.8,549.9,866.4,0.000,0.7930,1
3089,172,1480.0,726.3,1531.6,873.9,0.000,0.6904,1
3089,209,963.7,718.6,988.7,756.1,0.000,0.3645,0
3089,171,511.4,689.4,617.0,886.7,0.000,0.7934,1
3089,164,1619.8,717.6,1660.1,855.0,0.000,0.7024,1
3089,153,1647.2,690.9,1704.7,864.4,0.000,0.7203,1
3089,1,521.6,690.1,606.1,885.5,0.000,0.8031,1
3089,14,1774.3,667.9,1826.4,860.2,0.000,0.7544,1
3090,269,305.1,677.1,348.7,829.8,0.000,0.7788,1
3090,273,165.8,659.8,201.2,785.0,0.000,0.7621,1
3090,223,264.8,681.7,310.9,834.1,0.000,0.7871,1
3090,220,229.4,677.7,263.0,801.0,0.000,0.7609,1
3090,284,1518.2,719.7,1574.2,879.7,0.000,0.7061,1
3090,285,1815.0,684.6,1844.6,807.5,0.000,0.7294,1
3090,270,486.5,702.5,543.1,863.8,0.000,0.7901,1
3090,172,1476.0,725.9,1526.9,874.1,0.000,0.6903,1
3090,209,963.6,718.5,988.7,756.1,0.000,0.3645,0
3090,171,506.7,687.5,612.7,887.1,0.000,0.7934,1
3090,164,1618.9,717.9,1659.6,854.8,0.000,0.7024,1
3090,153,1652.1,691.8,1708.2,863.0,0.000,0.7203,1
3090,1,505.7,689.6,588.5,883.6,0.000,0.8031,1
3090,14,1774.2,668.6,1826.2,860.9,0.000,0.7544,1
3091,269,305.2,677.0,348.4,829.4,0.000,0.7784,1
3091,273,165.4,659.5,200.6,785.0,0.000,0.7620,1
3091,223,265.3,681.8,311.1,834.0,0.000,0.7869,1
3091,220,229.5,677.6,263.1,801.0,0.000,0.7607,1
3091,284,1514.5,718.5,1571.1,880.1,0.000,0.7067,1
3091,285,1814.6,686.0,1843.8,807.2,0.000,0.7285,1
3091,270,478.3,701.7,535.7,862.6,0.000,0.7881,1
3091,172,1473.0,725.4,1523.6,874.5,0.000,0.6904,1
3091,209,963.6,719.0,988.4,756.1,0.000,0.3645,0
3091,171,501.4,685.8,606.7,888.5,0.000,0.7934,1
3091,164,1618.0,717.3,1659.8,856.3,0.000,0.7024,1
3091,153,1657.4,690.0,1713.1,863.3,0.000,0.7203,1
3091,1,488.3,697.0,565.3,871.0,0.000,0.8031,1
3091,14,1775.1,669.2,1826.5,860.8,0.000,0.7544,1
3091,10,1744.0,688.0,1789.5,869.8,0.000,0.7353,1
3092,269,305.4,677.3,348.3,829.2,0.000,0.7781,1
3092,273,164.5,659.7,199.5,785.2,0.000,0.7620,1
3092,223,265.6,682.1,311.3,834.7,0.000,0.7869,1
3092,220,229.5,676.8,263.1,800.9,0.000,0.7607,1
3092,284,1510.4,718.6,1567.6,880.5,0.000,0.7072,1
3092,285,1814.1,686.6,1843.0,806.8,0.000,0.7275,1
3092,270,471.9,705.0,529.5,864.9,0.000,0.7878,1
3092,172,1470.0,724.5,1520.0,875.2,0.000,0.6910,1
3092,209,963.6,719.6,988.1,756.1,0.000,0.3645,0
3092,171,497.9,683.5,601.4,887.4,0.000,0.7934,1
3092,164,1608.6,706.9,1655.0,858.8,0.000,0.7024,1
3092,153,1662.2,689.1,1716.5,862.1,0.000,0.7203,1
3092,14,1775.3,668.8,1826.3,860.7,0.000,0.7544,1
3092,10,1743.9,686.9,1789.6,868.8,0.000,0.7353,1
3093,269,305.4,677.4,348.1,829.2,0.000,0.7778,1
3093,273,164.8,658.8,199.6,785.3,0.000,0.7622,1
3093,223,265.4,681.8,311.3,835.2,0.000,0.7871,1
3093,220,229.5,675.9,263.2,800.9,0.000,0.7608,1
3093,284,1503.3,717.3,1561.4,882.7,0.000,0.7088,1
3093,285,1813.2,686.3,1842.3,806.9,0.000,0.7269,1
3093,270,468.2,701.8,526.9,865.6,0.000,0.7879,1
3093,172,1466.2,725.5,1515.3,875.5,0.000,0.6913,1
3093,209,963.7,719.8,988.1,756.2,0.000,0.3645,0
3093,171,499.1,682.0,598.4,883.7,0.000,0.7934,1
3093,164,1606.2,710.9,1652.3,859.7,0.000,0.7024,1
3093,153,1664.9,688.1,1718.6,863.3,0.000,0.7203,1
3093,14,1775.8,666.3,1827.1,861.5,0.000,0.7544,1
3093,10,1744.0,686.3,1789.5,866.8,0.000,0.7353,1
3094,269,305.4,677.7,348.0,829.1,0.000,0.7776,1
3094,273,165.1,658.3,199.7,784.9,0.000,0.7622,1
3094,223,265.4,681.9,311.0,834.4,0.000,0.7869,1
3094,220,229.3,675.5,263.2,801.0,0.000,0.7609,1
3094,284,1498.7,716.8,1556.6,882.4,0.000,0.7094,1
3094,270,465.8,700.5,524.2,866.1,0.000,0.7883,1
3094,172,1462.5,726.1,1510.8,874.4,0.000,0.6907,1
3094,209,963.7,719.7,988.3,756.2,0.000,0.3645,0
3094,171,491.8,681.6,587.2,883.7,0.000,0.7934,1
3094,164,1606.7,713.9,1652.4,860.5,0.000,0.7024,1
3094,153,1669.5,689.1,1721.5,861.6,0.000,0.7203,1
3094,14,1776.3,665.2,1827.1,861.0,0.000,0.7544,1
3094,10,1743.8,685.1,1789.9,868.3,0.000,0.7353,1
3094,1,473.5,695.9,551.6,869.0,0.000,0.8031,1
3095,269,306.0,677.5,348.5,829.2,0.000,0.7775,1
3095,273,165.5,658.2,200.0,784.9,0.000,0.7622,1
3095,223,265.7,681.5,311.4,834.5,0.000,0.7869,1
3095,220,229.0,675.8,262.8,801.0,0.000,0.7610,1
3095,284,1494.0,715.6,1552.7,883.5,0.000,0.7105,1
3095,270,464.3,699.8,521.8,866.2,0.000,0.7886,1
3095,172,1456.7,724.0,1506.0,875.1,0.000,0.6910,1
3095,294,865.9,743.0,890.2,797.6,0.000,0.5219,1
3095,209,963.8,719.7,988.3,756.2,0.000,0.3645,0
3095,171,488.3,679.9,580.0,883.3,0.000,0.7934,1
3095,164,1605.1,713.4,1650.4,860.5,0.000,0.7024,1
3095,153,1672.6,690.9,1723.4,861.4,0.000,0.7203,1
3095,14,1777.8,664.1,1828.7,860.5,0.000,0.7544,1
3095,10,1743.8,684.5,1790.9,871.5,0.000,0.7353,1
3095,75,1734.7,683.5,1798.2,871.4,0.000,0.6981,1
3096,269,306.0,677.4,348.5,829.3,0.000,0.7774,1
3096,273,165.9,657.9,200.5,784.8,0.000,0.7622,1
3096,223,265.9,681.0,311.8,834.7,0.000,0.7870,1
3096,220,228.9,675.9,262.6,801.0,0.000,0.7610,1
3096,284,1488.3,716.3,1547.4,883.5,0.000,0.7111,1
3096,270,462.4,698.6,519.1,866.8,0.000,0.7892,1
3096,172,1448.1,726.0,1497.9,874.4,0.000,0.6905,1
3096,294,865.9,743.4,890.0,797.3,0.000,0.5213,1
3096,209,963.8,719.5,988.5,756.2,0.000,0.3645,0
3096,171,486.2,678.4,574.3,883.1,0.000,0.7934,1
3096,164,1600.5,714.7,1645.7,859.6,0.000,0.7024,1
3096,153,1674.8,692.4,1725.5,862.8,0.000,0.7203,1
3096,14,1774.3,665.8,1826.0,864.2,0.000,0.7544,1
3096,10,1743.5,684.1,1790.6,871.3,0.000,0.7353,1
3096,75,1738.1,684.8,1798.0,873.0,0.000,0.6981,1
3097,269,306.2,677.1,348.7,829.1,0.000,0.7773,1
3097,273,165.6,658.0,200.0,784.8,0.000,0.7622,1
3097,223,266.3,680.5,312.0,833.9,0.000,0.7868,1
3097,220,228.8,676.0,262.5,800.8,0.000,0.7609,1
3097,284,1482.6,716.5,1542.8,882.8,0.000,0.7110,1
3097,270,460.4,696.9,516.3,867.8,0.000,0.7901,1
3097,172,1442.5,727.4,1493.9,874.4,0.000,0.6900,1
3097,294,865.8,743.2,890.0,797.3,0.000,0.5208,1
3097,209,963.8,719.6,988.4,756.2,0.000,0.3594,0
3097,171,482.8,675.3,569.3,884.7,0.000,0.7934,1
3097,164,1594.6,714.2,1641.3,859.9,0.000,0.7024,1
3097,153,1675.5,692.5,1726.7,864.2,0.000,0.7203,1
3097,14,1772.3,667.9,1823.3,864.4,0.000,0.7544,1
3097,10,1743.4,683.7,1790.6,871.0,0.000,0.7353,1
3097,75,1739.6,684.5,1797.5,873.6,0.000,0.6981,1
3098,269,306.5,677.2,349.1,828.8,0.000,0.7771,1
3098,273,165.2,657.9,199.6,784.6,0.000,0.7622,1
3098,223,265.8,681.3,311.3,833.8,0.000,0.7867,1
3098,220,228.8,676.5,262.4,800.7,0.000,0.7608,1
3098,284,1477.2,717.5,1538.9,881.9,0.000,0.7103,1
3098,172,1435.9,728.7,1488.5,874.7,0.000,0.6898,1
3098,294,865.6,742.9,890.0,797.3,0.000,0.5205,1
3098,209,963.8,719.6,988.5,756.2,0.000,0.3589,0
3098,171,471.8,682.4,554.3,882.9,0.000,0.7934,1
3098,164,1592.5,708.6,1641.7,861.8,0.000,0.7024,1
3098,153,1676.4,693.1,1727.8,865.1,0.000,0.7203,1
3098,14,1773.1,667.2,1824.3,864.8,0.000,0.7544,1
3098,10,1743.3,684.3,1790.2,871.5,0.000,0.7353,1
3098,75,1740.5,685.9,1796.3,874.0,0.000,0.6981,1
3099,269,306.2,677.1,348.7,828.6,0.000,0.7770,1
3099,273,164.5,657.5,199.2,785.2,0.000,0.7624,1
3099,223,265.4,681.5,311.0,834.6,0.000,0.7868,1
3099,220,228.6,675.1,262.5,800.9,0.000,0.7610,1
3099,284,1474.1,720.5,1537.0,883.0,0.000,0.7104,1
3099,172,1432.0,729.4,1485.4,875.1,0.000,0.6898,1
3099,294,865.7,742.9,889.9,796.7,0.000,0.5196,1
3099,209,963.8,719.7,988.3,756.1,0.000,0.3585,0
3099,171,463.2,686.2,544.3,882.6,0.000,0.8079,1
3099,164,1591.1,709.8,1640.2,862.8,0.000,0.7024,1
3099,153,1676.7,693.5,1728.3,865.8,0.000,0.7203,1
3099,14,1774.3,666.8,1825.5,864.9,0.000,0.7544,1
3099,10,1744.1,685.1,1790.8,872.0,0.000,0.7353,1
3099,75,1741.4,687.0,1795.7,874.1,0.000,0.6981,1
3099,270,454.8,690.9,514.0,874.7,0.000,0.7901,1
3100,269,306.5,677.2,349.1,828.5,0.000,0.7768,1
3100,273,163.5,656.2,198.4,785.1,0.000,0.7628,1
3100,223,265.5,681.6,311.1,834.9,0.000,0.7869,1
3100,220,228.5,674.4,262.6,800.9,0.000,0.7612,1
3100,284,1471.1,723.2,1535.5,884.0,0.000,0.7107,1
3100,172,1429.3,728.4,1483.2,875.1,0.000,0.6895,1
3100,294,865.6,742.7,890.0,797.1,0.000,0.5192,1
3100,209,963.7,719.8,988.3,756.2,0.000,0.3581,0
3100,171,455.8,684.7,538.8,883.2,0.000,0.8086,1
3100,164,1588.5,707.8,1637.3,862.3,0.000,0.7024,1
3100,153,1676.6,691.2,1729.1,865.4,0.000,0.7203,1
3100,14,1772.8,666.0,1824.8,865.7,0.000,0.7544,1
3100,10,1743.8,685.6,1790.0,871.4,0.000,0.7353,1
3100,75,1741.5,687.3,1794.7,874.1,0.000,0.6981,1
3101,269,306.6,676.9,349.2,828.5,0.000,0.7767,1
3101,273,163.0,656.0,197.9,784.6,0.000,0.7628,1
3101,223,266.2,681.5,311.6,834.7,0.000,0.7869,1
3101,220,228.5,674.2,262.7,801.2,0.000,0.7615,1
3101,284,1468.0,724.8,1533.7,884.7,0.000,0.7111,1
3101,172,1427.0,727.6,1481.3,875.4,0.000,0.6895,1
3101,294,865.5,742.8,889.9,797.1,0.000,0.5189,1
3101,209,963.6,719.6,988.3,756.2,0.000,0.3578,0
3101,171,450.2,684.4,535.3,883.8,0.000,0.8093,1
3101,164,1585.6,710.4,1633.1,861.8,0.000,0.6883,1
3101,153,1676.7,691.1,1729.2,865.0,0.000,0.7211,1
3101,14,1772.9,665.9,1824.9,865.1,0.000,0.7544,1
3101,10,1742.7,685.3,1788.4,870.0,0.000,0.7353,1
3101,246,1619.2,703.6,1655.5,845.0,0.000,0.7006,1
3102,269,306.9,676.8,349.6,828.4,0.000,0.7766,1
3102,273,163.8,656.4,198.4,784.6,0.000,0.7629,1
3102,223,266.4,681.5,311.9,835.0,0.000,0.7870,1
3102,220,228.3,675.1,262.3,801.1,0.000,0.7615,1
3102,284,1465.1,725.6,1531.8,885.2,0.000,0.7115,1
3102,172,1424.8,725.9,1479.9,875.9,0.000,0.6897,1
3102,294,865.8,742.8,890.0,796.7,0.000,0.5184,1
3102,209,963.6,719.6,988.3,756.2,0.000,0.3575,0
3102,171,445.2,683.8,532.9,884.1,0.000,0.8100,1
3102,164,1581.9,714.7,1628.6,863.0,0.000,0.6884,1
3102,153,1676.3,691.2,1729.0,864.8,0.000,0.7214,1
3102,14,1773.0,666.9,1824.9,864.6,0.000,0.7544,1
3102,10,1742.5,686.0,1787.7,869.2,0.000,0.7353,1
3102,246,1619.3,699.0,1655.0,842.2,0.000,0.7006,1
3103,269,306.7,676.7,349.3,828.4,0.000,0.7765,1
3103,273,163.7,657.0,198.2,785.2,0.000,0.7630,1
3103,223,266.5,681.5,312.0,835.0,0.000,0.7870,1
3103,220,228.9,674.9,262.9,801.1,0.000,0.7615,1
3103,284,1463.8,727.3,1530.3,885.3,0.000,0.7116,1
3103,172,1423.2,727.1,1478.1,876.5,0.000,0.6900,1
3103,294,865.6,742.2,890.1,796.6,0.000,0.5179,1
3103,209,963.6,719.7,988.2,756.1,0.000,0.3572,0
3103,171,442.9,683.4,532.6,883.7,0.000,0.8104,1
3103,164,1576.9,717.2,1624.4,864.4,0.000,0.6889,1
3103,153,1683.6,691.6,1732.2,855.2,0.000,0.7183,1
3103,14,1773.5,668.4,1825.1,864.5,0.000,0.7544,1
3103,10,1742.9,686.4,1788.1,869.8,0.000,0.7353,1
3103,246,1619.7,702.0,1654.5,841.6,0.000,0.7006,1
3104,269,306.6,676.8,349.3,828.4,0.000,0.7765,1
3104,273,165.3,656.2,200.1,784.7,0.000,0.7629,1
3104,223,266.7,681.6,312.2,834.9,0.000,0.7870,1
3104,220,229.3,674.2,263.4,801.1,0.000,0.7616,1
3104,284,1460.6,727.6,1526.9,884.9,0.000,0.7114,1
3104,172,1421.5,726.4,1475.9,876.8,0.000,0.6903,1
3104,294,865.3,741.9,889.9,796.4,0.000,0.5174,1
3104,209,963.6,719.7,988.3,756.2,0.000,0.3570,0
3104,171,440.4,683.9,531.6,883.9,0.000,0.8108,1
3104,164,1571.3,718.7,1620.9,866.7,0.000,0.6903,1
3104,14,1773.7,667.6,1825.4,864.1,0.000,0.7554,1
3104,10,1743.3,686.9,1788.4,870.1,0.000,0.7353,1
3104,246,1622.3,708.9,1655.1,841.8,0.000,0.7006,1
3105,269,306.3,677.1,349.1,828.6,0.000,0.7765,1
3105,223,266.5,681.8,312.1,835.4,0.000,0.7872,1
3105,220,229.8,674.5,263.6,801.0,0.000,0.7616,1
3105,284,1456.8,728.8,1521.8,884.5,0.000,0.7109,1
3105,294,865.5,741.8,890.1,796.4,0.000,0.5171,1
3105,209,963.6,719.7,988.3,756.3,0.000,0.3568,0
3105,171,436.4,683.9,528.8,883.7,0.000,0.8111,1
3105,164,1568.8,720.8,1619.9,867.9,0.000,0.6912,1
3105,14,1774.5,668.0,1826.1,863.3,0.000,0.7550,1
3105,10,1743.8,687.8,1788.9,870.3,0.000,0.7353,1
3105,246,1620.4,705.1,1654.5,842.6,0.000,0.7006,1
3106,269,306.0,676.6,349.1,828.6,0.000,0.7766,1
3106,223,266.5,681.5,312.2,835.7,0.000,0.7874,1
3106,220,229.9,674.6,263.8,800.7,0.000,0.7615,1
3106,284,1452.9,723.7,1518.3,884.3,0.000,0.7107,1
3106,294,865.6,741.9,890.1,796.2,0.000,0.5166,1
3106,209,963.7,719.8,988.4,756.2,0.000,0.3566,0
3106,171,429.2,683.9,522.2,883.0,0.000,0.8114,1
3106,164,1566.3,723.7,1619.0,870.0,0.000,0.6927,1
3106,14,1772.4,667.8,1824.5,864.0,0.000,0.7550,1
3106,10,1743.8,687.2,1788.9,869.4,0.000,0.7365,1
3106,246,1619.8,705.2,1654.6,843.1,0.000,0.7006,1
3106,273,165.8,657.7,200.2,784.4,0.000,0.7629,1
3106,172,1417.0,723.6,1470.7,876.0,0.000,0.6903,1
3107,269,306.4,676.8,349.4,828.6,0.000,0.7766,1
3107,223,266.1,681.6,311.8,835.6,0.000,0.7875,1
3107,220,229.8,674.8,263.6,800.5,0.000,0.7613,1
3107,284,1447.7,722.3,1510.8,881.9,0.000,0.7090,1
3107,294,865.3,741.8,890.1,796.9,0.000,0.5167,1
3107,209,963.8,719.7,988.5,756.2,0.000,0.3565,0
3107,171,421.8,684.8,513.3,880.2,0.000,0.8107,1
3107,164,1563.8,726.0,1617.6,870.2,0.000,0.6933,1
3107,14,1772.2,667.0,1824.6,864.2,0.000,0.7552,1
3107,10,1743.1,687.6,1788.3,870.0,0.000,0.7365,1
3107,246,1618.9,705.1,1654.4,843.4,0.000,0.7006,1
3107,273,165.6,657.8,200.1,784.1,0.000,0.7629,1
3107,172,1413.2,724.3,1466.2,877.9,0.000,0.6903,1
3108,269,306.7,676.8,349.9,828.6,0.000,0.7765,1
3108,223,265.8,681.5,311.4,835.3,0.000,0.7875,1
3108,220,230.3,677.4,263.5,800.3,0.000,0.7607,1
3108,284,1443.1,720.3,1505.3,882.0,0.000,0.7083,1
3108,294,865.3,742.0,890.0,796.7,0.000,0.5166,1
3108,209,963.8,719.7,988.4,756.1,0.000,0.3564,0
3108,171,416.8,682.8,507.8,878.4,0.000,0.8101,1
3108,164,1562.1,728.2,1616.7,870.2,0.000,0.6934,1
3108,14,1771.3,665.7,1824.0,864.1,0.000,0.7556,1
3108,10,1742.8,687.9,1788.0,870.3,0.000,0.7364,1
3108,246,1619.9,706.5,1655.7,844.5,0.000,0.7006,1
3108,273,163.8,659.1,198.5,784.3,0.000,0.7629,1
3108,172,1409.9,724.6,1461.7,879.2,0.000,0.6903,1
3109,269,306.6,677.0,349.7,828.5,0.000,0.7765,1
3109,223,265.8,681.1,311.6,835.3,0.000,0.7875,1
3109,220,231.1,678.8,264.0,800.0,0.000,0.7600,1
3109,284,1440.4,718.3,1501.7,882.6,0.000,0.7081,1
3109,294,865.3,741.1,890.2,796.5,0.000,0.5164,1
3109,209,963.7,719.5,988.5,756.2,0.000,0.3565,0
3109,171,414.4,680.1,505.1,877.6,0.000,0.8097,1
3109,164,1560.4,727.0,1616.6,871.0,0.000,0.6938,1
3109,14,1771.8,666.1,1824.2,863.9,0.000,0.7556,1
3109,10,1742.9,687.5,1788.3,870.7,0.000,0.7365,1
3109,246,1620.1,705.6,1656.7,845.3,0.000,0.7006,1
3109,273,164.8,660.1,199.2,785.1,0.000,0.7629,1
3109,172,1406.7,724.6,1458.1,880.8,0.000,0.6903,1
3110,269,307.0,677.2,350.5,828.2,0.000,0.7763,1
3110,223,266.2,681.0,311.9,834.7,0.000,0.7874,1
3110,220,230.6,677.9,263.9,799.7,0.000,0.7596,1
3110,284,1436.8,717.2,1497.1,883.2,0.000,0.7084,1
3110,294,865.3,740.5,890.3,796.4,0.000,0.5162,1
3110,209,963.7,719.4,988.6,756.3,0.000,0.3567,0
3110,171,410.3,678.7,499.3,875.7,0.000,0.8091,1
3110,164,1556.7,728.0,1613.0,871.7,0.000,0.6943,1
3110,14,1771.8,666.1,1824.5,864.8,0.000,0.7558,1
3110,10,1742.7,687.0,1788.3,871.3,0.000,0.7368,1
3110,246,1620.0,704.6,1657.1,845.2,0.000,0.7006,1
3110,273,164.5,659.0,199.5,784.9,0.000,0.7629,1
3110,172,1398.8,724.0,1451.2,880.8,0.000,0.6903,1
3111,269,307.5,677.5,350.9,827.6,0.000,0.7759,1
3111,223,267.0,679.5,313.3,835.1,0.000,0.7875,1
3111,220,231.5,678.3,265.1,800.1,0.000,0.7593,1
3111,284,1430.8,716.5,1491.3,883.9,0.000,0.7088,1
3111,294,864.9,741.3,890.1,797.5,0.000,0.5169,1
3111,209,963.7,719.3,988.7,756.2,0.000,0.3569,0
3111,171,410.8,676.4,500.0,875.5,0.000,0.8088,1
3111,164,1551.8,730.0,1607.1,871.8,0.000,0.6944,1
3111,14,1771.4,665.6,1824.4,865.2,0.000,0.7561,1
3111,10,1742.6,686.2,1788.1,870.5,0.000,0.7369,1
3111,308,751.7,733.0,776.6,803.8,0.000,0.5726,1
3111,246,1619.9,704.0,1657.3,844.8,0.000,0.7006,1
3111,273,163.4,657.7,198.5,784.5,0.000,0.7629,1
3111,172,1391.3,724.3,1443.8,879.5,0.000,0.6903,1
3112,269,309.3,677.6,353.3,828.4,0.000,0.7759,1
3112,223,268.4,679.1,314.8,835.4,0.000,0.7876,1
3112,220,231.1,676.8,265.3,800.3,0.000,0.7594,1
3112,284,1426.4,717.8,1485.9,881.7,0.000,0.7075,1
3112,294,865.1,741.5,890.0,796.9,0.000,0.5169,1
3112,209,963.7,719.1,988.7,756.2,0.000,0.3571,0
3112,171,410.9,675.0,500.0,874.5,0.000,0.8083,1
3112,164,1547.0,727.8,1602.2,870.6,0.000,0.6936,1
3112,14,1771.6,665.2,1824.3,865.3,0.000,0.7563,1
3112,10,1742.6,686.1,1788.0,870.5,0.000,0.7370,1
3112,308,751.6,733.1,776.5,803.8,0.000,0.5728,1
3112,246,1619.5,705.9,1656.2,844.9,0.000,0.7006,1
3112,273,163.2,657.6,198.5,785.6,0.000,0.7629,1
3112,172,1386.3,723.9,1439.7,879.5,0.000,0.6903,1
3113,269,309.9,678.3,353.9,827.9,0.000,0.7755,1
3113,223,269.8,678.0,316.2,835.2,0.000,0.7877,1
3113,220,230.9,673.9,266.0,800.1,0.000,0.7598,1
3113,284,1420.5,719.1,1480.6,882.1,0.000,0.7070,1
3113,294,865.0,741.8,890.0,797.4,0.000,0.5174,1
3113,209,963.7,719.0,988.8,756.3,0.000,0.3574,0
3113,164,1541.5,723.9,1597.3,871.2,0.000,0.6935,1
3113,14,1773.0,665.2,1825.3,865.1,0.000,0.7565,1
3113,10,1742.5,686.8,1787.7,870.8,0.000,0.7369,1
3113,308,751.5,733.0,776.5,803.8,0.000,0.5730,1
3113,246,1620.0,704.4,1657.5,845.6,0.000,0.7006,1
3113,273,165.9,658.4,201.1,785.3,0.000,0.7629,1
3113,172,1382.1,726.6,1435.6,880.3,0.000,0.6903,1
3113,270,403.1,675.8,467.6,876.1,0.000,0.7901,1
3114,269,310.8,679.3,355.0,827.5,0.000,0.7750,1
3114,223,270.0,679.5,316.1,835.7,0.000,0.7877,1
3114,220,231.1,673.4,267.0,799.7,0.000,0.7600,1
3114,284,1416.3,720.0,1477.8,883.3,0.000,0.7072,1
3114,209,963.6,719.1,988.8,756.3,0.000,0.3577,0
3114,164,1537.5,722.5,1592.9,870.7,0.000,0.6929,1
3114,14,1773.4,669.3,1824.0,865.2,0.000,0.7555,1
3114,10,1742.7,686.8,1788.1,871.8,0.000,0.7372,1
3114,308,751.5,732.9,776.4,803.4,0.000,0.5730,1
3114,246,1620.4,703.8,1658.4,845.5,0.000,0.7006,1
3114,273,166.0,658.9,200.7,784.8,0.000,0.7629,1
3114,172,1377.7,726.0,1432.2,881.7,0.000,0.6903,1
3114,270,395.2,677.4,460.2,874.1,0.000,0.7901,1
3115,269,311.8,678.7,356.6,827.1,0.000,0.7746,1
3115,223,270.9,680.4,316.6,835.9,0.000,0.7877,1
3115,220,229.7,672.0,265.9,799.6,0.000,0.7604,1
3115,284,1412.6,720.7,1475.7,884.4,0.000,0.7078,1
3115,209,963.6,719.4,988.7,756.3,0.000,0.3579,0
3115,164,1534.3,722.2,1589.6,871.7,0.000,0.6929,1
3115,14,1773.9,671.0,1823.3,865.3,0.000,0.7547,1
3115,10,1743.0,687.5,1788.2,872.0,0.000,0.7372,1
3115,308,751.5,732.9,776.4,803.3,0.000,0.5729,1
3115,246,1620.1,703.2,1658.7,845.2,0.000,0.7006,1
3115,273,165.5,658.8,200.1,784.9,0.000,0.7629,1
3115,172,1374.8,727.7,1428.4,882.2,0.000,0.6903,1
3115,270,384.3,677.4,452.6,873.2,0.000,0.7901,1
3116,269,311.3,677.8,357.0,827.7,0.000,0.7746,1
3116,223,270.4,680.7,316.4,835.7,0.000,0.7876,1
3116,220,229.7,671.0,266.4,799.9,0.000,0.7609,1
3116,284,1408.9,721.2,1473.8,885.8,0.000,0.7088,1
3116,209,963.5,719.1,988.8,756.4,0.000,0.3582,0
3116,164,1531.1,725.2,1585.8,872.9,0.000,0.6932,1
3116,14,1774.5,672.7,1823.0,865.5,0.000,0.7539,1
3116,10,1743.3,688.0,1788.2,871.9,0.000,0.7371,1
3116,308,751.4,732.9,776.2,803.2,0.000,0.5728,1
3116,246,1620.4,704.0,1659.1,845.2,0.000,0.6823,1
3116,273,164.9,658.1,199.5,785.5,0.000,0.7629,1
3116,172,1371.9,728.2,1425.0,883.5,0.000,0.6903,1
3116,270,375.2,677.2,448.0,872.4,0.000,0.7901,1
3117,269,310.6,678.3,356.4,828.4,0.000,0.7748,1
3117,223,271.0,680.8,317.1,835.7,0.000,0.7875,1
3117,220,230.7,675.4,266.7,800.2,0.000,0.7605,1
3117,284,1406.9,721.6,1472.9,885.4,0.000,0.7090,1
3117,209,963.5,719.2,988.8,756.4,0.000,0.3584,0
3117,164,1527.1,726.9,1581.6,874.0,0.000,0.6938,1
3117,14,1774.8,672.3,1823.0,866.0,0.000,0.7535,1
3117,10,1743.3,687.3,1788.4,872.0,0.000,0.7372,1
3117,308,751.3,732.9,776.2,803.1,0.000,0.5727,1
3117,246,1620.4,704.3,1659.3,845.6,0.000,0.6823,1
3117,273,164.4,658.0,198.9,785.8,0.000,0.7629,1
3117,172,1369.4,728.0,1422.4,885.5,0.000,0.6903,1
3117,270,366.7,677.0,444.6,872.6,0.000,0.7901,1
3118,269,309.3,681.7,354.0,828.4,0.000,0.7746,1
3118,223,271.3,680.9,317.2,834.9,0.000,0.7872,1
3118,220,232.2,679.2,267.1,800.1,0.000,0.7596,1
3118,284,1405.9,721.1,1473.1,885.8,0.000,0.7094,1
3118,209,963.4,719.2,988.8,756.4,0.000,0.3586,0
3118,164,1521.7,727.3,1577.0,875.4,0.000,0.6948,1
3118,14,1775.2,670.9,1823.5,866.5,0.000,0.7536,1
3118,10,1743.4,687.6,1788.1,871.5,0.000,0.7369,1
3118,308,751.2,732.9,776.1,803.1,0.000,0.5726,1
3118,246,1620.5,704.2,1659.6,845.9,0.000,0.6823,1
3118,273,163.9,657.9,198.4,785.8,0.000,0.7629,1
3118,172,1367.3,727.8,1419.1,885.1,0.000,0.6903,1
3118,270,360.2,677.3,442.7,872.2,0.000,0.7901,1
3119,269,309.2,682.4,353.9,828.4,0.000,0.7744,1
3119,223,271.8,680.5,318.1,834.2,0.000,0.7868,1
3119,220,232.4,680.3,266.8,799.9,0.000,0.7589,1
3119,284,1398.6,722.3,1467.3,886.8,0.000,0.7101,1
3119,209,963.5,719.1,989.0,756.5,0.000,0.3589,0
3119,164,1517.8,728.6,1573.9,877.3,0.000,0.6964,1
3119,14,1776.2,670.4,1823.5,861.2,0.000,0.7525,1
3119,10,1743.1,688.3,1787.4,870.9,0.000,0.7364,1
3119,308,751.2,732.8,776.2,803.0,0.000,0.5724,1
3119,246,1620.8,706.3,1659.7,846.2,0.000,0.6815,1
3119,273,164.2,658.1,198.5,786.0,0.000,0.7629,1
3119,172,1365.3,729.2,1413.6,879.2,0.000,0.6903,1
3119,270,355.3,676.7,442.9,873.9,0.000,0.7901,1
3120,269,308.6,681.2,353.3,828.6,0.000,0.7745,1
3120,223,272.3,680.8,318.9,833.6,0.000,0.7863,1
3120,220,232.1,680.7,266.4,799.8,0.000,0.7584,1
3120,284,1397.1,723.2,1465.5,886.4,0.000,0.7102,1
3120,209,963.5,719.4,988.8,756.4,0.000,0.3589,0
3120,164,1516.2,729.5,1572.7,877.8,0.000,0.6975,1
3120,14,1776.1,668.1,1824.0,861.9,0.000,0.7529,1
3120,10,1742.5,687.5,1786.4,869.5,0.000,0.7359,1
3120,308,751.3,732.9,776.2,802.9,0.000,0.5722,1
3120,246,1621.5,710.5,1659.4,846.1,0.000,0.6798,1
3120,262,1703.7,696.0,1729.3,829.7,0.000,0.7013,1
3120,273,163.3,658.0,197.8,786.0,0.000,0.7629,1
3120,172,1364.2,730.0,1409.2,871.1,0.000,0.6903,1
3120,270,350.8,676.9,441.8,873.8,0.000,0.7901,1
3121,269,310.3,681.1,355.6,829.0,0.000,0.7746,1
3121,223,273.7,681.9,320.5,833.2,0.000,0.7857,1
3121,220,231.7,681.1,265.9,800.2,0.000,0.7583,1
3121,284,1393.3,721.8,1462.0,886.7,0.000,0.7107,1
3121,209,963.5,719.5,988.7,756.3,0.000,0.3589,0
3121,164,1514.0,729.6,1570.9,878.5,0.000,0.6986,1
3121,14,1775.6,665.8,1824.0,862.3,0.000,0.7537,1
3121,10,1742.2,686.9,1785.8,868.8,0.000,0.7356,1
3121,308,751.3,733.2,776.1,802.9,0.000,0.5721,1
3121,246,1620.9,706.5,1659.8,846.1,0.000,0.6800,1
3121,262,1703.9,696.0,1729.3,829.4,0.000,0.7009,1
3121,273,163.3,658.3,197.7,786.0,0.000,0.7635,1
3121,172,1358.9,729.3,1406.0,878.5,0.000,0.6959,1
3121,270,347.5,679.1,439.7,872.8,0.000,0.7901,1
3121,75,1770.4,665.2,1825.3,866.8,0.000,0.6981,1
3122,269,310.5,682.0,355.5,828.6,0.000,0.7744,1
3122,223,273.0,682.3,320.2,833.0,0.000,0.7852,1
3122,220,231.2,680.9,265.5,800.4,0.000,0.7582,1
3122,284,1388.9,719.6,1457.0,886.3,0.000,0.7108,1
3122,209,963.4,719.3,988.7,756.3,0.000,0.3589,0
3122,164,1510.9,730.7,1568.2,879.3,0.000,0.6997,1
3122,14,1775.4,664.2,1824.0,862.4,0.000,0.7546,1
3122,10,1742.1,686.6,1785.5,868.6,0.000,0.7354,1
3122,308,751.2,733.2,775.9,802.8,0.000,0.5719,1
3122,246,1620.9,707.1,1659.7,846.0,0.000,0.6795,1
3122,262,1703.9,695.9,1729.1,829.2,0.000,0.7007,1
3122,273,163.2,658.5,197.6,786.2,0.000,0.7636,1
3122,172,1355.0,730.0,1401.9,879.3,0.000,0.6962,1
3122,270,343.4,678.1,435.8,868.0,0.000,0.7901,1
3122,75,1771.8,664.8,1825.3,866.6,0.000,0.6981,1
3122,171,371.5,679.9,452.9,869.4,0.000,0.8083,1
3123,269,311.5,681.9,357.1,828.7,0.000,0.7743,1
3123,223,272.7,681.8,320.8,833.2,0.000,0.7850,1
3123,220,230.9,681.3,265.0,800.4,0.000,0.7582,1
3123,284,1384.2,720.6,1450.8,886.8,0.000,0.7112,1
3123,209,963.4,719.1,989.0,756.4,0.000,0.3591,0
3123,164,1507.8,730.3,1565.0,879.9,0.000,0.7007,1
3123,14,1775.0,663.4,1823.6,862.2,0.000,0.7553,1
3123,10,1742.0,687.4,1784.8,867.7,0.000,0.7348,1
3123,308,751.1,733.1,775.9,802.9,0.000,0.5718,1
3123,246,1620.9,707.0,1659.9,845.9,0.000,0.6791,1
3123,262,1704.0,695.5,1729.2,829.2,0.000,0.7008,1
3123,273,162.4,658.3,197.0,786.2,0.000,0.7637,1
3123,172,1347.5,730.0,1395.9,879.9,0.000,0.6968,1
3123,270,332.0,675.3,423.0,865.8,0.000,0.7901,1
3123,75,1772.1,665.0,1824.8,866.6,0.000,0.6981,1
3123,171,376.4,682.7,452.3,867.9,0.000,0.8083,1
3124,269,310.2,682.0,355.9,828.8,0.000,0.7744,1
3124,223,271.6,681.8,320.2,832.9,0.000,0.7848,1
3124,220,230.7,681.7,264.7,800.6,0.000,0.7582,1
3124,284,1378.3,722.6,1443.3,887.1,0.000,0.7114,1
3124,209,963.5,719.3,988.8,756.3,0.000,0.3591,0
3124,164,1501.7,730.7,1558.4,879.6,0.000,0.7011,1
3124,14,1776.5,665.3,1823.6,859.4,0.000,0.7547,1
3124,10,1742.2,688.1,1784.9,868.4,0.000,0.7347,1
3124,308,751.0,732.9,775.9,802.9,0.000,0.5717,1
3124,246,1621.1,709.0,1659.8,845.6,0.000,0.6781,1
3124,262,1704.3,695.5,1729.4,828.9,0.000,0.7007,1
3124,273,161.9,658.7,196.7,786.7,0.000,0.7640,1
3124,172,1341.2,733.7,1390.8,882.1,0.000,0.6991,1
3124,270,329.4,672.0,420.5,865.2,0.000,0.7901,1
3124,171,381.3,687.0,452.0,868.6,0.000,0.8083,1
3125,269,310.3,681.4,356.5,828.8,0.000,0.7744,1
3125,223,270.5,681.8,319.4,832.6,0.000,0.7846,1
3125,220,230.7,681.7,264.8,800.7,0.000,0.7583,1
3125,284,1375.2,720.8,1439.8,886.9,0.000,0.7116,1
3125,209,963.4,719.1,989.0,756.4,0.000,0.3592,0
3125,164,1492.8,733.9,1548.7,879.6,0.000,0.7015,1
3125,14,1777.4,666.3,1823.8,858.7,0.000,0.7543,1
3125,10,1742.4,688.2,1784.9,868.0,0.000,0.7344,1
3125,308,750.8,732.8,775.8,803.0,0.000,0.5717,1
3125,246,1621.5,712.3,1659.5,845.5,0.000,0.6764,1
3125,262,1704.4,695.5,1729.5,829.2,0.000,0.7008,1
3125,273,162.2,659.0,197.0,786.7,0.000,0.7641,1
3125,172,1334.6,734.4,1387.0,883.4,0.000,0.7015,1
3125,270,326.7,669.6,416.7,864.6,0.000,0.7901,1
3126,269,310.1,680.7,357.0,829.6,0.000,0.7748,1
3126,223,270.2,682.3,319.9,833.2,0.000,0.7846,1
3126,220,230.4,679.9,265.0,800.7,0.000,0.7584,1
3126,284,1372.2,721.9,1436.0,887.8,0.000,0.7122,1
3126,209,963.6,719.3,989.0,756.5,0.000,0.3592,0
3126,164,1492.4,732.5,1548.0,879.7,0.000,0.7016,1
3126,14,1776.3,665.1,1823.3,860.7,0.000,0.7550,1
3126,10,1742.2,687.4,1784.5,867.3,0.000,0.7342,1
3126,308,750.8,732.6,776.0,803.0,0.000,0.5717,1
3126,246,1620.8,706.7,1660.6,845.3,0.000,0.6769,1
3126,262,1704.5,695.8,1729.5,828.9,0.000,0.7006,1
3126,273,162.8,659.4,197.4,786.3,0.000,0.7640,1
3126,172,1326.5,733.7,1381.2,883.1,0.000,0.7031,1
3126,270,322.7,668.1,409.4,863.0,0.000,0.7901,1
3126,171,376.0,698.3,441.9,866.5,0.000,0.8083,1
3127,269,310.0,681.3,356.3,829.5,0.000,0.7749,1
3127,223,271.4,683.5,321.0,832.5,0.000,0.7842,1
3127,220,230.8,680.8,265.1,800.6,0.000,0.7584,1
3127,284,1367.0,720.1,1431.9,890.1,0.000,0.7141,1
3127,209,963.6,719.3,989.1,756.6,0.000,0.3593,0
3127,164,1491.4,730.2,1546.5,878.9,0.000,0.7010,1
3127,14,1775.6,663.1,1822.9,861.4,0.000,0.7559,1
3127,10,1742.3,686.8,1784.4,867.2,0.000,0.7342,1
3127,308,750.8,732.7,776.0,803.0,0.000,0.5717,1
3127,246,1620.3,704.3,1661.0,845.2,0.000,0.6779,1
3127,262,1704.5,696.0,1729.5,829.1,0.000,0.7005,1
3127,273,162.2,659.1,197.0,786.4,0.000,0.7640,1
3127,172,1321.2,736.6,1377.3,884.6,0.000,0.7058,1
3127,270,321.2,665.9,405.1,861.7,0.000,0.7901,1
3127,171,367.7,693.1,437.1,866.5,0.000,0.8083,1
3128,269,307.3,679.7,353.3,830.3,0.000,0.7756,1
3128,223,272.5,681.9,322.4,830.7,0.000,0.7834,1
3128,220,231.1,680.7,265.3,800.5,0.000,0.7584,1
3128,284,1359.5,722.7,1423.7,889.4,0.000,0.7147,1
3128,209,963.7,719.3,989.1,756.6,0.000,0.3592,0
3128,164,1488.3,727.8,1544.1,879.5,0.000,0.7012,1
3128,14,1776.3,662.5,1823.5,861.2,0.000,0.7565,1
3128,10,1742.2,686.7,1784.1,867.2,0.000,0.7343,1
3128,308,750.8,732.8,776.0,803.0,0.000,0.5716,1
3128,246,1620.1,703.3,1661.3,845.1,0.000,0.6790,1
3128,262,1704.5,696.2,1729.4,829.1,0.000,0.7004,1
3128,273,162.0,659.3,196.8,786.2,0.000,0.7639,1
3128,172,1318.7,734.9,1373.6,880.7,0.000,0.7047,1
3128,270,317.9,667.7,397.5,861.8,0.000,0.8078,1
3128,171,364.8,688.7,436.8,866.7,0.000,0.8083,1
3129,269,303.1,678.7,349.0,831.0,0.000,0.7766,1
3129,223,270.5,681.9,320.9,830.7,0.000,0.7832,1
3129,220,231.1,680.1,265.6,800.3,0.000,0.7583,1
3129,284,1348.5,725.8,1413.5,890.6,0.000,0.7162,1
3129,209,963.7,719.2,989.2,756.6,0.000,0.3593,0
3129,164,1482.7,725.9,1539.3,879.6,0.000,0.7013,1
3129,14,1775.9,661.7,1823.6,862.3,0.000,0.7573,1
3129,10,1742.2,686.2,1783.8,866.3,0.000,0.7341,1
3129,246,1620.2,702.9,1661.7,845.2,0.000,0.6800,1
3129,262,1704.7,695.9,1729.6,829.4,0.000,0.7006,1
3129,273,162.1,659.6,197.0,785.9,0.000,0.7637,1
3129,172,1314.4,733.8,1369.2,880.9,0.000,0.7046,1
3129,270,315.1,667.6,391.4,860.5,0.000,0.8073,1
3129,171,361.3,685.3,435.0,866.0,0.000,0.8083,1
3130,223,269.2,681.3,320.5,831.3,0.000,0.7832,1
3130,220,230.6,679.4,265.2,800.4,0.000,0.7584,1
3130,284,1343.0,729.3,1408.3,890.8,0.000,0.7177,1
3130,209,963.5,719.2,989.0,756.5,0.000,0.3593,0
3130,164,1474.8,727.0,1532.3,879.9,0.000,0.7015,1
3130,14,1777.8,663.5,1824.6,861.7,0.000,0.7572,1
3130,10,1742.6,687.3,1783.9,866.2,0.000,0.7338,1
3130,246,1620.4,704.0,1661.7,845.2,0.000,0.6803,1
3130,262,1704.9,695.8,1729.6,829.2,0.000,0.7006,1
3130,273,162.3,659.4,197.3,786.0,0.000,0.7637,1
3130,172,1310.4,733.5,1365.6,883.2,0.000,0.7061,1
3130,171,362.8,685.1,436.3,865.4,0.000,0.8083,1
3131,220,230.1,678.8,264.8,800.5,0.000,0.7586,1
3131,284,1338.5,729.8,1405.1,891.2,0.000,0.7192,1
3131,209,963.6,718.9,989.1,756.4,0.000,0.3595,0
3131,164,1469.3,728.2,1528.1,880.2,0.000,0.7016,1
3131,14,1777.2,661.5,1824.2,861.0,0.000,0.7576,1
3131,10,1743.1,688.0,1784.3,867.0,0.000,0.7338,1
3131,246,1620.3,704.5,1661.6,845.0,0.000,0.6803,1
3131,262,1704.9,695.5,1729.4,828.6,0.000,0.7005,1
3131,273,162.0,659.2,197.1,786.0,0.000,0.7637,1
3131,172,1309.3,733.4,1363.9,884.2,0.000,0.7075,1
3131,171,362.7,684.4,436.2,864.9,0.000,0.8083,1
3131,270,298.9,664.0,376.1,860.5,0.000,0.8073,1
3132,220,229.9,678.8,264.4,800.5,0.000,0.7587,1
3132,284,1335.2,730.7,1402.5,890.6,0.000,0.7200,1
3132,209,963.6,718.9,989.1,756.3,0.000,0.3597,0
3132,164,1465.7,730.2,1525.7,880.3,0.000,0.7015,1
3132,14,1778.0,663.5,1824.1,860.3,0.000,0.7572,1
3132,10,1743.2,688.2,1784.2,866.5,0.000,0.7336,1
3132,246,1620.0,705.4,1661.3,845.3,0.000,0.6802,1
3132,262,1704.4,695.0,1729.0,829.1,0.000,0.7009,1
3132,273,162.2,659.4,197.4,786.0,0.000,0.7636,1
3132,172,1307.5,732.6,1361.7,885.1,0.000,0.7089,1
3132,324,1823.6,677.8,1861.9,818.9,0.000,0.7372,1
3132,171,362.0,683.5,435.9,865.5,0.000,0.8083,1
3132,270,292.0,663.5,369.8,860.6,0.000,0.8073,1
3133,220,230.0,678.6,264.4,800.7,0.000,0.7589,1
3133,284,1333.0,728.5,1402.5,890.7,0.000,0.7208,1
3133,209,963.8,718.9,989.2,756.4,0.000,0.3598,0
3133,164,1462.4,731.8,1524.1,881.2,0.000,0.7020,1
3133,14,1775.4,663.6,1822.8,863.9,0.000,0.7581,1
3133,10,1742.3,687.5,1783.4,866.4,0.000,0.7336,1
3133,246,1619.9,705.8,1661.2,845.3,0.000,0.6799,1
3133,262,1704.7,695.8,1729.1,829.5,0.000,0.7009,1
3133,273,162.4,659.4,197.5,786.0,0.000,0.7635,1
3133,172,1304.6,731.6,1357.9,885.6,0.000,0.7101,1
3133,324,1825.3,676.3,1863.8,818.3,0.000,0.7381,1
3133,171,359.2,682.8,433.7,866.5,0.000,0.8083,1
3133,270,285.6,663.6,364.2,859.7,0.000,0.8073,1
3134,220,230.0,678.8,264.2,800.6,0.000,0.7589,1
3134,284,1330.6,728.2,1401.2,890.4,0.000,0.7212,1
3134,209,963.8,718.7,989.4,756.4,0.000,0.3601,0
3134,164,1460.0,733.7,1522.9,881.9,0.000,0.7025,1
3134,14,1774.0,663.9,1822.1,865.1,0.000,0.7585,1
3134,10,1741.8,687.8,1782.5,866.2,0.000,0.7334,1
3134,246,1619.9,706.1,1661.2,845.2,0.000,0.6797,1
3134,262,1704.3,698.0,1729.1,834.6,0.000,0.7018,1
3134,273,162.8,659.7,197.8,786.0,0.000,0.7635,1
3134,172,1302.4,730.4,1355.6,886.5,0.000,0.7115,1
3134,324,1828.0,675.4,1866.2,818.2,0.000,0.7391,1
3134,171,358.0,687.9,430.3,867.0,0.000,0.8083,1
3134,270,278.6,664.4,359.0,859.7,0.000,0.8073,1
3135,220,230.1,678.3,264.2,800.5,0.000,0.7590,1
3135,284,1327.4,728.4,1398.8,890.9,0.000,0.7220,1
3135,209,963.7,718.8,989.2,756.4,0.000,0.3603,0
3135,164,1458.0,734.4,1522.2,882.0,0.000,0.7029,1
3135,14,1771.8,664.6,1820.8,866.1,0.000,0.7586,1
3135,10,1741.9,688.9,1781.7,863.9,0.000,0.7323,1
3135,246,1619.6,705.7,1661.2,845.1,0.000,0.6796,1
3135,262,1702.8,698.4,1728.7,841.1,0.000,0.7035,1
3135,273,163.0,660.0,197.8,786.1,0.000,0.7634,1
3135,172,1298.0,729.4,1350.3,887.0,0.000,0.7128,1
3135,171,355.5,683.7,428.1,866.0,0.000,0.8083,1
3135,270,279.5,665.2,360.8,859.3,0.000,0.8073,1
3136,220,230.6,677.7,264.7,800.5,0.000,0.7591,1
3136,284,1322.7,727.1,1394.8,890.5,0.000,0.7222,1
3136,209,963.7,718.9,989.0,756.3,0.000,0.3604,0
3136,164,1455.0,733.2,1520.8,882.3,0.000,0.7032,1
3136,14,1770.6,664.9,1820.7,867.1,0.000,0.7587,1
3136,10,1742.2,688.0,1781.5,862.2,0.000,0.7314,1
3136,246,1619.6,705.8,1661.3,845.1,0.000,0.6797,1
3136,273,163.5,659.7,198.2,785.9,0.000,0.7633,1
3136,172,1293.3,730.1,1343.7,886.1,0.000,0.7132,1
3136,171,346.8,682.0,419.7,864.9,0.000,0.8083,1
3136,270,276.4,664.0,359.0,857.2,0.000,0.8073,1
3136,324,1831.4,681.7,1866.7,816.4,0.000,0.7391,1
3137,220,230.7,677.6,264.8,800.6,0.000,0.7592,1
3137,284,1317.9,726.1,1390.1,890.1,0.000,0.7222,1
3137,209,963.6,718.2,989.4,756.5,0.000,0.3610,0
3137,164,1452.6,733.2,1518.4,881.3,0.000,0.7028,1
3137,14,1771.9,665.6,1822.3,866.1,0.000,0.7582,1
3137,10,1741.9,688.5,1780.9,862.7,0.000,0.7310,1
3137,246,1620.2,709.9,1661.0,845.3,0.000,0.6782,1
3137,273,163.7,659.8,198.4,785.9,0.000,0.7632,1
3137,172,1287.3,732.4,1336.5,886.6,0.000,0.7142,1
3137,171,345.9,680.2,417.4,862.9,0.000,0.8083,1
3137,270,272.5,663.8,357.1,858.4,0.000,0.8073,1
3137,262,1700.6,694.3,1727.3,839.5,0.000,0.7035,1
3138,220,230.6,677.2,264.7,801.0,0.000,0.7595,1
3138,284,1313.3,724.2,1385.0,889.3,0.000,0.7216,1
3138,209,963.7,718.5,989.3,756.5,0.000,0.3613,0
3138,164,1448.9,730.9,1514.9,880.8,0.000,0.7022,1
3138,14,1771.4,665.7,1821.9,865.9,0.000,0.7578,1
3138,10,1741.5,688.8,1780.7,865.2,0.000,0.7316,1
3138,246,1620.3,711.4,1660.8,845.6,0.000,0.6769,1
3138,273,163.5,660.1,198.1,786.1,0.000,0.7632,1
3138,172,1281.1,733.2,1331.3,886.1,0.000,0.7146,1
3138,270,268.9,662.1,355.1,859.0,0.000,0.8073,1
3138,262,1700.7,693.4,1727.4,837.6,0.000,0.7035,1
3139,220,230.2,675.8,264.6,801.5,0.000,0.7601,1
3139,284,1309.3,723.1,1378.5,886.7,0.000,0.7195,1
3139,209,963.7,718.6,989.1,756.4,0.000,0.3615,0
3139,164,1444.7,728.0,1510.8,880.7,0.000,0.7019,1
3139,14,1774.7,664.7,1824.6,863.4,0.000,0.7573,1
3139,10,1741.1,689.9,1780.3,868.1,0.000,0.7324,1
3139,246,1620.1,710.4,1660.9,845.8,0.000,0.6763,1
3139,273,163.7,659.7,198.3,786.0,0.000,0.7632,1
3139,172,1274.5,733.2,1326.3,885.9,0.000,0.7151,1
3139,270,263.6,659.9,349.9,857.7,0.000,0.8073,1
3139,262,1697.1,694.2,1724.9,841.4,0.000,0.7035,1
3140,220,229.7,676.3,264.1,801.8,0.000,0.7605,1
3140,284,1304.7,723.6,1372.2,887.9,0.000,0.7190,1
3140,209,963.4,718.8,988.8,756.3,0.000,0.3617,0
3140,164,1439.4,728.9,1503.8,881.1,0.000,0.7018,1
3140,14,1776.4,665.6,1825.7,861.6,0.000,0.7565,1
3140,10,1741.2,689.9,1780.3,869.0,0.000,0.7331,1
3140,246,1619.7,708.6,1660.9,845.7,0.000,0.6763,1
3140,273,163.5,659.7,198.1,785.8,0.000,0.7631,1
3140,172,1268.3,733.3,1321.9,886.4,0.000,0.7159,1
3140,270,259.1,659.2,343.8,855.5,0.000,0.8073,1
3140,262,1694.0,694.3,1722.7,841.6,0.000,0.7035,1
3140,171,338.7,690.6,402.7,859.2,0.000,0.8083,1
3141,220,229.4,676.1,263.9,801.9,0.000,0.7608,1
3141,284,1300.0,720.4,1367.3,888.9,0.000,0.7193,1
3141,209,963.0,718.7,988.8,757.0,0.000,0.3620,0
3141,164,1435.0,727.2,1499.1,881.5,0.000,0.7020,1
3141,14,1773.4,665.9,1823.3,864.3,0.000,0.7567,1
3141,10,1742.3,691.4,1780.6,867.6,0.000,0.7324,1
3141,246,1618.8,707.6,1660.0,845.9,0.000,0.6767,1
3141,273,163.8,660.0,198.3,785.6,0.000,0.7629,1
3141,172,1260.7,732.4,1315.6,886.5,0.000,0.7165,1
3141,262,1693.9,695.1,1723.0,843.4,0.000,0.7035,1
3141,171,336.7,690.2,399.0,858.9,0.000,0.8083,1
3142,220,229.2,676.6,263.5,801.8,0.000,0.7610,1
3142,284,1297.6,721.2,1363.3,889.9,0.000,0.7198,1
3142,209,961.8,717.9,989.8,759.9,0.000,0.3635,0
3142,164,1427.9,723.9,1493.0,883.1,0.000,0.7032,1
3142,14,1771.4,666.7,1821.7,865.5,0.000,0.7567,1
3142,10,1742.3,691.8,1780.0,867.3,0.000,0.7319,1
3142,246,1618.7,707.4,1659.9,846.0,0.000,0.6768,1
3142,273,163.7,659.8,198.4,785.8,0.000,0.7629,1
3142,172,1259.4,732.1,1316.5,887.8,0.000,0.7178,1
3142,262,1693.6,694.8,1722.7,841.5,0.000,0.7035,1
3142,171,333.6,695.3,393.1,858.2,0.000,0.8083,1
3142,269,311.7,703.8,351.0,833.4,0.000,0.7766,1
3143,220,229.1,677.0,263.3,801.8,0.000,0.7611,1
3143,284,1294.7,721.6,1359.4,891.6,0.000,0.7211,1
3143,209,962.5,718.3,990.7,761.2,0.000,0.3649,0
3143,164,1425.4,723.9,1489.7,883.2,0.000,0.7038,1
3143,14,1771.7,667.4,1821.9,865.4,0.000,0.7564,1
3143,10,1742.0,693.0,1779.1,867.4,0.000,0.7312,1
3143,246,1618.6,706.2,1659.9,846.0,0.000,0.6772,1
3143,273,163.9,659.9,198.4,785.7,0.000,0.7629,1
3143,172,1257.4,734.1,1314.6,888.2,0.000,0.7191,1
3143,171,329.4,698.2,388.1,858.6,0.000,0.8083,1
3143,269,305.9,697.1,347.7,835.7,0.000,0.7766,1
3144,220,229.7,676.4,264.0,801.8,0.000,0.7612,1
3144,284,1292.2,719.6,1356.2,891.3,0.000,0.7217,1
3144,164,1418.3,724.5,1483.2,884.3,0.000,0.7048,1
3144,14,1772.9,667.6,1822.7,864.4,0.000,0.7559,1
3144,10,1741.9,695.0,1778.3,867.9,0.000,0.7304,1
3144,246,1618.5,705.4,1659.8,845.9,0.000,0.6777,1
3144,273,164.0,659.6,198.5,785.5,0.000,0.7628,1
3144,171,330.6,693.6,389.5,858.5,0.000,0.8083,1
3144,269,306.0,687.3,351.6,839.1,0.000,0.7766,1
3145,220,229.5,675.7,264.0,801.5,0.000,0.7613,1
3145,284,1288.8,721.9,1351.3,891.2,0.000,0.7220,1
3145,164,1414.2,725.3,1478.5,884.2,0.000,0.7052,1
3145,14,1773.0,667.0,1822.9,864.1,0.000,0.7557,1
3145,10,1741.6,694.6,1777.7,868.1,0.000,0.7300,1
3145,246,1618.4,704.1,1659.9,845.9,0.000,0.6785,1
3145,273,163.8,659.7,198.4,785.8,0.000,0.7628,1
3145,171,327.9,692.7,386.8,858.2,0.000,0.8083,1
3145,269,306.7,685.2,351.2,837.9,0.000,0.7766,1
3145,270,240.1,653.7,319.7,848.4,0.000,0.8073,1
3145,172,1250.9,729.7,1309.3,890.4,0.000,0.7191,1
3146,220,229.7,675.5,264.2,801.6,0.000,0.7614,1
3146,284,1285.0,726.2,1345.6,890.1,0.000,0.7216,1
3146,164,1410.3,725.7,1475.2,885.7,0.000,0.7064,1
3146,14,1773.6,666.8,1823.7,864.2,0.000,0.7557,1
3146,10,1741.4,695.2,1777.1,868.5,0.000,0.7295,1
3146,246,1618.1,704.1,1659.4,845.9,0.000,0.6791,1
3146,273,163.4,659.1,198.3,785.9,0.000,0.7630,1
3146,171,320.6,684.8,382.7,857.5,0.000,0.8083,1
3146,269,306.8,683.4,350.4,838.2,0.000,0.7766,1
3146,270,236.4,655.4,312.4,847.9,0.000,0.8073,1
3146,172,1249.9,728.4,1306.2,886.7,0.000,0.7191,1
3147,220,226.8,673.0,267.6,826.6,0.000,0.7709,1
3147,284,1280.9,728.1,1341.6,890.6,0.000,0.7222,1
3147,164,1406.6,727.4,1471.6,886.5,0.000,0.7075,1
3147,14,1775.1,666.4,1825.7,864.2,0.000,0.7557,1
3147,10,1741.5,695.3,1776.9,868.8,0.000,0.7292,1
3147,246,1618.3,705.5,1658.8,845.4,0.000,0.6789,1
3147,273,163.6,659.0,198.6,785.8,0.000,0.7630,1
3147,171,316.5,681.8,380.7,857.6,0.000,0.8083,1
3147,269,304.8,681.1,348.4,840.4,0.000,0.7766,1
3147,172,1247.2,727.5,1304.1,888.9,0.000,0.7191,1
3148,284,1268.9,729.8,1332.3,892.0,0.000,0.7239,1
3148,164,1405.6,730.3,1469.9,887.4,0.000,0.7088,1
3148,14,1774.7,665.8,1825.7,864.6,0.000,0.7560,1
3148,10,1741.8,696.5,1776.7,869.0,0.000,0.7287,1
3148,246,1618.3,707.4,1658.0,845.4,0.000,0.6781,1
3148,273,163.4,658.9,198.4,785.2,0.000,0.7628,1
3148,171,316.3,683.5,380.4,857.5,0.000,0.8083,1
3148,269,301.8,682.9,346.3,847.4,0.000,0.7766,1
3148,172,1243.6,728.9,1292.5,870.6,0.000,0.7191,1
3148,270,226.0,655.9,301.2,847.6,0.000,0.8073,1
3149,284,1262.1,731.1,1328.4,892.8,0.000,0.7257,1
3149,164,1404.9,730.4,1469.5,887.9,0.000,0.7102,1
3149,14,1773.9,664.9,1825.3,865.0,0.000,0.7564,1
3149,10,1742.5,702.0,1776.1,869.5,0.000,0.7272,1
3149,246,1618.6,707.3,1658.2,845.4,0.000,0.6777,1
3149,273,163.6,658.9,198.6,784.9,0.000,0.7627,1
3149,171,312.1,681.3,378.3,857.5,0.000,0.8083,1
3149,269,298.4,680.8,343.3,848.3,0.000,0.7766,1
3149,270,221.1,657.9,295.2,846.8,0.000,0.8073,1
3150,284,1259.7,732.9,1327.0,891.4,0.000,0.7262,1
3150,164,1399.4,730.4,1464.9,887.5,0.000,0.7110,1
3150,14,1773.4,664.2,1825.2,865.6,0.000,0.7569,1
3150,10,1743.4,704.1,1776.5,869.7,0.000,0.7259,1
3150,246,1618.1,706.6,1658.2,847.8,0.000,0.6786,1
3150,273,163.3,658.9,198.3,784.6,0.000,0.7625,1
3150,171,310.2,684.8,376.5,857.2,0.000,0.8083,1
3150,270,218.2,658.1,292.7,846.4,0.000,0.8073,1
3150,172,1232.3,727.6,1285.3,885.4,0.000,0.7191,1
3151,284,1257.5,734.8,1325.8,890.9,0.000,0.7267,1
3151,164,1393.5,730.4,1459.6,887.4,0.000,0.7117,1
3151,14,1773.3,663.9,1825.5,866.4,0.000,0.7574,1
3151,10,1743.6,702.9,1776.8,869.8,0.000,0.7253,1
3151,246,1617.4,705.3,1658.1,850.4,0.000,0.6805,1
3151,273,163.1,658.8,197.9,784.3,0.000,0.7623,1
3151,171,308.8,685.4,375.9,856.4,0.000,0.8083,1
3151,270,215.8,656.9,291.0,846.3,0.000,0.8073,1
3151,209,963.2,717.9,989.1,757.8,0.000,0.3649,0
3152,284,1252.7,729.8,1323.9,891.2,0.000,0.7272,1
3152,164,1391.0,730.5,1456.3,887.2,0.000,0.7121,1
3152,14,1772.8,664.0,1825.2,867.6,0.000,0.7578,1
3152,10,1743.0,701.7,1776.4,870.7,0.000,0.7253,1
3152,246,1617.3,704.0,1658.5,852.5,0.000,0.6827,1
3152,273,162.9,658.7,197.7,784.2,0.000,0.7621,1
3152,171,306.6,682.1,375.1,854.6,0.000,0.8083,1
3152,270,214.3,656.4,289.3,845.7,0.000,0.8073,1
3152,209,963.6,718.0,988.8,757.3,0.000,0.3649,0
3152,172,1213.5,728.4,1265.7,884.7,0.000,0.7191,1
3153,284,1247.8,726.8,1320.0,890.7,0.000,0.7271,1
3153,164,1389.6,729.5,1454.0,887.6,0.000,0.7128,1
3153,14,1772.3,663.6,1824.6,867.9,0.000,0.7582,1
3153,246,1616.3,703.4,1656.9,853.3,0.000,0.6846,1
3153,273,162.4,658.7,197.2,784.3,0.000,0.7621,1
3153,171,304.0,679.5,374.2,854.9,0.000,0.8083,1
3153,270,213.1,657.6,287.7,845.5,0.000,0.8073,1
3153,209,963.7,717.8,988.6,756.9,0.000,0.3649,0
3153,172,1206.3,731.6,1259.4,886.5,0.000,0.7191,1
3153,262,1680.9,696.8,1709.1,836.2,0.000,0.7035,1
3154,284,1241.8,726.8,1312.4,888.0,0.000,0.7253,1
3154,164,1387.9,728.5,1451.4,887.6,0.000,0.7131,1
3154,14,1772.3,663.3,1824.2,867.8,0.000,0.7584,1
3154,273,163.0,658.8,197.7,784.5,0.000,0.7621,1
3154,171,303.2,684.0,372.2,854.5,0.000,0.8083,1
3154,270,211.4,654.7,286.3,845.0,0.000,0.8073,1
3154,209,963.7,717.7,988.5,756.7,0.000,0.3649,0
3154,172,1203.8,733.8,1260.6,887.6,0.000,0.7191,1
3154,262,1680.2,696.7,1709.0,836.5,0.000,0.7035,1
3155,284,1237.9,731.3,1306.1,888.8,0.000,0.7252,1
3155,164,1385.5,728.2,1447.5,887.1,0.000,0.7130,1
3155,14,1772.3,663.1,1824.0,867.5,0.000,0.7584,1
3155,273,163.2,658.8,197.8,784.6,0.000,0.7620,1
3155,171,303.1,688.8,370.5,854.3,0.000,0.7999,1
3155,270,210.1,653.7,284.5,844.8,0.000,0.8073,1
3155,209,963.8,717.8,988.3,756.5,0.000,0.3649,0
3155,262,1679.0,696.2,1708.7,839.1,0.000,0.7035,1
3155,10,1743.1,704.8,1776.0,872.9,0.000,0.7253,1
3156,164,1381.5,728.6,1442.9,888.2,0.000,0.7139,1
3156,14,1772.3,662.8,1823.8,867.5,0.000,0.7585,1
3156,273,163.5,659.3,197.6,784.3,0.000,0.7618,1
3156,171,296.8,687.5,361.6,849.4,0.000,0.7981,1
3156,270,210.3,658.6,281.8,844.2,0.000,0.8073,1
3157,164,1375.9,726.7,1437.8,888.3,0.000,0.7144,1
3157,14,1772.4,662.5,1823.9,867.3,0.000,0.7586,1
3157,273,163.6,659.3,197.7,784.4,0.000,0.7618,1
3157,171,295.7,688.2,359.1,848.4,0.000,0.7968,1
3157,270,208.9,655.6,279.4,842.8,0.000,0.8073,1
3157,284,1222.7,723.7,1294.2,893.9,0.000,0.7252,1
3157,262,1681.4,694.8,1710.6,832.8,0.000,0.7035,1
3158,164,1367.8,726.4,1430.8,888.9,0.000,0.7153,1
3158,14,1772.7,662.5,1824.2,867.1,0.000,0.7587,1
3158,273,164.4,658.5,198.3,784.3,0.000,0.7617,1
3158,171,293.0,688.7,354.5,846.7,0.000,0.7955,1
3158,270,206.9,654.5,274.2,836.4,0.000,0.8073,1
3158,284,1217.5,722.6,1289.0,897.6,0.000,0.7252,1
3158,262,1681.5,695.3,1710.5,831.0,0.000,0.7035,1
3158,172,1186.9,729.5,1241.7,886.1,0.000,0.7191,1
3159,164,1360.8,729.6,1424.6,888.6,0.000,0.7158,1
3159,14,1772.9,662.8,1824.4,866.5,0.000,0.7585,1
3159,273,164.7,657.3,198.5,783.9,0.000,0.7617,1
3159,171,291.3,689.9,351.8,848.2,0.000,0.7953,1
3159,270,205.4,653.4,270.7,834.7,0.000,0.8073,1
3159,284,1213.4,721.0,1284.1,897.5,0.000,0.7252,1
3159,262,1681.3,694.2,1710.9,831.7,0.000,0.7035,1
3159,172,1185.4,729.9,1237.9,886.2,0.000,0.7191,1
3160,164,1355.6,731.2,1421.0,888.5,0.000,0.7163,1
3160,14,1773.3,662.5,1824.8,866.1,0.000,0.7585,1
3160,273,164.4,656.5,198.2,784.2,0.000,0.7620,1
3160,171,290.2,690.7,349.3,848.5,0.000,0.7950,1
3160,284,1207.1,728.3,1274.4,897.7,0.000,0.7252,1
3160,262,1681.2,694.0,1711.1,832.0,0.000,0.7035,1
3160,172,1182.2,727.9,1235.6,893.3,0.000,0.7191,1
3160,246,1619.9,701.3,1662.3,857.9,0.000,0.6846,1
3161,164,1352.6,738.2,1418.1,888.7,0.000,0.7177,1
3161,14,1773.6,662.2,1825.2,865.9,0.000,0.7586,1
3161,273,164.4,656.4,198.2,785.1,0.000,0.7624,1
3161,171,288.1,688.9,347.1,848.2,0.000,0.7950,1
3161,278,127.7,661.1,156.6,783.8,0.000,0.7601,1
3161,284,1195.0,727.7,1264.2,898.7,0.000,0.7252,1
3161,262,1680.0,693.2,1710.6,831.8,0.000,0.7035,1
3161,172,1179.7,725.1,1233.0,895.3,0.000,0.7191,1
3161,246,1617.7,700.6,1660.6,858.5,0.000,0.6846,1
3161,209,963.5,717.8,988.2,756.8,0.000,0.3649,0
3161,270,201.5,652.8,264.3,830.7,0.000,0.8073,1
3162,164,1350.6,735.3,1419.4,889.5,0.000,0.7189,1
3162,14,1773.5,661.7,1825.0,865.4,0.000,0.7587,1
3162,273,164.6,656.4,198.1,785.3,0.000,0.7627,1
3162,171,286.4,688.2,345.4,849.4,0.000,0.7954,1
3162,278,126.0,662.0,157.6,797.6,0.000,0.7665,1
3162,284,1187.4,725.8,1258.9,897.6,0.000,0.7252,1
3162,262,1679.6,693.3,1710.5,831.6,0.000,0.7035,1
3162,172,1175.8,725.8,1227.8,893.3,0.000,0.7191,1
3162,246,1615.5,701.5,1659.2,860.3,0.000,0.6846,1
3162,209,963.6,718.3,988.1,756.8,0.000,0.3649,0
3162,270,200.4,652.2,262.2,830.4,0.000,0.8073,1
3163,164,1347.3,734.7,1418.3,890.6,0.000,0.7206,1
3163,14,1773.5,661.9,1825.1,865.3,0.000,0.7587,1
3163,273,164.9,656.4,197.9,784.4,0.000,0.7626,1
3163,171,285.9,680.6,346.8,849.5,0.000,0.7963,1
3163,284,1181.6,730.3,1254.3,898.6,0.000,0.7252,1
3163,262,1679.0,693.8,1710.1,831.9,0.000,0.7035,1
3163,246,1613.0,704.8,1657.0,860.8,0.000,0.6846,1
3163,209,963.6,718.5,988.1,756.8,0.000,0.3649,0
3163,270,199.4,655.9,259.5,830.6,0.000,0.8073,1
3163,269,292.1,682.4,338.4,850.9,0.000,0.7766,1
3164,164,1345.5,734.9,1417.3,891.0,0.000,0.7219,1
3164,14,1773.0,661.9,1824.6,865.5,0.000,0.7588,1
3164,273,165.6,656.0,198.8,785.4,0.000,0.7630,1
3164,349,1775.4,661.5,1824.2,861.4,0.000,0.7580,1
3164,284,1177.8,731.8,1253.1,900.1,0.000,0.7252,1
3164,262,1677.8,693.8,1709.5,832.6,0.000,0.7035,1
3164,209,963.5,718.6,988.0,756.9,0.000,0.3649,0
3164,270,198.1,656.8,257.5,830.5,0.000,0.8073,1
3164,269,293.2,680.3,340.3,849.6,0.000,0.7766,1
3164,278,125.7,660.3,159.6,806.7,0.000,0.7665,1
3164,172,1168.2,727.6,1220.3,896.6,0.000,0.7191,1
3165,164,1342.5,736.2,1413.8,890.6,0.000,0.7229,1
3165,14,1772.6,662.0,1824.4,865.5,0.000,0.7589,1
3165,273,166.2,655.9,199.4,785.6,0.000,0.7632,1
3165,349,1775.2,661.3,1824.3,861.4,0.000,0.7583,1
3165,284,1176.6,733.6,1252.8,899.4,0.000,0.7252,1
3165,262,1676.9,693.7,1708.8,832.3,0.000,0.7035,1
3165,209,963.2,718.7,987.7,756.7,0.000,0.3649,0
3165,270,198.1,656.7,257.1,831.2,0.000,0.8073,1
3165,269,291.8,681.0,337.9,849.8,0.000,0.7766,1
3165,278,125.4,659.0,160.1,809.6,0.000,0.7665,1
3165,10,1718.3,691.2,1759.9,873.7,0.000,0.7253,1
3165,246,1598.3,707.1,1646.2,866.5,0.000,0.6846,1
3166,164,1339.0,735.4,1409.9,890.0,0.000,0.7232,1
3166,14,1772.2,661.9,1824.0,865.8,0.000,0.7590,1
3166,273,166.3,656.0,199.3,785.7,0.000,0.7634,1
3166,284,1180.5,739.5,1254.2,899.1,0.000,0.7252,1
3166,262,1676.2,693.2,1708.5,832.1,0.000,0.7035,1
3166,209,963.3,719.1,987.5,756.5,0.000,0.3649,0
3166,270,196.7,656.1,255.1,830.7,0.000,0.8073,1
3166,269,296.0,678.1,344.2,850.5,0.000,0.7766,1
3166,278,126.0,660.0,160.9,812.0,0.000,0.7665,1
3166,10,1715.3,690.4,1761.6,874.0,0.000,0.7253,1
3166,172,1155.7,728.8,1207.7,897.8,0.000,0.7191,1
3167,164,1333.8,734.4,1404.4,889.7,0.000,0.7234,1
3167,14,1772.5,661.8,1824.1,865.3,0.000,0.7590,1
3167,273,166.5,656.2,199.5,786.1,0.000,0.7637,1
3167,284,1178.0,735.5,1253.9,900.5,0.000,0.7252,1
3167,270,195.5,656.6,252.9,829.7,0.000,0.8073,1
3167,269,307.7,681.1,352.6,843.4,0.000,0.7766,1
3167,278,126.4,660.9,161.4,813.6,0.000,0.7665,1
3167,10,1713.1,690.7,1762.9,874.4,0.000,0.7253,1
3167,172,1148.5,737.2,1198.6,896.5,0.000,0.7191,1
3168,164,1328.2,733.5,1398.0,889.8,0.000,0.7236,1
3168,14,1773.0,661.7,1824.3,864.9,0.000,0.7590,1
3168,273,166.4,655.5,199.5,786.7,0.000,0.7641,1
3168,360,1831.3,683.0,1864.0,814.8,0.000,0.7385,1
3168,284,1172.1,735.3,1248.1,899.8,0.000,0.7252,1
3168,270,193.4,657.7,250.0,829.8,0.000,0.8073,1
3168,269,313.2,682.6,355.2,836.2,0.000,0.7766,1
3168,278,127.1,659.2,162.5,813.7,0.000,0.7665,1
3168,10,1711.9,691.4,1764.2,874.2,0.000,0.7253,1
3168,171,264.3,678.7,327.0,848.4,0.000,0.7963,1
3168,262,1676.8,695.2,1707.9,830.5,0.000,0.7035,1
3169,164,1324.6,732.7,1393.2,889.3,0.000,0.7234,1
3169,14,1774.1,661.7,1825.0,864.9,0.000,0.7591,1
3169,273,166.2,655.5,199.3,787.4,0.000,0.7647,1
3169,284,1165.6,734.4,1240.7,898.2,0.000,0.7252,1
3169,270,191.7,656.8,247.8,829.7,0.000,0.8073,1
3169,278,128.1,660.8,163.2,814.5,0.000,0.7665,1
3169,10,1710.2,691.3,1764.9,874.2,0.000,0.7253,1
3169,171,261.2,678.3,325.3,847.4,0.000,0.7963,1
3169,262,1676.1,695.7,1706.6,829.0,0.000,0.7035,1
3169,246,1584.3,708.9,1633.9,872.6,0.000,0.6846,1
3170,164,1321.2,731.1,1389.2,890.0,0.000,0.7237,1
3170,14,1774.2,661.8,1825.0,864.8,0.000,0.7591,1
3170,273,165.9,655.6,199.3,788.3,0.000,0.7653,1
3170,270,191.1,657.5,246.3,829.2,0.000,0.8073,1
3170,278,128.3,662.1,162.8,813.8,0.000,0.7665,1
3170,10,1709.5,691.7,1766.3,874.6,0.000,0.7253,1
3170,171,259.2,676.2,324.7,845.5,0.000,0.7963,1
3170,262,1677.2,696.5,1708.1,831.8,0.000,0.7035,1
3170,246,1582.7,711.1,1632.0,871.2,0.000,0.6846,1
3170,172,1131.0,733.9,1182.0,893.6,0.000,0.7191,1
3170,269,317.7,683.4,358.2,830.0,0.000,0.7766,1
3171,164,1316.9,732.3,1383.7,891.1,0.000,0.7246,1
3171,14,1774.3,661.8,1824.9,865.2,0.000,0.7592,1
3171,273,165.5,655.6,198.3,785.3,0.000,0.7647,1
3171,270,192.4,655.9,243.4,815.0,0.000,0.8073,1
3171,278,128.6,661.9,163.4,813.9,0.000,0.7665,1
3171,10,1708.5,692.2,1766.7,873.8,0.000,0.7253,1
3171,171,258.0,677.8,324.4,845.8,0.000,0.7963,1
3171,262,1678.3,697.1,1709.2,832.2,0.000,0.7035,1
3171,246,1581.1,717.7,1629.5,872.2,0.000,0.6846,1
3171,269,319.2,684.0,359.1,828.0,0.000,0.7766,1
3172,164,1312.7,731.5,1379.7,892.2,0.000,0.7258,1
3172,14,1773.7,661.9,1824.2,865.6,0.000,0.7593,1
3172,273,165.3,655.7,198.1,784.9,0.000,0.7644,1
3172,270,192.0,657.7,242.9,817.5,0.000,0.8073,1
3172,278,129.0,661.8,164.1,813.5,0.000,0.7665,1
3172,10,1708.5,692.4,1767.8,873.4,0.000,0.7253,1
3172,171,257.0,679.9,323.7,846.2,0.000,0.7963,1
3172,246,1575.7,714.8,1624.8,872.3,0.000,0.6846,1
3172,269,320.0,684.5,359.3,826.8,0.000,0.7766,1
3173,164,1305.8,732.1,1372.6,892.3,0.000,0.7268,1
3173,14,1773.8,661.8,1824.0,865.1,0.000,0.7593,1
3173,273,165.8,655.7,198.8,785.3,0.000,0.7643,1
3173,270,187.1,656.2,239.0,820.6,0.000,0.8073,1
3173,278,129.2,661.5,164.8,813.6,0.000,0.7665,1
3173,10,1708.5,691.7,1769.1,873.3,0.000,0.7253,1
3173,171,255.0,676.9,323.5,846.7,0.000,0.7963,1
3173,246,1571.9,713.1,1620.6,872.0,0.000,0.6846,1
3173,269,319.0,684.5,358.5,826.9,0.000,0.7766,1
3173,209,962.5,720.8,985.7,756.3,0.000,0.3649,0
3173,262,1679.6,697.8,1710.3,833.1,0.000,0.7035,1
3174,164,1299.8,733.5,1367.0,892.9,0.000,0.7279,1
3174,14,1774.0,661.7,1823.9,865.2,0.000,0.7594,1
3174,273,166.4,655.8,199.6,785.1,0.000,0.7640,1
3174,270,185.3,654.3,237.2,820.0,0.000,0.8073,1
3174,278,130.0,660.3,166.5,813.9,0.000,0.7665,1
3174,10,1707.6,691.1,1769.8,873.9,0.000,0.7253,1
3174,171,254.2,677.6,322.7,846.7,0.000,0.7963,1
3174,246,1566.3,710.4,1614.5,871.1,0.000,0.6846,1
3174,269,318.5,684.5,358.0,826.5,0.000,0.7766,1
3174,209,962.7,721.0,985.5,755.4,0.000,0.3649,0
3174,284,1138.5,726.3,1215.8,901.1,0.000,0.7252,1
3174,172,1120.8,726.5,1173.2,894.1,0.000,0.7191,1
3175,164,1295.2,733.9,1363.5,894.0,0.000,0.7296,1
3175,14,1773.3,661.5,1823.4,865.6,0.000,0.7595,1
3175,273,165.6,655.3,198.0,782.5,0.000,0.7631,1
3175,270,183.2,653.5,236.0,821.2,0.000,0.8073,1
3175,278,130.8,658.8,168.2,813.9,0.000,0.7665,1
3175,10,1706.9,691.7,1769.4,873.3,0.000,0.7253,1
3175,171,251.3,676.2,319.9,846.0,0.000,0.7963,1
3175,246,1561.6,708.6,1609.6,871.2,0.000,0.6846,1
3175,269,317.6,682.1,358.2,827.9,0.000,0.7766,1
3175,209,962.2,720.7,985.7,756.0,0.000,0.3649,0
3175,284,1133.8,725.3,1209.0,901.5,0.000,0.7252,1
3175,172,1119.2,726.1,1171.9,897.5,0.000,0.7191,1
3176,164,1292.6,735.2,1361.5,895.0,0.000,0.7314,1
3176,14,1773.9,661.5,1823.8,865.6,0.000,0.7596,1
3176,270,181.0,653.2,233.8,820.0,0.000,0.7950,1
3176,278,130.3,659.4,167.7,813.9,0.000,0.7665,1
3176,10,1707.5,691.9,1770.6,873.4,0.000,0.7253,1
3176,171,250.2,675.4,318.2,845.0,0.000,0.7963,1
3176,246,1557.3,706.7,1605.5,872.5,0.000,0.6846,1
3176,269,316.9,681.2,358.1,829.3,0.000,0.7766,1
3176,172,1111.5,723.7,1163.9,895.8,0.000,0.7191,1
3176,262,1679.2,697.4,1710.3,832.6,0.000,0.7035,1
3177,164,1290.4,736.6,1360.1,896.4,0.000,0.7337,1
3177,14,1774.3,661.8,1824.0,866.4,0.000,0.7597,1
3177,270,178.5,649.3,233.1,820.3,0.000,0.7956,1
3177,278,130.7,659.9,168.6,815.1,0.000,0.7665,1
3177,246,1552.8,710.0,1600.4,874.3,0.000,0.6846,1
3177,269,316.0,680.0,357.5,829.9,0.000,0.7766,1
3177,172,1104.1,730.7,1154.0,895.3,0.000,0.7191,1
3177,262,1678.6,696.2,1710.1,833.5,0.000,0.7035,1
3177,209,960.8,720.5,984.8,756.5,0.000,0.3649,0
3177,284,1121.6,722.3,1196.6,901.1,0.000,0.7252,1
3178,164,1288.1,734.4,1359.0,897.1,0.000,0.7356,1
3178,14,1774.8,662.1,1824.6,866.9,0.000,0.7598,1
3178,270,175.4,649.6,229.5,819.5,0.000,0.7958,1
3178,278,131.5,661.1,169.5,816.8,0.000,0.7665,1
3178,246,1548.1,714.3,1595.4,875.4,0.000,0.6846,1
3178,269,315.5,680.0,357.0,830.3,0.000,0.7766,1
3178,172,1098.2,726.6,1149.1,894.4,0.000,0.7191,1
3178,262,1678.2,696.9,1709.3,833.2,0.000,0.7035,1
3178,284,1119.3,722.4,1193.3,901.0,0.000,0.7252,1
3179,164,1285.2,734.0,1355.9,897.2,0.000,0.7370,1
3179,14,1775.0,662.3,1824.3,866.9,0.000,0.7597,1
3179,270,172.1,647.4,227.0,820.5,0.000,0.7966,1
3179,278,132.4,661.6,170.8,818.3,0.000,0.7967,1
3179,246,1540.0,711.1,1590.1,876.3,0.000,0.6846,1
3179,269,314.1,679.6,355.9,830.8,0.000,0.7766,1
3179,262,1676.9,694.9,1709.0,833.5,0.000,0.7035,1
3180,164,1278.5,734.3,1348.7,897.1,0.000,0.7381,1
3180,14,1774.6,662.7,1824.0,866.2,0.000,0.7594,1
3180,270,170.3,649.0,224.7,820.2,0.000,0.7968,1
3180,374,749.3,733.9,775.3,803.4,0.000,0.5733,1
3180,278,132.7,662.2,171.3,818.9,0.000,0.7971,1
3180,246,1532.1,709.7,1585.7,877.9,0.000,0.6846,1
3180,269,313.9,679.3,355.8,830.7,0.000,0.7766,1
3180,262,1677.1,694.9,1709.5,833.7,0.000,0.7035,1
3181,164,1273.2,733.2,1342.5,897.0,0.000,0.7388,1
3181,14,1775.0,663.1,1824.3,865.4,0.000,0.7590,1
3181,270,169.1,648.4,223.3,819.5,0.000,0.7969,1
3181,374,749.1,733.9,775.1,803.4,0.000,0.5733,1
3181,278,133.3,662.0,172.4,819.6,0.000,0.7975,1
3181,246,1526.8,710.6,1583.8,880.7,0.000,0.6846,1
3181,269,313.8,681.7,355.3,830.2,0.000,0.7766,1
3181,262,1677.3,694.5,1710.1,834.0,0.000,0.7035,1
3181,172,1079.8,743.0,1126.9,893.9,0.000,0.7191,1
3182,164,1269.5,732.5,1337.0,896.8,0.000,0.7392,1
3182,14,1775.5,663.2,1824.7,865.6,0.000,0.7589,1
3182,270,168.4,649.4,222.2,819.4,0.000,0.7970,1
3182,374,748.9,734.0,775.0,803.4,0.000,0.5733,1
3182,278,135.3,664.1,174.0,820.1,0.000,0.7976,1
3182,246,1523.9,711.1,1583.7,882.3,0.000,0.6846,1
3182,269,312.9,683.1,354.6,830.3,0.000,0.7766,1
3182,262,1677.2,694.4,1710.4,833.9,0.000,0.7035,1
3182,172,1070.1,746.7,1117.5,892.4,0.000,0.7191,1
3182,209,957.6,718.8,982.2,755.5,0.000,0.3649,0
3183,164,1267.3,731.0,1333.9,897.3,0.000,0.7398,1
3183,14,1776.2,663.2,1825.3,864.7,0.000,0.7586,1
3183,270,168.1,649.9,221.1,817.9,0.000,0.7965,1
3183,374,748.7,734.0,774.8,803.6,0.000,0.5733,1
3183,278,136.6,664.4,175.8,820.6,0.000,0.7978,1
3183,316,1619.7,707.4,1659.4,846.1,0.000,0.6760,1
3183,246,1523.1,711.6,1585.2,883.0,0.000,0.6846,1
3183,269,311.4,683.0,353.9,830.7,0.000,0.7766,1
3183,262,1677.1,694.4,1710.5,834.2,0.000,0.7035,1
3183,172,1061.8,733.0,1114.9,893.6,0.000,0.7191,1
3183,209,957.1,718.9,981.9,755.5,0.000,0.3649,0
3184,164,1263.1,731.6,1328.0,896.7,0.000,0.7399,1
3184,14,1777.1,663.1,1825.8,864.0,0.000,0.7583,1
3184,270,168.4,650.1,220.5,817.5,0.000,0.7962,1
3184,374,748.6,734.0,774.8,803.6,0.000,0.5734,1
3184,278,137.7,664.6,177.9,823.0,0.000,0.7985,1
3184,316,1620.1,707.0,1659.7,845.9,0.000,0.6762,1
3184,246,1522.2,717.5,1584.2,883.6,0.000,0.7139,1
3184,269,310.2,683.0,353.5,831.2,0.000,0.7766,1
3184,262,1676.9,694.2,1710.5,834.6,0.000,0.7035,1
3184,172,1057.8,731.1,1113.2,896.9,0.000,0.7191,1
3184,284,1095.8,721.6,1170.4,898.0,0.000,0.7252,1
3185,164,1257.0,733.4,1320.9,896.5,0.000,0.7400,1
3185,14,1777.3,664.0,1825.5,863.9,0.000,0.7580,1
3185,270,167.9,652.3,218.4,817.1,0.000,0.7957,1
3185,374,748.4,734.0,774.7,803.8,0.000,0.5736,1
3185,278,140.0,665.2,180.5,824.7,0.000,0.7993,1
3185,316,1620.8,708.5,1659.7,845.8,0.000,0.6757,1
3185,246,1519.2,721.8,1580.9,884.0,0.000,0.7142,1
3185,269,309.5,683.1,353.4,831.1,0.000,0.7761,1
3185,262,1677.0,694.4,1710.6,834.4,0.000,0.7035,1
3185,284,1086.6,720.2,1162.3,896.1,0.000,0.7252,1
3186,164,1248.9,733.3,1314.0,896.5,0.000,0.7403,1
3186,14,1776.8,665.9,1825.0,865.3,0.000,0.7577,1
3186,270,167.3,652.6,217.0,817.2,0.000,0.7955,1
3186,374,748.4,734.0,774.8,803.8,0.000,0.5737,1
3186,278,143.3,665.6,184.0,824.6,0.000,0.7995,1
3186,316,1621.0,708.2,1660.0,845.8,0.000,0.6756,1
3186,246,1513.8,719.3,1576.2,883.7,0.000,0.7144,1
3186,269,307.9,683.3,352.6,831.5,0.000,0.7764,1
3186,262,1676.8,694.2,1710.7,834.1,0.000,0.7035,1
3186,284,1076.7,719.0,1153.8,898.2,0.000,0.7252,1
3187,164,1240.6,733.4,1308.1,897.2,0.000,0.7411,1
3187,14,1777.7,665.5,1826.0,865.0,0.000,0.7576,1
3187,270,167.2,648.8,216.8,816.6,0.000,0.7955,1
3187,374,748.6,734.0,774.9,803.6,0.000,0.5736,1
3187,278,145.5,665.5,186.3,824.9,0.000,0.7997,1
3187,316,1620.6,706.4,1660.0,845.7,0.000,0.6762,1
3187,246,1510.5,722.4,1571.6,884.4,0.000,0.7147,1
3187,269,304.3,682.3,351.0,833.9,0.000,0.7777,1
3187,262,1676.5,694.1,1710.6,834.2,0.000,0.7035,1
3187,284,1070.4,717.8,1147.2,899.3,0.000,0.7252,1
3188,164,1234.5,734.9,1303.9,896.8,0.000,0.7415,1
3188,14,1777.8,664.6,1826.4,865.3,0.000,0.7577,1
3188,270,159.0,654.1,208.4,818.1,0.000,0.7958,1
3188,374,748.4,734.0,774.7,803.5,0.000,0.5736,1
3188,278,152.0,660.2,196.2,825.5,0.000,0.8002,1
3188,316,1620.8,707.0,1660.1,845.8,0.000,0.6763,1
3188,246,1504.1,714.6,1565.7,883.1,0.000,0.7145,1
3188,269,302.5,681.7,350.6,834.7,0.000,0.7787,1
3188,262,1676.3,693.5,1710.8,834.2,0.000,0.7035,1
3188,284,1060.3,717.0,1137.7,900.5,0.000,0.7252,1
3189,164,1228.9,734.9,1301.2,897.1,0.000,0.7421,1
3189,14,1777.5,664.2,1826.1,865.1,0.000,0.7578,1
3189,270,153.1,654.8,204.7,822.7,0.000,0.7975,1
3189,374,748.2,734.0,774.5,803.4,0.000,0.5735,1
3189,316,1620.9,707.3,1660.1,846.0,0.000,0.6764,1
3189,246,1493.7,712.5,1555.3,883.9,0.000,0.7151,1
3189,269,301.7,681.0,350.7,834.9,0.000,0.7796,1
3189,262,1676.2,694.9,1710.5,835.2,0.000,0.7035,1
3189,284,1054.3,716.6,1131.5,901.4,0.000,0.7252,1
3190,164,1224.9,735.7,1299.9,898.3,0.000,0.7434,1
3190,14,1778.1,664.0,1826.9,865.3,0.000,0.7579,1
3190,270,151.1,655.2,203.8,824.3,0.000,0.7988,1
3190,374,748.2,734.0,774.5,803.4,0.000,0.5734,1
3190,316,1620.6,706.5,1660.0,845.9,0.000,0.6767,1
3190,246,1488.1,711.4,1549.7,885.6,0.000,0.7164,1
3190,269,301.7,680.5,351.4,834.9,0.000,0.7803,1
3190,332,222.5,664.2,276.8,838.7,0.000,0.7994,1
3190,262,1676.6,693.5,1711.1,834.2,0.000,0.7035,1
3190,278,156.8,659.7,201.2,821.9,0.000,0.8002,1
3191,164,1221.6,736.9,1299.1,899.5,0.000,0.7451,1
3191,14,1778.0,663.5,1827.4,865.9,0.000,0.7582,1
3191,270,150.6,657.9,203.5,826.0,0.000,0.7996,1
3191,374,748.2,734.0,774.4,803.2,0.000,0.5732,1
3191,316,1621.6,708.3,1660.6,846.0,0.000,0.6763,1
3191,269,301.6,680.6,351.9,835.2,0.000,0.7808,1
3191,332,219.6,664.2,275.0,839.0,0.000,0.8002,1
3191,262,1676.8,692.9,1711.6,833.8,0.000,0.7028,1
3191,284,1044.8,716.7,1121.3,902.6,0.000,0.7252,1
3192,164,1218.3,737.0,1298.3,900.8,0.000,0.7471,1
3192,14,1779.5,664.4,1828.5,865.3,0.000,0.7580,1
3192,270,148.7,656.1,203.4,828.3,0.000,0.8011,1
3192,374,748.2,734.0,774.5,803.1,0.000,0.5730,1
3192,316,1621.5,708.0,1660.9,846.4,0.000,0.6764,1
3192,269,301.3,680.7,352.0,835.3,0.000,0.7812,1
3192,332,216.3,663.1,272.1,837.7,0.000,0.8006,1
3192,386,265.9,681.0,300.5,815.3,0.000,0.7716,1
3192,262,1676.6,692.5,1711.7,833.2,0.000,0.7030,1
3192,284,1041.1,718.2,1116.5,902.9,0.000,0.7252,1
3193,164,1215.2,737.4,1296.0,901.2,0.000,0.7487,1
3193,14,1780.4,663.6,1829.3,864.5,0.000,0.7580,1
3193,270,148.3,654.8,204.0,829.6,0.000,0.8024,1
3193,374,748.2,733.9,774.4,802.8,0.000,0.5727,1
3193,316,1622.5,711.0,1661.2,846.4,0.000,0.6754,1
3193,269,300.9,680.5,352.0,835.4,0.000,0.7816,1
3193,332,211.8,664.0,266.0,833.3,0.000,0.7997,1
3193,386,265.6,680.4,300.6,816.2,0.000,0.7713,1
3193,262,1677.0,692.4,1712.2,832.9,0.000,0.7031,1
3193,284,1033.3,718.6,1109.3,902.4,0.000,0.7252,1
3193,171,215.9,667.0,279.4,835.1,0.000,0.7963,1
3193,246,1470.8,714.7,1533.2,887.9,0.000,0.7164,1
3194,164,1210.4,736.1,1292.2,901.9,0.000,0.7503,1
3194,14,1779.6,663.2,1828.4,864.1,0.000,0.7580,1
3194,374,748.3,733.9,774.5,802.8,0.000,0.5724,1
3194,316,1622.9,711.6,1661.5,846.5,0.000,0.6747,1
3194,269,306.4,682.1,355.3,833.2,0.000,0.7806,1
3194,386,265.7,680.3,300.6,816.9,0.000,0.7712,1
3194,262,1677.0,692.2,1712.4,832.9,0.000,0.7034,1
3194,284,1023.3,719.7,1101.0,902.3,0.000,0.7252,1
3194,171,209.7,664.2,274.5,835.3,0.000,0.7963,1
3194,246,1464.5,717.0,1527.6,887.8,0.000,0.7164,1
3195,164,1205.3,736.8,1286.1,902.2,0.000,0.7517,1
3195,14,1779.6,663.5,1828.0,863.3,0.000,0.7578,1
3195,374,748.3,733.9,774.6,802.8,0.000,0.5723,1
3195,316,1623.0,712.3,1661.6,846.6,0.000,0.6740,1
3195,269,308.7,683.0,356.3,832.6,0.000,0.7798,1
3195,386,265.0,680.9,300.0,818.1,0.000,0.7714,1
3195,171,206.8,662.7,271.4,834.4,0.000,0.7963,1
3195,246,1459.9,718.7,1524.3,887.9,0.000,0.7164,1
3195,270,148.8,660.9,202.5,828.6,0.000,0.8024,1
3196,164,1199.6,734.8,1279.4,902.5,0.000,0.7527,1
3196,14,1780.3,663.1,1828.5,863.1,0.000,0.7579,1
3196,374,748.4,734.0,774.7,803.0,0.000,0.5722,1
3196,316,1623.1,712.8,1661.6,846.7,0.000,0.6734,1
3196,269,310.6,683.3,357.2,832.5,0.000,0.7792,1
3196,386,265.4,680.9,300.0,817.6,0.000,0.7713,1
3196,246,1455.5,717.9,1523.1,890.5,0.000,0.7164,1
3196,270,150.6,663.3,205.2,830.4,0.000,0.8024,1
3196,262,1677.8,691.5,1713.0,833.2,0.000,0.7034,1
3197,164,1192.5,734.6,1269.9,901.7,0.000,0.7531,1
3197,14,1780.7,663.7,1828.5,862.9,0.000,0.7578,1
3197,374,748.4,734.1,774.6,803.0,0.000,0.5721,1
3197,316,1622.9,711.4,1661.8,846.7,0.000,0.6733,1
3197,269,311.7,683.5,357.3,832.2,0.000,0.7786,1
3197,386,265.1,680.9,299.5,817.3,0.000,0.7711,1
3197,246,1453.7,718.6,1522.9,891.1,0.000,0.7164,1
3197,270,152.0,665.9,207.4,833.0,0.000,0.8024,1
3197,332,204.2,665.4,257.4,831.9,0.000,0.7997,1
3197,171,221.9,662.6,279.0,826.3,0.000,0.7963,1
3198,164,1186.5,732.5,1262.8,902.2,0.000,0.7537,1
3198,14,1780.6,665.4,1828.4,864.1,0.000,0.7576,1
3198,374,748.6,734.0,774.7,803.1,0.000,0.5721,1
3198,316,1622.6,710.7,1661.7,846.8,0.000,0.6733,1
3198,269,311.5,683.5,356.6,832.6,0.000,0.7783,1
3198,386,263.8,680.9,298.1,816.9,0.000,0.7710,1
3198,246,1451.2,717.8,1522.4,891.5,0.000,0.7164,1
3198,270,152.8,666.5,209.1,834.4,0.000,0.8024,1
3198,332,200.7,662.5,252.3,829.3,0.000,0.7997,1
3198,171,221.6,663.6,276.2,827.2,0.000,0.7963,1
3199,164,1181.4,730.9,1257.0,902.9,0.000,0.7543,1
3199,14,1782.6,667.0,1829.9,863.4,0.000,0.7570,1
3199,374,748.6,734.0,774.7,803.0,0.000,0.5720,1
3199,316,1622.9,711.9,1661.7,846.8,0.000,0.6728,1
3199,269,311.9,683.7,356.4,832.5,0.000,0.7781,1
3199,386,263.2,681.4,297.7,817.0,0.000,0.7709,1
3199,246,1449.2,717.9,1521.2,891.9,0.000,0.7164,1
3199,332,198.6,665.4,247.6,828.9,0.000,0.7997,1
3199,171,220.5,663.5,274.0,829.1,0.000,0.7963,1
3199,209,947.5,719.7,973.9,758.8,0.000,0.3649,0
3199,278,174.5,668.4,218.7,834.9,0.000,0.8002,1
3200,164,1175.6,731.9,1249.5,902.8,0.000,0.7547,1
3200,14,1784.3,667.2,1831.2,862.7,0.000,0.7565,1
3200,374,749.0,734.1,775.0,803.0,0.000,0.5719,1
3200,316,1623.0,712.7,1661.6,846.9,0.000,0.6723,1
3200,269,310.9,683.7,355.4,833.1,0.000,0.7781,1
3200,386,263.0,682.3,297.4,816.6,0.000,0.7707,1
3200,246,1445.1,716.4,1517.4,891.9,0.000,0.7164,1
3200,332,199.0,669.9,244.9,827.1,0.000,0.7997,1
3200,171,221.3,664.2,272.4,827.4,0.000,0.7963,1
3200,278,177.6,669.6,220.6,835.6,0.000,0.8002,1
3200,270,147.3,657.0,203.3,828.9,0.000,0.8024,1
3201,164,1168.7,732.3,1242.6,902.9,0.000,0.7552,1
3201,14,1784.5,666.6,1831.6,862.8,0.000,0.7565,1
3201,374,749.0,734.2,774.8,803.0,0.000,0.5718,1
3201,316,1623.0,713.1,1661.5,846.9,0.000,0.6719,1
3201,269,310.9,684.2,354.9,832.8,0.000,0.7780,1
3201,386,262.8,682.0,297.7,816.9,0.000,0.7706,1
3201,246,1441.2,714.9,1513.0,891.9,0.000,0.7164,1
3201,171,221.3,663.7,270.8,826.7,0.000,0.7963,1
3201,278,178.4,670.9,221.1,836.4,0.000,0.8002,1
3201,270,142.8,655.5,193.2,810.7,0.000,0.8024,1
3202,164,1163.4,734.2,1238.2,902.9,0.000,0.7559,1
3202,14,1784.2,666.5,1831.0,862.9,0.000,0.7565,1
3202,374,749.0,734.1,774.9,803.1,0.000,0.5718,1
3202,316,1623.0,712.9,1661.6,847.0,0.000,0.6716,1
3202,269,310.4,684.2,354.6,833.2,0.000,0.7781,1
3202,386,263.7,682.9,298.5,817.2,0.000,0.7705,1
3202,246,1436.4,714.0,1506.6,891.9,0.000,0.7164,1
3202,171,221.4,664.1,269.7,827.7,0.000,0.7963,1
3202,278,175.2,666.8,219.9,836.7,0.000,0.8002,1
3202,270,141.5,655.5,189.0,801.7,0.000,0.8024,1
3202,262,1677.8,694.1,1712.7,835.7,0.000,0.7034,1
3203,164,1158.0,735.9,1234.2,902.6,0.000,0.7565,1
3203,14,1784.1,666.5,1830.8,863.4,0.000,0.7566,1
3203,374,748.9,733.9,774.9,803.3,0.000,0.5720,1
3203,316,1623.0,711.6,1661.9,847.1,0.000,0.6716,1
3203,269,307.8,683.4,352.9,834.4,0.000,0.7787,1
3203,386,264.7,683.3,299.7,817.7,0.000,0.7705,1
3203,246,1431.6,712.4,1499.7,891.2,0.000,0.7164,1
3203,171,220.1,664.2,267.3,827.8,0.000,0.7963,1
3203,278,176.5,666.4,222.2,837.5,0.000,0.8002,1
3203,270,142.9,654.8,191.0,803.8,0.000,0.8024,1
3203,262,1678.0,692.4,1713.3,836.1,0.000,0.7034,1
3204,164,1153.2,737.1,1230.7,902.9,0.000,0.7575,1
3204,14,1783.6,664.9,1830.3,863.5,0.000,0.7570,1
3204,374,748.8,733.9,774.7,803.2,0.000,0.5720,1
3204,316,1623.1,711.1,1662.1,846.9,0.000,0.6715,1
3204,269,307.2,682.5,353.0,834.4,0.000,0.7791,1
3204,386,265.4,683.4,300.6,818.1,0.000,0.7705,1
3204,246,1428.1,710.3,1495.2,891.8,0.000,0.7164,1
3204,171,218.9,665.3,265.1,828.0,0.000,0.7963,1
3204,278,177.8,664.8,223.9,837.3,0.000,0.8002,1
3204,270,138.2,655.6,185.1,802.8,0.000,0.8024,1
3204,262,1676.1,691.3,1712.1,836.3,0.000,0.7034,1
3205,164,1150.0,737.4,1228.8,901.8,0.000,0.7576,1
3205,14,1783.9,665.4,1830.0,863.4,0.000,0.7570,1
3205,374,748.4,733.8,774.4,803.2,0.000,0.5721,1
3205,316,1623.2,711.5,1662.0,846.7,0.000,0.6712,1
3205,269,308.0,681.9,354.0,834.0,0.000,0.7793,1
3205,386,263.4,684.0,298.5,817.9,0.000,0.7706,1
3205,246,1423.7,711.3,1489.0,891.9,0.000,0.7164,1
3205,171,218.6,666.4,263.8,828.3,0.000,0.7963,1
3205,278,181.3,666.5,227.0,837.6,0.000,0.8002,1
3205,270,139.0,654.3,185.9,801.4,0.000,0.8024,1
3205,262,1676.5,692.2,1711.7,833.9,0.000,0.7034,1
3206,164,1146.6,737.4,1227.0,901.8,0.000,0.7580,1
3206,14,1783.8,665.7,1829.6,863.6,0.000,0.7571,1
3206,374,748.8,733.4,775.0,803.3,0.000,0.5722,1
3206,316,1623.5,712.1,1662.0,846.6,0.000,0.6708,1
3206,269,308.7,681.6,354.5,833.0,0.000,0.7792,1
3206,386,262.3,684.3,297.5,818.3,0.000,0.7708,1
3206,246,1416.4,711.8,1481.3,892.8,0.000,0.7164,1
3206,171,219.1,667.3,262.9,828.2,0.000,0.7963,1
3206,278,184.5,666.2,230.7,839.0,0.000,0.8002,1
3206,270,146.4,655.3,190.4,792.9,0.000,0.8024,1
3206,262,1677.5,693.3,1712.5,833.5,0.000,0.7034,1
3206,284,965.6,719.2,1040.0,901.3,0.000,0.7252,1
3207,164,1142.5,737.2,1223.6,902.3,0.000,0.7588,1
3207,14,1783.6,665.9,1829.2,864.1,0.000,0.7571,1
3207,374,749.1,733.4,775.3,803.3,0.000,0.5723,1
3207,316,1623.7,712.9,1661.8,846.4,0.000,0.6703,1
3207,269,307.2,678.2,353.7,832.9,0.000,0.7795,1
3207,386,262.4,684.3,297.7,818.7,0.000,0.7710,1
3207,246,1408.6,712.8,1474.2,893.6,0.000,0.7164,1
3207,171,219.7,669.3,262.1,828.0,0.000,0.7963,1
3207,278,184.7,665.7,232.2,841.6,0.000,0.8002,1
3207,270,141.5,655.1,187.3,797.6,0.000,0.8024,1
3207,262,1680.7,694.6,1714.4,830.9,0.000,0.7034,1
3207,284,964.2,717.6,1036.9,901.8,0.000,0.7252,1
3208,164,1138.4,736.1,1218.7,900.8,0.000,0.7582,1
3208,14,1783.7,665.7,1829.2,864.0,0.000,0.7571,1
3208,374,749.7,733.6,775.7,803.2,0.000,0.5723,1
3208,316,1623.4,711.1,1661.8,846.4,0.000,0.6704,1
3208,269,305.7,676.6,352.7,833.1,0.000,0.7800,1
3208,386,262.8,683.8,298.5,819.0,0.000,0.7713,1
3208,246,1399.7,714.5,1467.0,894.9,0.000,0.7267,1
3208,171,221.0,670.2,262.1,827.7,0.000,0.7963,1
3208,278,186.8,667.1,235.2,841.7,0.000,0.8002,1
3208,270,137.7,651.8,185.1,798.3,0.000,0.8024,1
3208,262,1681.1,695.5,1714.5,832.1,0.000,0.7034,1
3208,284,952.2,716.6,1026.9,902.2,0.000,0.7252,1
3209,164,1131.6,734.4,1211.7,900.1,0.000,0.7576,1
3209,14,1784.1,666.6,1829.1,863.2,0.000,0.7567,1
3209,374,750.0,733.5,776.0,803.2,0.000,0.5723,1
3209,316,1623.5,711.7,1661.7,846.6,0.000,0.6704,1
3209,269,302.5,676.8,350.0,833.4,0.000,0.7806,1
3209,386,264.1,684.4,299.9,818.8,0.000,0.7713,1
3209,246,1393.5,715.8,1462.7,895.0,0.000,0.7271,1
3209,171,221.4,674.8,260.7,827.9,0.000,0.7963,1
3209,278,188.9,667.7,239.0,843.0,0.000,0.8002,1
3209,270,135.5,650.4,183.9,800.0,0.000,0.8024,1
3209,262,1682.1,696.9,1714.7,831.2,0.000,0.7034,1
3209,284,944.5,716.6,1021.5,902.5,0.000,0.7252,1
3210,164,1128.0,732.3,1206.9,899.8,0.000,0.7569,1
3210,14,1781.5,664.6,1827.6,864.7,0.000,0.7574,1
3210,374,749.7,733.4,775.6,802.8,0.000,0.5721,1
3210,316,1624.1,709.9,1662.5,846.6,0.000,0.6710,1
3210,269,302.5,677.4,349.8,833.9,0.000,0.7810,1
3210,386,264.8,684.8,300.5,818.5,0.000,0.7711,1
3210,246,1387.5,716.0,1460.0,896.9,0.000,0.7285,1
3210,278,191.0,668.3,243.4,845.3,0.000,0.8002,1
3210,270,132.4,647.5,181.5,800.0,0.000,0.8024,1
3210,262,1682.3,697.3,1714.9,832.9,0.000,0.7034,1
3211,164,1123.1,728.1,1201.0,899.3,0.000,0.7558,1
3211,14,1781.0,663.7,1827.6,864.6,0.000,0.7578,1
3211,374,749.5,733.5,775.5,802.6,0.000,0.5718,1
3211,316,1624.1,707.3,1662.9,846.2,0.000,0.6721,1
3211,269,302.6,678.8,349.5,834.2,0.000,0.7812,1
3211,386,265.2,684.9,300.7,818.3,0.000,0.7709,1
3211,246,1385.1,717.8,1459.6,897.7,0.000,0.7297,1
3211,278,191.0,668.1,245.7,847.9,0.000,0.8002,1
3211,270,131.7,646.7,180.6,799.1,0.000,0.8024,1
3211,262,1682.9,697.3,1715.4,833.3,0.000,0.7034,1
3212,164,1120.6,729.4,1194.3,895.9,0.000,0.7527,1
3212,14,1779.4,663.2,1826.8,865.3,0.000,0.7582,1
3212,374,749.4,733.4,775.4,802.6,0.000,0.5716,1
3212,316,1624.1,706.2,1663.0,846.2,0.000,0.6734,1
3212,269,304.6,680.4,351.1,835.0,0.000,0.7813,1
3212,386,265.0,684.9,300.3,817.5,0.000,0.7706,1
3212,246,1383.1,719.0,1459.6,898.4,0.000,0.7308,1
3212,278,191.3,671.1,246.9,849.7,0.000,0.8002,1
3212,270,131.4,647.4,179.8,798.9,0.000,0.8024,1
3212,262,1682.6,696.8,1715.3,834.3,0.000,0.7034,1
3212,171,209.8,673.7,253.5,842.1,0.000,0.7963,1
3213,164,1113.8,726.0,1187.7,898.4,0.000,0.7527,1
3213,14,1779.7,663.6,1827.3,865.0,0.000,0.7582,1
3213,374,749.2,733.2,775.4,802.8,0.000,0.5716,1
3213,316,1624.3,706.0,1662.9,846.0,0.000,0.6743,1
3213,269,304.4,681.0,350.7,834.9,0.000,0.7813,1
3213,386,265.1,684.7,300.4,817.0,0.000,0.7702,1
3213,246,1383.0,719.0,1461.0,898.7,0.000,0.7318,1
3213,278,195.6,673.3,251.0,850.8,0.000,0.8002,1
3213,270,129.0,648.4,176.1,797.9,0.000,0.8024,1
3213,262,1681.7,696.5,1714.5,834.4,0.000,0.7034,1
3214,164,1107.0,725.4,1180.4,899.1,0.000,0.7527,1
3214,14,1779.5,663.4,1827.7,865.4,0.000,0.7584,1
3214,374,748.9,733.3,775.2,803.0,0.000,0.5717,1
3214,316,1624.4,705.9,1662.8,846.2,0.000,0.6752,1
3214,269,304.8,681.5,350.8,834.9,0.000,0.7813,1
3214,386,265.0,684.0,300.3,816.8,0.000,0.7700,1
3214,246,1380.1,718.5,1459.0,899.0,0.000,0.7327,1
3214,278,199.1,671.1,255.5,851.3,0.000,0.8111,1
3214,270,127.8,648.9,174.4,798.0,0.000,0.8024,1
3215,164,1098.2,725.3,1172.2,899.7,0.000,0.7532,1
3215,14,1779.4,663.1,1828.2,866.0,0.000,0.7587,1
3215,374,749.2,733.3,775.4,803.1,0.000,0.5717,1
3215,316,1624.5,705.9,1662.7,846.5,0.000,0.6761,1
3215,269,307.0,682.2,351.9,833.5,0.000,0.7806,1
3215,386,265.5,683.5,301.0,817.4,0.000,0.7700,1
3215,246,1375.1,717.4,1453.9,898.9,0.000,0.7333,1
3215,278,202.2,668.8,259.3,851.6,0.000,0.8116,1
3215,270,126.5,651.1,172.1,797.1,0.000,0.7841,1
3215,171,207.7,670.3,255.2,850.4,0.000,0.7963,1
3216,164,1089.8,725.7,1165.1,900.0,0.000,0.7540,1
3216,14,1780.4,663.3,1829.2,866.0,0.000,0.7588,1
3216,374,749.0,733.4,775.1,802.9,0.000,0.5717,1
3216,316,1624.5,705.6,1662.6,846.6,0.000,0.6770,1
3216,269,307.6,682.3,351.9,832.5,0.000,0.7800,1
3216,386,265.4,683.2,300.8,817.3,0.000,0.7701,1
3216,246,1370.1,716.8,1447.8,898.9,0.000,0.7337,1
3216,278,206.4,666.4,263.6,852.6,0.000,0.8121,1
3216,270,125.7,648.7,171.9,798.0,0.000,0.7843,1
3216,171,212.8,670.5,258.7,845.2,0.000,0.7963,1
3217,164,1082.5,726.5,1159.5,900.3,0.000,0.7549,1
3217,14,1780.9,663.4,1829.7,866.3,0.000,0.7589,1
3217,374,748.8,733.5,774.5,802.3,0.000,0.5714,1
3217,316,1624.6,705.7,1662.4,846.8,0.000,0.6778,1
3217,269,307.6,682.8,351.7,832.2,0.000,0.7794,1
3217,386,265.8,683.2,301.2,817.8,0.000,0.7702,1
3217,246,1364.3,716.3,1440.0,898.7,0.000,0.7339,1
3217,278,210.1,668.6,266.2,853.2,0.000,0.8123,1
3217,270,124.5,647.5,170.6,797.4,0.000,0.7844,1
3218,164,1077.4,727.0,1156.5,900.2,0.000,0.7557,1
3218,14,1780.9,663.1,1829.8,866.3,0.000,0.7590,1
3218,374,749.1,733.8,774.7,802.4,0.000,0.5712,1
3218,316,1624.7,705.5,1662.4,846.7,0.000,0.6784,1
3218,269,307.5,683.7,350.9,832.0,0.000,0.7789,1
3218,386,265.4,683.1,300.7,817.6,0.000,0.7703,1
3218,278,212.7,670.6,267.4,853.0,0.000,0.8121,1
3218,270,123.0,649.2,167.7,794.5,0.000,0.7836,1
3219,164,1074.4,727.3,1155.9,901.0,0.000,0.7569,1
3219,14,1780.4,662.8,1829.7,867.1,0.000,0.7593,1
3219,374,749.1,733.8,774.4,802.0,0.000,0.5707,1
3219,316,1624.8,705.6,1662.3,846.9,0.000,0.6789,1
3219,269,306.6,683.8,349.4,832.1,0.000,0.7786,1
3219,386,265.0,682.7,300.3,817.6,0.000,0.7704,1
3219,278,215.8,671.5,269.2,851.2,0.000,0.8114,1
3219,270,122.7,649.7,167.0,794.4,0.000,0.7831,1
3219,246,1353.9,716.4,1426.8,899.5,0.000,0.7339,1
3220,164,1070.6,728.2,1154.1,901.3,0.000,0.7580,1
3220,14,1781.3,662.6,1830.5,866.7,0.000,0.7593,1
3220,374,748.8,733.9,774.0,801.9,0.000,0.5704,1
3220,316,1624.9,705.6,1662.4,847.2,0.000,0.6795,1
3220,269,305.4,683.7,347.7,832.8,0.000,0.7787,1
3220,386,263.1,681.9,300.8,827.9,0.000,0.7742,1
3220,278,218.7,671.4,272.3,852.4,0.000,0.8113,1
3220,270,121.4,649.4,165.0,792.2,0.000,0.7822,1
3220,246,1349.0,715.8,1419.8,899.8,0.000,0.7339,1
3221,164,1066.7,728.7,1151.3,900.9,0.000,0.7587,1
3221,14,1781.4,663.2,1830.5,866.9,0.000,0.7593,1
3221,374,748.9,734.4,774.0,802.3,0.000,0.5702,1
3221,316,1625.0,705.5,1662.5,847.8,0.000,0.6802,1
3221,269,304.7,682.0,346.5,832.8,0.000,0.7790,1
3221,386,262.0,682.9,301.3,837.2,0.000,0.7791,1
3221,278,222.7,673.6,276.6,853.4,0.000,0.8112,1
3221,270,120.4,648.8,162.9,788.8,0.000,0.7807,1
3221,246,1339.5,713.8,1410.9,901.6,0.000,0.7339,1
3221,171,198.1,663.7,238.7,821.8,0.000,0.7963,1
3222,164,1061.9,728.9,1146.8,900.1,0.000,0.7590,1
3222,14,1780.9,663.0,1830.2,867.0,0.000,0.7593,1
3222,374,749.2,734.4,774.0,802.0,0.000,0.5699,1
3222,316,1624.8,705.5,1662.2,847.6,0.000,0.6806,1
3222,269,305.0,682.5,346.1,832.5,0.000,0.7790,1
3222,278,227.7,676.6,283.3,856.0,0.000,0.8114,1
3222,270,118.4,646.0,161.1,787.7,0.000,0.7799,1
3222,246,1330.2,715.1,1402.5,902.9,0.000,0.7339,1
3222,171,195.8,662.6,235.5,819.2,0.000,0.7963,1
3223,164,1057.1,728.2,1141.7,899.4,0.000,0.7590,1
3223,14,1781.5,663.9,1830.7,866.6,0.000,0.7590,1
3223,374,748.8,734.3,773.8,802.4,0.000,0.5700,1
3223,316,1624.6,705.2,1662.0,847.7,0.000,0.6811,1
3223,269,305.9,683.4,346.1,832.2,0.000,0.7787,1
3223,278,230.9,676.8,289.2,857.4,0.000,0.8118,1
3223,270,117.0,644.8,159.6,787.2,0.000,0.7793,1
3223,246,1322.8,716.6,1396.2,902.5,0.000,0.7339,1
3223,171,194.5,662.5,233.2,816.4,0.000,0.7963,1
3224,164,1051.8,726.6,1135.9,899.8,0.000,0.7598,1
3224,14,1781.6,664.8,1830.9,866.2,0.000,0.7586,1
3224,374,748.9,734.2,773.7,802.1,0.000,0.5697,1
3224,316,1624.8,705.0,1662.2,847.8,0.000,0.6816,1
3224,269,306.2,683.1,345.9,831.6,0.000,0.7784,1
3224,278,232.3,677.1,293.5,859.3,0.000,0.8125,1
3224,270,116.0,643.4,158.5,787.7,0.000,0.7792,1
3224,246,1317.9,716.9,1393.1,902.7,0.000,0.7339,1
3224,171,191.2,662.8,230.5,817.6,0.000,0.7963,1
3224,284,864.8,717.6,943.4,903.8,0.000,0.7252,1
3225,164,1045.2,724.9,1127.5,899.6,0.000,0.7605,1
3225,14,1783.6,666.3,1832.1,865.6,0.000,0.7579,1
3225,374,749.3,733.9,774.2,802.3,0.000,0.5697,1
3225,316,1624.7,704.9,1662.2,847.7,0.000,0.6820,1
3225,269,306.5,682.7,345.8,831.6,0.000,0.7783,1
3225,278,233.6,679.0,297.3,861.5,0.000,0.8135,1
3225,270,115.0,641.7,157.3,787.8,0.000,0.7793,1
3225,246,1313.0,716.4,1390.8,903.3,0.000,0.7339,1
3225,171,190.6,663.0,229.6,817.2,0.000,0.7963,1
3225,284,856.6,720.1,937.5,903.5,0.000,0.7252,1
3226,164,1038.4,723.3,1118.9,900.5,0.000,0.7619,1
3226,14,1783.8,666.0,1832.3,865.5,0.000,0.7576,1
3226,316,1624.7,704.5,1662.2,847.7,0.000,0.6824,1
3226,269,306.2,683.4,344.9,831.8,0.000,0.7782,1
3226,278,233.7,679.1,299.8,862.6,0.000,0.8143,1
3226,270,114.9,642.6,156.7,788.5,0.000,0.7794,1
3226,246,1310.7,716.6,1390.6,903.8,0.000,0.7339,1
3226,171,189.0,664.4,227.8,817.1,0.000,0.7963,1
3226,284,849.9,721.7,933.5,903.2,0.000,0.7252,1
3227,164,1033.8,723.1,1111.4,900.3,0.000,0.7628,1
3227,14,1783.7,665.5,1832.2,865.8,0.000,0.7576,1
3227,316,1624.8,704.3,1662.4,847.6,0.000,0.6827,1
3227,269,305.9,683.2,344.2,832.4,0.000,0.7784,1
3227,278,235.8,682.2,302.8,862.8,0.000,0.8146,1
3227,270,114.6,641.9,156.1,789.5,0.000,0.7799,1
3227,246,1308.2,715.8,1390.2,904.4,0.000,0.7339,1
3227,171,183.3,662.3,223.5,817.8,0.000,0.7963,1
3227,284,843.0,721.7,930.1,903.0,0.000,0.7252,1
3227,374,749.6,733.6,774.6,802.2,0.000,0.5697,1
3228,164,1028.4,723.3,1104.3,901.8,0.000,0.7648,1
3228,14,1783.4,664.4,1831.9,864.9,0.000,0.7577,1
3228,316,1624.9,704.2,1662.5,847.2,0.000,0.6828,1
3228,269,304.1,682.9,342.5,832.3,0.000,0.7786,1
3228,278,237.2,684.9,304.7,863.3,0.000,0.8148,1
3228,270,113.4,642.3,153.7,788.9,0.000,0.7800,1
3228,246,1303.9,715.6,1386.8,905.0,0.000,0.7339,1
3228,171,181.8,663.4,222.1,817.6,0.000,0.7963,1
3228,284,838.2,721.5,929.0,903.7,0.000,0.7252,1
3228,374,749.6,733.7,774.9,803.0,0.000,0.5697,1
3229,164,1019.7,723.5,1095.5,902.9,0.000,0.7671,1
3229,14,1783.8,664.0,1832.1,864.4,0.000,0.7577,1
3229,316,1624.8,704.2,1662.4,847.1,0.000,0.6829,1
3229,269,301.1,683.0,339.8,833.0,0.000,0.7791,1
3229,278,239.8,684.4,307.8,863.2,0.000,0.8148,1
3229,270,112.6,642.9,151.9,789.4,0.000,0.7803,1
3229,246,1298.3,714.9,1380.8,905.5,0.000,0.7339,1
3229,171,179.6,664.1,219.9,817.0,0.000,0.7963,1
3229,284,834.2,723.7,926.9,904.9,0.000,0.7252,1
3229,374,750.0,733.8,775.4,803.5,0.000,0.5697,1
3230,164,1012.0,724.1,1088.3,902.8,0.000,0.7689,1
3230,14,1784.5,665.5,1832.1,863.8,0.000,0.7573,1
3230,316,1624.8,704.1,1662.4,847.4,0.000,0.6832,1
3230,269,301.0,685.6,339.1,833.6,0.000,0.7793,1
3230,278,245.2,683.4,313.3,863.2,0.000,0.8148,1
3230,270,113.5,646.0,151.4,789.1,0.000,0.7800,1
3230,246,1293.0,712.7,1374.7,905.5,0.000,0.7339,1
3230,171,179.3,664.1,219.4,816.4,0.000,0.7963,1
3230,284,831.2,724.8,926.1,905.4,0.000,0.7252,1
3230,374,750.9,734.2,776.4,803.5,0.000,0.5697,1
3231,164,1005.6,725.4,1082.9,902.0,0.000,0.7699,1
3231,14,1784.8,664.6,1832.4,863.4,0.000,0.7573,1
3231,316,1624.7,704.0,1662.5,847.6,0.000,0.6835,1
3231,269,301.8,684.4,340.0,834.0,0.000,0.7796,1
3231,278,252.7,682.9,318.5,859.2,0.000,0.8132,1
3231,246,1288.4,712.0,1367.7,905.5,0.000,0.7339,1
3231,171,178.1,663.7,218.5,816.2,0.000,0.7963,1
3231,284,827.7,726.2,923.7,905.8,0.000,0.7252,1
3231,374,750.8,733.7,776.7,803.7,0.000,0.5697,1
3232,164,1000.9,727.8,1079.7,902.8,0.000,0.7716,1
3232,14,1785.5,665.4,1832.7,863.0,0.000,0.7571,1
3232,316,1624.4,703.7,1662.2,847.4,0.000,0.6837,1
3232,269,303.4,684.4,341.0,834.3,0.000,0.7799,1
3232,278,258.6,684.7,323.2,860.8,0.000,0.8126,1
3232,246,1282.9,710.8,1359.8,905.2,0.000,0.7339,1
3232,171,178.6,662.5,217.3,809.3,0.000,0.7963,1
3232,284,823.6,720.5,922.6,905.5,0.000,0.7252,1
3232,374,750.5,734.0,776.6,803.9,0.000,0.5697,1
3232,386,264.1,684.4,301.4,823.5,0.000,0.7791,1
3232,270,114.2,652.9,149.7,788.1,0.000,0.7800,1
3233,164,996.1,728.0,1077.3,903.9,0.000,0.7737,1
3233,14,1785.6,665.8,1832.5,861.6,0.000,0.7566,1
3233,316,1624.6,704.0,1662.3,847.4,0.000,0.6838,1
3233,278,269.4,685.1,333.9,861.5,0.000,0.8120,1
3233,246,1278.1,709.9,1353.0,905.2,0.000,0.7339,1
3233,171,177.1,661.2,216.4,810.8,0.000,0.7963,1
3233,284,820.0,719.3,918.8,905.2,0.000,0.7252,1
3233,374,749.7,734.1,775.8,803.7,0.000,0.5697,1
3233,386,262.4,684.3,300.1,820.1,0.000,0.7791,1
3233,270,114.0,651.2,149.4,788.3,0.000,0.7800,1
3234,164,992.7,728.6,1075.4,903.9,0.000,0.7753,1
3234,14,1786.6,665.9,1833.1,860.9,0.000,0.7563,1
3234,316,1624.9,704.0,1662.5,847.0,0.000,0.6838,1
3234,278,275.0,684.6,340.1,864.7,0.000,0.8125,1
3234,246,1271.2,709.1,1345.2,905.1,0.000,0.7478,1
3234,171,177.2,661.1,215.0,804.7,0.000,0.7963,1
3234,284,815.2,715.9,914.2,905.6,0.000,0.7252,1
3234,374,749.4,734.0,775.7,803.6,0.000,0.5697,1
3234,386,261.7,684.0,299.9,817.2,0.000,0.7791,1
3234,270,115.1,653.1,149.6,787.9,0.000,0.7800,1
3234,269,305.8,686.5,341.9,832.9,0.000,0.7799,1
3235,164,988.0,729.1,1071.7,903.6,0.000,0.7765,1
3235,14,1786.9,667.1,1833.2,860.8,0.000,0.7560,1
3235,316,1625.3,704.6,1662.8,846.8,0.000,0.6835,1
3235,278,276.1,684.0,341.7,867.5,0.000,0.8136,1
3235,246,1261.7,709.8,1335.5,905.5,0.000,0.7482,1
3235,171,177.2,661.8,214.2,802.4,0.000,0.7963,1
3235,284,809.8,716.2,905.8,904.9,0.000,0.7252,1
3235,374,749.1,733.6,775.5,803.6,0.000,0.5697,1
3235,386,262.0,683.8,300.5,815.8,0.000,0.7791,1
3235,270,117.1,656.2,149.9,785.8,0.000,0.7800,1
3235,269,307.8,686.8,343.1,832.5,0.000,0.7799,1
3235,262,1683.0,705.0,1718.2,855.4,0.000,0.7034,1
3236,164,982.0,728.9,1066.2,903.1,0.000,0.7774,1
3236,14,1788.4,666.2,1833.0,853.8,0.000,0.7543,1
3236,316,1625.5,704.5,1663.0,846.9,0.000,0.6835,1
3236,278,277.9,683.5,344.4,870.7,0.000,0.8151,1
3236,246,1252.2,710.4,1327.4,905.6,0.000,0.7486,1
3236,171,175.6,661.6,213.4,805.5,0.000,0.7825,1
3236,284,801.8,715.4,894.5,903.5,0.000,0.7252,1
3236,374,749.0,733.6,775.5,803.6,0.000,0.5697,1
3236,386,261.5,684.0,299.8,815.4,0.000,0.7791,1
3236,262,1681.9,721.6,1712.9,851.8,0.000,0.7034,1
3237,164,974.2,727.9,1059.0,903.3,0.000,0.7785,1
3237,14,1789.0,665.0,1832.4,847.4,0.000,0.7527,1
3237,316,1625.4,704.8,1662.9,846.9,0.000,0.6833,1
3237,278,280.1,684.9,347.4,872.9,0.000,0.8165,1
3237,246,1243.6,711.9,1320.8,905.6,0.000,0.7490,1
3237,171,175.0,660.9,213.0,804.6,0.000,0.7818,1
3237,284,790.7,713.2,883.0,902.9,0.000,0.7252,1
3237,374,748.9,733.3,775.4,803.8,0.000,0.5697,1
3237,386,259.9,684.6,298.5,815.5,0.000,0.7791,1
3237,262,1680.7,727.3,1709.7,847.3,0.000,0.7034,1
3238,164,970.9,726.7,1054.2,903.1,0.000,0.7793,1
3238,14,1788.8,663.8,1831.0,840.8,0.000,0.7511,1
3238,316,1625.3,704.7,1662.8,847.2,0.000,0.6834,1
3238,278,284.5,689.8,351.6,873.2,0.000,0.8168,1
3238,246,1237.3,713.2,1317.4,906.2,0.000,0.7498,1
3238,171,174.0,660.2,212.3,804.4,0.000,0.7815,1
3238,284,782.7,711.3,874.9,902.7,0.000,0.7252,1
3238,374,749.3,733.0,776.0,804.0,0.000,0.5697,1
3238,386,260.5,684.6,298.7,815.2,0.000,0.7791,1
3238,262,1677.1,731.5,1705.9,848.0,0.000,0.7034,1
3239,164,965.6,724.4,1047.4,903.4,0.000,0.7802,1
3239,14,1789.4,666.0,1827.5,824.1,0.000,0.7467,1
3239,316,1625.2,705.4,1662.6,847.7,0.000,0.6833,1
3239,278,285.7,689.0,355.5,877.0,0.000,0.8185,1
3239,246,1233.8,713.4,1316.9,906.6,0.000,0.7506,1
3239,171,171.8,660.5,210.4,806.2,0.000,0.7818,1
3239,284,783.5,712.0,873.5,903.4,0.000,0.8046,1
3239,374,748.6,733.2,775.3,804.3,0.000,0.5697,1
3239,386,261.0,683.9,299.3,815.6,0.000,0.7791,1
3239,262,1673.7,729.9,1703.4,849.5,0.000,0.7034,1
3240,164,960.9,723.9,1040.3,903.9,0.000,0.7814,1
3240,316,1625.6,706.2,1662.5,847.6,0.000,0.6828,1
3240,278,286.6,688.3,358.4,879.6,0.000,0.8203,1
3240,246,1229.7,714.3,1315.9,907.2,0.000,0.7517,1
3240,171,170.5,661.9,209.0,807.5,0.000,0.7823,1
3240,284,777.9,714.8,866.5,903.4,0.000,0.8050,1
3240,374,748.3,733.0,775.0,803.9,0.000,0.5697,1
3240,386,260.8,683.2,299.2,816.6,0.000,0.7791,1
3240,262,1670.3,716.2,1703.6,852.1,0.000,0.7034,1
3240,270,120.2,665.5,147.6,776.3,0.000,0.7800,1
3241,164,956.1,723.2,1033.5,904.7,0.000,0.7829,1
3241,316,1626.0,707.2,1662.7,847.9,0.000,0.6824,1
3241,278,289.3,689.8,361.9,882.1,0.000,0.8220,1
3241,246,1226.9,714.4,1316.0,907.8,0.000,0.7528,1
3241,171,169.2,662.1,207.5,808.3,0.000,0.7828,1
3241,284,773.0,713.2,863.4,904.5,0.000,0.8060,1
3241,374,748.7,732.9,775.3,803.3,0.000,0.5697,1
3241,386,261.4,683.5,299.9,817.5,0.000,0.7791,1
3241,262,1670.3,704.5,1708.2,855.1,0.000,0.7034,1
3241,270,120.2,668.4,146.6,775.2,0.000,0.7800,1
3242,164,949.9,722.7,1025.3,904.0,0.000,0.7836,1
3242,316,1626.2,707.7,1662.7,847.9,0.000,0.6818,1
3242,278,292.2,688.9,365.8,883.2,0.000,0.8234,1
3242,246,1223.5,714.6,1314.6,908.4,0.000,0.7540,1
3242,171,167.9,661.0,206.2,809.0,0.000,0.7836,1
3242,284,766.1,713.1,857.7,905.1,0.000,0.8070,1
3242,374,748.0,732.8,774.7,803.5,0.000,0.5740,1
3242,386,260.3,683.7,298.2,817.7,0.000,0.7791,1
3242,262,1669.8,705.4,1709.2,859.9,0.000,0.7034,1
3242,270,120.0,670.2,145.8,774.6,0.000,0.7800,1
3243,164,941.8,723.4,1017.0,904.1,0.000,0.7848,1
3243,316,1625.9,706.4,1662.7,848.1,0.000,0.6818,1
3243,278,298.0,694.7,369.6,882.5,0.000,0.8236,1
3243,246,1217.0,713.4,1308.9,909.1,0.000,0.7552,1
3243,171,165.8,659.6,203.6,807.4,0.000,0.7838,1
3243,284,758.7,715.5,850.3,905.3,0.000,0.8082,1
3243,374,748.1,732.6,775.0,804.0,0.000,0.5743,1
3243,386,258.2,683.9,296.0,817.9,0.000,0.7791,1
3243,270,119.3,669.5,145.5,774.3,0.000,0.7800,1
3244,164,933.0,723.1,1009.7,904.1,0.000,0.7860,1
3244,316,1625.8,705.0,1662.9,848.0,0.000,0.6822,1
3244,278,305.6,694.8,375.9,882.2,0.000,0.8235,1
3244,246,1212.1,713.0,1303.1,909.2,0.000,0.7561,1
3244,171,164.3,659.2,202.0,808.2,0.000,0.7844,1
3244,284,752.8,718.3,845.6,906.2,0.000,0.8099,1
3244,374,748.7,732.2,775.7,803.2,0.000,0.5739,1
3244,386,258.7,683.5,295.9,818.0,0.000,0.7791,1
3244,270,118.4,670.6,144.6,774.4,0.000,0.7800,1
3245,164,925.2,718.4,1005.8,903.8,0.000,0.7869,1
3245,316,1625.4,705.0,1662.5,848.8,0.000,0.6826,1
3245,278,311.1,696.4,379.8,881.3,0.000,0.8230,1
3245,246,1206.9,712.4,1296.0,909.4,0.000,0.7568,1
3245,171,164.0,658.6,199.3,798.8,0.000,0.7818,1
3245,284,748.5,717.8,843.8,907.0,0.000,0.8114,1
3245,374,748.2,731.7,775.3,803.0,0.000,0.5737,1
3245,426,218.6,676.6,248.2,799.6,0.000,0.7614,1
3245,386,258.7,683.9,295.2,817.7,0.000,0.7791,1
3245,270,117.6,670.1,144.1,774.3,0.000,0.7800,1
3246,164,918.4,713.7,1002.9,903.6,0.000,0.7878,1
3246,316,1625.4,705.4,1662.5,849.0,0.000,0.6828,1
3246,278,314.5,695.3,383.0,880.9,0.000,0.8225,1
3246,246,1199.9,710.7,1286.9,909.3,0.000,0.7572,1
3246,171,163.3,658.9,197.6,796.2,0.000,0.7798,1
3246,284,744.7,717.6,841.8,907.0,0.000,0.8125,1
3246,374,748.2,731.8,775.2,802.7,0.000,0.5733,1
3246,426,219.6,676.0,249.6,799.7,0.000,0.7614,1
3246,386,258.2,683.2,294.5,817.9,0.000,0.7791,1
3246,270,116.6,669.3,143.3,774.1,0.000,0.7800,1
3246,262,1664.3,701.0,1705.9,860.1,0.000,0.7034,1
3247,164,915.3,714.1,1001.6,904.0,0.000,0.7885,1
3247,316,1625.2,705.3,1662.2,848.6,0.000,0.6827,1
3247,278,321.6,692.8,389.8,881.1,0.000,0.8221,1
3247,246,1193.2,710.0,1277.6,909.5,0.000,0.7577,1
3247,171,161.3,659.6,197.0,804.2,0.000,0.7811,1
3247,284,741.3,716.1,840.5,907.2,0.000,0.8134,1
3247,426,218.1,675.6,248.6,799.6,0.000,0.7616,1
3247,386,258.4,682.5,294.4,817.8,0.000,0.7714,1
3247,270,116.3,668.7,143.5,774.4,0.000,0.7800,1
3247,262,1663.9,700.5,1705.8,859.9,0.000,0.7034,1
3247,269,304.5,683.8,339.2,831.3,0.000,0.7799,1
3248,164,911.7,712.4,1000.2,903.9,0.000,0.7891,1
3248,316,1625.3,705.8,1662.5,849.4,0.000,0.6829,1
3248,278,326.2,693.3,393.2,881.2,0.000,0.8217,1
3248,246,1188.2,710.4,1270.0,910.1,0.000,0.7583,1
3248,171,160.9,660.1,196.9,806.8,0.000,0.7823,1
3248,284,737.4,715.5,836.9,906.7,0.000,0.8137,1
3248,426,216.9,673.9,248.2,800.0,0.000,0.7621,1
3248,386,258.5,681.9,294.1,817.8,0.000,0.7716,1
3248,427,1757.7,687.5,1859.6,941.8,0.000,0.8069,1
3248,270,115.5,669.4,142.6,774.2,0.000,0.7800,1
3248,262,1660.3,700.7,1703.4,862.3,0.000,0.7034,1
3248,269,305.7,683.5,340.3,832.4,0.000,0.7799,1
3249,164,909.2,716.4,997.2,904.4,0.000,0.7898,1
3249,316,1625.5,705.9,1662.9,849.8,0.000,0.6831,1
3249,278,332.2,693.0,399.6,882.7,0.000,0.8218,1
3249,246,1180.5,710.0,1261.6,910.9,0.000,0.7592,1
3249,171,159.1,660.2,195.0,807.3,0.000,0.7832,1
3249,284,733.8,714.7,832.6,905.2,0.000,0.8132,1
3249,426,214.3,674.8,245.5,799.7,0.000,0.7623,1
3249,386,258.8,682.2,293.9,817.6,0.000,0.7716,1
3249,427,1747.2,686.8,1857.0,956.8,0.000,0.8085,1
3249,270,115.1,669.6,142.3,774.8,0.000,0.7800,1
3249,262,1658.4,702.1,1702.4,863.9,0.000,0.7034,1
3249,269,306.4,683.9,340.4,832.5,0.000,0.7799,1
3250,164,906.0,723.4,991.0,903.9,0.000,0.7902,1
3250,316,1625.9,706.4,1663.6,849.8,0.000,0.6830,1
3250,278,338.1,693.9,406.7,885.1,0.000,0.8225,1
3250,246,1170.9,711.9,1251.8,910.7,0.000,0.7599,1
3250,171,158.5,659.8,194.2,805.7,0.000,0.7833,1
3250,284,729.6,714.4,826.5,903.6,0.000,0.8123,1
3250,426,215.6,674.3,247.1,799.9,0.000,0.7626,1
3250,386,259.4,682.5,294.0,817.4,0.000,0.7715,1
3250,427,1736.3,688.1,1853.7,974.0,0.000,0.8148,1
3250,414,132.8,663.0,170.3,804.2,0.000,0.7844,1
3250,270,114.2,667.5,142.0,775.2,0.000,0.7800,1
3250,262,1657.0,702.8,1702.3,866.2,0.000,0.7034,1
3250,269,306.4,684.1,340.1,832.1,0.000,0.7799,1
3251,164,900.7,723.5,985.0,904.2,0.000,0.7912,1
3251,316,1625.7,707.0,1663.2,849.5,0.000,0.6827,1
3251,278,343.0,695.0,413.5,886.3,0.000,0.8232,1
3251,246,1161.4,712.3,1244.5,910.8,0.000,0.7606,1
3251,171,157.8,659.2,192.7,800.6,0.000,0.7820,1
3251,284,723.0,714.7,816.9,901.4,0.000,0.8109,1
3251,426,215.8,673.3,247.6,799.7,0.000,0.7628,1
3251,386,258.9,682.3,293.2,816.9,0.000,0.7714,1
3251,427,1730.4,690.7,1849.4,979.1,0.000,0.8189,1
3251,414,130.6,661.1,168.6,805.1,0.000,0.7853,1
3251,262,1653.5,702.4,1698.7,864.8,0.000,0.7034,1
3251,269,307.1,684.5,340.8,832.6,0.000,0.7799,1
3252,164,894.9,724.7,976.8,902.8,0.000,0.7913,1
3252,316,1626.2,706.4,1664.0,849.3,0.000,0.6825,1
3252,278,346.7,696.2,419.7,887.7,0.000,0.8241,1
3252,246,1153.2,712.6,1239.4,911.4,0.000,0.7617,1
3252,171,156.8,658.9,193.0,805.1,0.000,0.7829,1
3252,284,715.5,714.7,807.6,900.2,0.000,0.8098,1
3252,426,216.2,674.1,248.0,799.5,0.000,0.7627,1
3252,386,258.2,683.5,292.4,816.6,0.000,0.7711,1
3252,427,1729.3,689.6,1850.0,977.2,0.000,0.8201,1
3252,414,129.0,661.2,166.7,805.1,0.000,0.7858,1
3252,269,307.6,684.7,341.2,832.8,0.000,0.7799,1
3253,164,888.6,726.8,967.8,902.5,0.000,0.7919,1
3253,316,1625.2,707.0,1662.3,848.6,0.000,0.6818,1
3253,278,348.2,697.9,423.9,889.9,0.000,0.8256,1
3253,246,1147.6,713.7,1236.6,911.2,0.000,0.7624,1
3253,171,154.9,658.1,191.3,803.9,0.000,0.7831,1
3253,284,707.1,714.1,797.5,901.3,0.000,0.8101,1
3253,426,215.2,677.7,246.7,799.4,0.000,0.7621,1
3253,386,258.3,684.3,292.4,816.5,0.000,0.7708,1
3253,427,1727.5,703.2,1843.7,972.5,0.000,0.8204,1
3253,414,128.6,659.6,166.4,804.3,0.000,0.7862,1
3253,269,307.6,684.0,341.5,833.5,0.000,0.7799,1
3254,164,881.7,721.7,961.3,902.3,0.000,0.7926,1
3254,316,1625.0,707.5,1661.8,848.5,0.000,0.6812,1
3254,278,349.4,701.4,427.0,892.5,0.000,0.8277,1
3254,246,1144.5,714.3,1236.8,911.2,0.000,0.7631,1
3254,284,704.1,712.2,795.2,902.2,0.000,0.8106,1
3254,426,215.0,676.1,247.3,799.8,0.000,0.7622,1
3254,386,259.0,684.1,293.0,816.4,0.000,0.7706,1
3254,427,1722.0,708.6,1839.6,975.0,0.000,0.8223,1
3254,414,128.8,659.7,166.2,802.3,0.000,0.7858,1
3254,269,307.5,683.1,341.5,833.6,0.000,0.7799,1
3255,164,875.5,718.7,954.5,902.2,0.000,0.7932,1
3255,316,1626.5,707.4,1663.3,847.8,0.000,0.6806,1
3255,278,349.7,700.3,430.3,895.5,0.000,0.8301,1
3255,246,1141.5,713.8,1237.3,911.5,0.000,0.7638,1
3255,284,700.0,711.2,789.3,903.6,0.000,0.8118,1
3255,426,214.5,675.8,247.4,800.2,0.000,0.7624,1
3255,386,259.2,683.9,293.2,816.3,0.000,0.7704,1
3255,427,1717.1,709.0,1836.2,974.2,0.000,0.8230,1
3255,414,132.9,656.2,172.0,801.5,0.000,0.7856,1
3255,269,307.0,681.6,341.4,833.4,0.000,0.7799,1
3256,164,869.4,716.4,947.8,902.6,0.000,0.7939,1
3256,316,1627.1,706.8,1664.4,848.4,0.000,0.6807,1
3256,278,351.6,700.7,433.6,897.0,0.000,0.8320,1
3256,246,1138.8,712.8,1237.7,912.0,0.000,0.7646,1
3256,284,696.9,711.5,785.0,905.1,0.000,0.8132,1
3256,426,214.4,676.6,247.6,800.3,0.000,0.7624,1
3256,386,259.1,683.7,293.0,816.4,0.000,0.7703,1
3256,427,1715.7,709.3,1832.5,966.0,0.000,0.8206,1
3256,269,307.5,681.6,342.0,833.4,0.000,0.7799,1
3256,171,150.4,658.2,180.2,778.9,0.000,0.7831,1
3257,164,863.1,721.1,939.1,903.0,0.000,0.7951,1
3257,316,1632.0,705.7,1672.0,851.2,0.000,0.6823,1
3257,278,354.5,703.4,435.7,897.0,0.000,0.8332,1
3257,246,1133.1,712.5,1232.8,912.1,0.000,0.7652,1
3257,284,690.1,711.5,778.3,905.2,0.000,0.8143,1
3257,426,212.7,676.0,246.0,799.9,0.000,0.7625,1
3257,386,258.5,683.5,292.4,816.5,0.000,0.7704,1
3257,427,1712.5,708.7,1825.5,955.2,0.000,0.8157,1
3257,269,307.6,680.9,342.5,833.3,0.000,0.7799,1
3257,262,1637.4,697.2,1683.4,861.0,0.000,0.7034,1
3257,414,137.7,655.3,175.9,797.7,0.000,0.7856,1
3258,164,854.2,715.6,933.0,903.1,0.000,0.7959,1
3258,316,1627.3,705.6,1668.2,855.4,0.000,0.6850,1
3258,278,358.8,703.9,439.5,897.6,0.000,0.8342,1
3258,246,1126.1,711.0,1225.6,912.3,0.000,0.7660,1
3258,284,681.4,710.3,771.3,904.5,0.000,0.8149,1
3258,426,214.7,679.1,247.8,800.2,0.000,0.7621,1
3258,386,259.2,683.6,293.1,816.8,0.000,0.7704,1
3258,427,1707.6,712.5,1819.0,954.3,0.000,0.8136,1
3258,269,307.1,680.1,342.2,833.3,0.000,0.7799,1
3258,414,125.5,657.8,163.9,797.0,0.000,0.7856,1
3259,164,848.0,722.2,925.9,902.5,0.000,0.7966,1
3259,316,1624.4,708.1,1665.2,858.9,0.000,0.6876,1
3259,278,365.4,704.2,444.5,897.9,0.000,0.8349,1
3259,246,1120.2,709.2,1218.9,912.4,0.000,0.7668,1
3259,284,671.0,709.9,763.0,904.6,0.000,0.8159,1
3259,426,217.0,679.7,250.5,800.8,0.000,0.7620,1
3259,386,260.3,684.2,293.7,816.6,0.000,0.7702,1
3259,427,1704.0,712.1,1813.9,950.9,0.000,0.8108,1
3259,269,307.5,680.0,343.0,833.8,0.000,0.7799,1
3259,414,125.8,655.6,166.6,800.3,0.000,0.7856,1
3260,164,843.3,723.0,923.2,903.0,0.000,0.7977,1
3260,316,1622.0,710.8,1661.2,857.2,0.000,0.6874,1
3260,278,372.9,703.1,450.5,897.7,0.000,0.8349,1
3260,246,1113.7,708.4,1210.3,912.3,0.000,0.7674,1
3260,284,664.2,711.6,757.7,904.8,0.000,0.8168,1
3260,426,218.2,677.5,252.6,800.9,0.000,0.7619,1
3260,386,260.0,684.0,293.5,816.7,0.000,0.7702,1
3260,427,1693.9,713.3,1808.0,961.2,0.000,0.8135,1
3260,269,307.3,680.2,342.8,833.3,0.000,0.7799,1
3260,414,121.9,658.1,162.8,799.0,0.000,0.7856,1
3261,164,839.6,720.1,922.3,902.5,0.000,0.7980,1
3261,278,379.6,701.8,456.1,897.9,0.000,0.8349,1
3261,246,1105.3,707.4,1198.9,912.0,0.000,0.7680,1
3261,284,660.9,715.6,755.3,906.5,0.000,0.8184,1
3261,426,218.9,676.3,254.0,800.9,0.000,0.7621,1
3261,386,260.0,683.8,293.3,816.7,0.000,0.7702,1
3261,427,1688.7,711.8,1805.6,966.1,0.000,0.8159,1
3261,269,306.9,681.0,342.2,833.8,0.000,0.7799,1
3261,414,118.9,661.7,159.3,797.9,0.000,0.7856,1
3261,262,1625.5,703.5,1673.7,869.1,0.000,0.7034,1
3262,164,835.9,721.3,920.0,903.0,0.000,0.7989,1
3262,278,391.0,705.6,466.3,899.0,0.000,0.8353,1
3262,246,1101.0,708.0,1191.2,912.4,0.000,0.7688,1
3262,284,656.6,716.4,753.1,906.8,0.000,0.8197,1
3262,426,218.6,676.6,253.7,800.7,0.000,0.7621,1
3262,386,259.1,683.5,292.7,816.7,0.000,0.7703,1
3262,427,1683.5,709.6,1801.9,967.9,0.000,0.8175,1
3262,269,307.3,681.5,342.5,833.7,0.000,0.7804,1
3262,414,117.6,662.1,158.7,798.0,0.000,0.7856,1
3262,262,1623.6,705.4,1672.5,870.3,0.000,0.7034,1
3263,164,832.6,723.6,916.7,903.1,0.000,0.7998,1
3263,278,397.8,703.9,474.5,900.1,0.000,0.8356,1
3263,246,1094.5,707.8,1182.2,912.5,0.000,0.7697,1
3263,284,654.0,718.6,751.3,906.7,0.000,0.8207,1
3263,426,218.0,675.0,253.7,800.6,0.000,0.7623,1
3263,386,259.6,683.3,293.7,816.8,0.000,0.7704,1
3263,427,1676.4,705.6,1798.4,971.8,0.000,0.8197,1
3263,269,307.5,681.9,342.5,832.8,0.000,0.7801,1
3263,414,118.0,672.6,157.6,799.5,0.000,0.7856,1
3263,374,743.4,733.4,770.7,806.0,0.000,0.5733,1
3264,164,829.0,725.2,912.5,903.2,0.000,0.8006,1
3264,278,403.2,703.0,482.7,904.1,0.000,0.8371,1
3264,246,1085.9,708.8,1172.2,912.3,0.000,0.7706,1
3264,284,651.5,719.4,749.3,906.6,0.000,0.8214,1
3264,426,217.7,676.0,253.3,800.5,0.000,0.7623,1
3264,386,259.7,683.1,294.1,817.0,0.000,0.7705,1
3264,427,1672.5,706.8,1794.0,969.9,0.000,0.8201,1
3264,269,307.7,683.5,342.3,832.8,0.000,0.7797,1
3264,414,117.1,666.4,159.1,798.4,0.000,0.7856,1
3264,374,743.8,732.8,771.2,806.3,0.000,0.5733,1
3265,164,823.1,719.3,908.0,903.1,0.000,0.8012,1
3265,278,408.3,703.5,488.9,904.4,0.000,0.8378,1
3265,246,1076.1,708.9,1163.1,912.1,0.000,0.7717,1
3265,284,648.4,720.9,745.1,905.0,0.000,0.8214,1
3265,426,217.6,676.7,253.1,800.5,0.000,0.7622,1
3265,386,262.9,683.1,298.2,817.1,0.000,0.7704,1
3265,427,1668.9,703.9,1792.8,971.2,0.000,0.8208,1
3265,269,308.3,683.9,342.8,832.9,0.000,0.7794,1
3265,414,116.8,662.9,160.1,797.2,0.000,0.7856,1
3265,374,744.6,733.0,771.2,805.2,0.000,0.5733,1
3266,164,817.2,716.0,901.5,903.3,0.000,0.8017,1
3266,278,411.5,703.7,493.6,905.5,0.000,0.8387,1
3266,246,1067.2,709.7,1156.0,911.9,0.000,0.7727,1
3266,284,643.8,719.3,739.6,902.9,0.000,0.8204,1
3266,426,217.4,676.6,253.0,800.5,0.000,0.7621,1
3266,386,266.2,683.8,302.5,817.2,0.000,0.7701,1
3266,427,1664.7,702.1,1789.9,969.9,0.000,0.8206,1
3266,269,309.4,685.0,343.7,832.3,0.000,0.7789,1
3266,374,744.4,732.5,770.6,803.9,0.000,0.5733,1
3267,164,809.3,712.1,892.5,903.1,0.000,0.8020,1
3267,278,415.0,707.4,497.9,907.1,0.000,0.8399,1
3267,246,1059.0,709.7,1150.9,911.8,0.000,0.7739,1
3267,284,639.9,715.2,735.2,900.3,0.000,0.8188,1
3267,426,217.3,676.2,253.4,800.7,0.000,0.7622,1
3267,386,266.5,683.9,303.6,816.8,0.000,0.7697,1
3267,427,1664.0,702.9,1790.3,969.8,0.000,0.8205,1
3267,269,309.0,685.2,343.4,832.4,0.000,0.7786,1
3267,374,745.0,731.9,770.3,800.4,0.000,0.5733,1
3268,164,803.4,711.4,883.9,903.0,0.000,0.8022,1
3268,278,417.5,712.2,500.9,908.5,0.000,0.8414,1
3268,246,1053.7,710.6,1148.7,912.3,0.000,0.7753,1
3268,284,633.4,711.9,729.8,901.8,0.000,0.8191,1
3268,426,217.6,676.2,253.7,801.0,0.000,0.7624,1
3268,386,262.2,683.9,298.7,816.0,0.000,0.7695,1
3268,427,1663.8,703.7,1790.4,969.5,0.000,0.8204,1
3268,269,309.5,685.7,343.8,832.3,0.000,0.7783,1
3268,374,745.7,731.4,769.4,793.2,0.000,0.5733,1
3269,164,798.6,710.6,877.1,903.3,0.000,0.8025,1
3269,278,420.4,714.3,505.0,909.5,0.000,0.8426,1
3269,246,1050.4,711.3,1148.3,912.4,0.000,0.7764,1
3269,284,623.5,713.0,716.8,902.2,0.000,0.8195,1
3269,426,217.0,673.6,253.9,801.0,0.000,0.7629,1
3269,386,264.7,684.2,302.4,816.9,0.000,0.7695,1
3269,427,1679.9,704.3,1798.2,957.5,0.000,0.8155,1
3269,269,308.4,686.3,342.5,832.6,0.000,0.7781,1
3269,414,112.5,656.8,157.7,795.7,0.000,0.7856,1
3270,164,794.8,715.9,870.0,903.5,0.000,0.8033,1
3270,278,423.6,711.2,510.4,909.9,0.000,0.8432,1
3270,246,1046.2,712.0,1146.9,912.4,0.000,0.7775,1
3270,284,625.6,709.2,719.7,899.4,0.000,0.8181,1
3270,426,215.9,674.5,252.3,800.8,0.000,0.7630,1
3270,386,260.9,684.2,298.1,816.7,0.000,0.7696,1
3270,427,1665.2,699.5,1781.4,948.0,0.000,0.8096,1
3270,269,307.0,686.1,341.4,832.9,0.000,0.7782,1
3270,441,944.6,719.4,970.9,757.6,0.000,0.3683,0
3270,414,111.6,655.6,157.1,795.3,0.000,0.7856,1
3271,164,789.4,722.4,863.1,903.1,0.000,0.8039,1
3271,278,427.4,708.4,515.2,909.9,0.000,0.8434,1
3271,246,1044.4,711.8,1147.7,912.5,0.000,0.7784,1
3271,284,622.9,706.8,719.3,900.0,0.000,0.8179,1
3271,426,216.3,674.5,252.5,800.5,0.000,0.7631,1
3271,386,258.6,684.1,295.4,816.0,0.000,0.7695,1
3271,427,1661.5,697.4,1775.9,940.7,0.000,0.8035,1
3271,269,305.7,685.9,340.2,832.9,0.000,0.7784,1
3271,441,944.7,719.3,971.0,757.6,0.000,0.3683,0
3271,444,159.6,664.2,190.5,785.8,0.000,0.7621,1
3271,414,111.0,652.2,157.0,795.0,0.000,0.7856,1
3272,164,783.6,729.9,856.8,902.6,0.000,0.8047,1
3272,278,431.7,704.5,519.8,909.6,0.000,0.8432,1
3272,246,1038.8,710.9,1143.1,912.2,0.000,0.7791,1
3272,284,609.6,707.6,704.4,903.0,0.000,0.8195,1
3272,426,216.0,673.6,252.4,800.8,0.000,0.7634,1
3272,386,257.4,684.0,294.1,816.0,0.000,0.7696,1
3272,269,306.3,685.3,340.7,832.5,0.000,0.7783,1
3272,441,944.6,719.4,971.0,757.7,0.000,0.3685,0
3272,444,158.3,662.5,190.2,786.1,0.000,0.7625,1
3272,414,113.2,651.2,158.3,795.0,0.000,0.7856,1
3273,164,777.1,735.8,851.0,902.6,0.000,0.8059,1
3273,278,438.4,704.9,524.6,910.2,0.000,0.8432,1
3273,246,1032.2,711.2,1135.4,912.0,0.000,0.7799,1
3273,284,601.9,707.0,693.8,901.2,0.000,0.8196,1
3273,426,214.9,672.3,251.5,800.8,0.000,0.7638,1
3273,386,257.3,684.1,293.8,816.1,0.000,0.7697,1
3273,269,306.3,685.1,340.6,832.6,0.000,0.7784,1
3273,441,944.4,719.5,970.8,757.8,0.000,0.3686,0
3273,444,158.1,661.6,190.9,786.3,0.000,0.7628,1
3273,414,114.8,650.5,158.6,793.9,0.000,0.7856,1
3273,262,1591.4,717.0,1641.2,880.4,0.000,0.7034,1
3273,427,1656.7,698.5,1770.9,941.0,0.000,0.8035,1
3274,164,773.2,740.1,848.6,902.9,0.000,0.8074,1
3274,278,443.3,704.3,527.4,910.6,0.000,0.8431,1
3274,246,1027.1,711.0,1128.5,911.9,0.000,0.7807,1
3274,284,596.2,707.4,688.0,901.4,0.000,0.8201,1
3274,426,214.2,672.4,251.0,801.0,0.000,0.7641,1
3274,386,257.3,684.0,293.8,816.7,0.000,0.7699,1
3274,269,306.3,684.1,340.6,832.5,0.000,0.7785,1
3274,441,944.5,719.8,970.8,757.9,0.000,0.3686,0
3274,444,157.2,661.5,190.6,786.5,0.000,0.7632,1
3274,414,116.0,650.8,158.2,793.0,0.000,0.7856,1
3274,262,1591.9,714.8,1641.1,879.7,0.000,0.7034,1
3274,427,1656.1,699.3,1770.6,942.5,0.000,0.8035,1
3275,164,766.7,729.8,848.4,903.0,0.000,0.8083,1
3275,278,446.0,702.8,529.1,910.5,0.000,0.8429,1
3275,246,1022.2,709.2,1121.6,912.1,0.000,0.7815,1
3275,284,589.4,706.9,682.7,901.9,0.000,0.8208,1
3275,426,213.9,672.4,250.7,800.9,0.000,0.7644,1
3275,386,256.8,684.4,293.0,816.5,0.000,0.7699,1
3275,269,306.7,684.9,340.7,832.4,0.000,0.7784,1
3275,441,944.7,719.8,970.9,757.9,0.000,0.3686,0
3275,444,157.8,662.3,191.6,786.9,0.000,0.7634,1
3275,455,1836.9,693.4,1866.9,804.6,0.000,0.7265,1
3275,456,1783.8,667.2,1832.0,867.5,0.000,0.7556,1
3275,414,116.3,650.1,157.4,792.3,0.000,0.7856,1
3275,262,1588.8,715.1,1636.9,879.4,0.000,0.7034,1
3276,164,763.3,732.6,845.6,903.3,0.000,0.8093,1
3276,278,451.4,702.3,533.4,910.9,0.000,0.8428,1
3276,246,1016.2,707.9,1112.2,911.1,0.000,0.7817,1
3276,284,582.2,707.0,676.6,902.6,0.000,0.8218,1
3276,426,215.1,672.1,251.9,800.9,0.000,0.7645,1
3276,386,256.1,684.8,292.3,816.4,0.000,0.7700,1
3276,269,306.0,685.7,339.8,831.6,0.000,0.7781,1
3276,441,945.0,719.9,971.0,757.8,0.000,0.3685,0
3276,444,157.4,660.3,191.9,786.5,0.000,0.7637,1
3276,455,1836.4,697.8,1866.1,804.3,0.000,0.7229,1
3276,456,1783.3,667.6,1832.2,867.5,0.000,0.7557,1
3276,414,114.5,649.8,154.7,790.9,0.000,0.7856,1
3276,262,1588.2,713.0,1635.5,880.8,0.000,0.7034,1
3277,164,757.4,726.5,842.7,903.6,0.000,0.8101,1
3277,278,459.6,703.7,540.9,911.5,0.000,0.8427,1
3277,246,1009.5,707.8,1102.4,910.3,0.000,0.7818,1
3277,284,578.6,708.4,673.1,902.2,0.000,0.8224,1
3277,426,216.4,672.8,252.9,800.8,0.000,0.7644,1
3277,386,255.5,685.0,291.7,816.5,0.000,0.7701,1
3277,269,306.3,685.3,340.2,831.9,0.000,0.7780,1
3277,441,945.1,720.1,971.1,758.0,0.000,0.3683,0
3277,444,156.9,659.1,191.6,786.3,0.000,0.7640,1
3277,455,1835.7,700.0,1866.0,804.4,0.000,0.7197,1
3277,456,1783.4,668.2,1832.8,867.4,0.000,0.7556,1
3277,402,279.6,685.5,322.8,828.6,0.000,0.7782,1
3277,414,115.4,651.8,153.7,789.8,0.000,0.7856,1
3277,262,1583.5,721.9,1630.8,883.2,0.000,0.7034,1
3278,164,752.9,723.6,837.8,902.1,0.000,0.8097,1
3278,278,468.9,705.0,551.1,911.5,0.000,0.8425,1
3278,246,1003.5,708.3,1094.3,911.7,0.000,0.7833,1
3278,284,577.7,709.8,671.6,900.7,0.000,0.8221,1
3278,426,217.1,671.5,253.9,801.1,0.000,0.7646,1
3278,386,255.8,685.0,292.1,816.9,0.000,0.7702,1
3278,269,306.6,684.5,340.6,832.0,0.000,0.7781,1
3278,441,945.1,719.6,971.2,757.7,0.000,0.3684,0
3278,444,157.2,658.3,191.9,786.0,0.000,0.7642,1
3278,455,1830.4,689.7,1864.0,805.8,0.000,0.7217,1
3278,456,1783.6,668.0,1833.4,867.1,0.000,0.7555,1
3278,402,277.6,685.2,321.6,829.2,0.000,0.7785,1
3278,414,113.5,650.5,151.3,788.8,0.000,0.7856,1
3278,262,1578.1,718.4,1627.3,883.5,0.000,0.7034,1
3279,164,747.4,722.9,830.3,901.1,0.000,0.8091,1
3279,278,475.3,707.5,559.4,913.4,0.000,0.8432,1
3279,246,992.3,709.0,1081.8,912.1,0.000,0.7851,1
3279,284,574.9,709.8,670.3,902.7,0.000,0.8232,1
3279,426,217.4,673.4,253.6,801.1,0.000,0.7644,1
3279,386,255.7,685.0,292.0,817.0,0.000,0.7704,1
3279,269,306.7,683.9,340.8,832.0,0.000,0.7781,1
3279,444,157.2,658.2,192.0,786.5,0.000,0.7646,1
3279,455,1832.3,695.3,1865.1,805.3,0.000,0.7196,1
3279,456,1782.9,669.2,1833.0,867.6,0.000,0.7553,1
3279,402,277.6,685.3,321.9,829.4,0.000,0.7786,1
3279,347,1626.8,707.0,1665.8,845.9,0.000,0.6788,1
3279,414,113.1,651.1,150.1,789.0,0.000,0.7856,1
3279,262,1575.8,716.7,1626.6,884.5,0.000,0.7034,1
3280,164,741.8,727.1,821.2,901.0,0.000,0.8092,1
3280,278,478.5,708.6,564.8,913.9,0.000,0.8436,1
3280,246,980.4,709.8,1070.4,912.3,0.000,0.7870,1
3280,284,573.7,710.8,668.9,903.2,0.000,0.8240,1
3280,426,217.4,674.0,253.2,801.1,0.000,0.7642,1
3280,386,255.6,685.0,291.9,817.1,0.000,0.7705,1
3280,269,306.8,684.3,341.0,832.2,0.000,0.7782,1
3280,444,157.2,658.1,192.4,786.9,0.000,0.7649,1
3280,455,1828.0,688.7,1862.6,806.0,0.000,0.7215,1
3280,456,1782.6,673.2,1832.4,867.9,0.000,0.7543,1
3280,402,274.1,685.3,319.8,830.5,0.000,0.7793,1
3280,347,1626.5,706.9,1665.8,845.6,0.000,0.6785,1
3280,414,112.1,651.6,148.6,789.0,0.000,0.7856,1
3280,262,1574.0,714.2,1626.3,886.6,0.000,0.7034,1
3281,164,733.9,719.9,813.9,900.9,0.000,0.8090,1
3281,278,479.2,707.9,568.5,914.8,0.000,0.8441,1
3281,246,970.5,711.2,1061.9,912.3,0.000,0.7890,1
3281,284,571.8,711.9,665.4,902.0,0.000,0.8240,1
3281,426,216.3,673.3,252.3,801.4,0.000,0.7644,1
3281,386,255.9,684.7,292.4,817.5,0.000,0.7707,1
3281,269,305.9,684.2,340.0,832.0,0.000,0.7782,1
3281,444,157.5,658.1,193.0,787.2,0.000,0.7652,1
3281,455,1826.3,688.5,1860.7,805.6,0.000,0.7220,1
3281,456,1782.3,672.8,1832.5,868.0,0.000,0.7539,1
3281,402,276.4,685.6,322.1,831.2,0.000,0.7798,1
3281,347,1625.8,706.8,1665.8,845.8,0.000,0.6784,1
3281,414,111.1,651.3,147.0,789.1,0.000,0.7856,1
3281,262,1570.3,713.0,1624.1,888.4,0.000,0.7034,1
3282,164,728.4,715.1,808.1,900.8,0.000,0.8088,1
3282,278,480.3,710.7,571.3,916.0,0.000,0.8450,1
3282,246,962.6,712.1,1056.5,912.3,0.000,0.7907,1
3282,284,571.8,718.6,660.9,899.2,0.000,0.8232,1
3282,426,216.3,674.4,252.0,801.6,0.000,0.7644,1
3282,386,256.5,684.7,292.6,817.0,0.000,0.7707,1
3282,269,305.3,684.0,339.4,831.5,0.000,0.7781,1
3282,444,157.9,658.0,193.8,787.4,0.000,0.7655,1
3282,456,1782.5,668.8,1834.2,868.3,0.000,0.7546,1
3282,402,277.8,685.6,323.2,831.1,0.000,0.7799,1
3282,347,1625.6,707.1,1665.8,845.7,0.000,0.6782,1
3282,414,109.5,652.5,144.8,789.4,0.000,0.7856,1
3282,262,1567.4,711.1,1623.3,890.1,0.000,0.7034,1
3283,164,726.7,728.6,799.1,900.8,0.000,0.8092,1
3283,278,480.6,710.0,573.6,916.4,0.000,0.8455,1
3283,246,957.5,713.0,1054.3,912.2,0.000,0.7921,1
3283,284,568.9,721.6,655.3,897.9,0.000,0.8225,1
3283,426,217.6,676.4,252.9,801.9,0.000,0.7641,1
3283,386,256.7,684.7,292.6,816.7,0.000,0.7705,1
3283,269,305.4,684.0,339.5,831.4,0.000,0.7780,1
3283,444,157.4,657.4,193.8,787.8,0.000,0.7659,1
3283,456,1782.5,667.2,1835.0,868.6,0.000,0.7552,1
3283,402,278.3,685.6,323.8,831.8,0.000,0.7803,1
3283,347,1626.6,707.2,1666.8,845.4,0.000,0.6779,1
3283,414,108.8,655.1,142.8,788.5,0.000,0.7856,1
3283,262,1564.8,713.4,1621.3,891.9,0.000,0.7034,1
3284,164,719.9,728.4,792.0,901.1,0.000,0.8099,1
3284,278,482.3,706.3,577.5,916.3,0.000,0.8457,1
3284,246,954.5,713.2,1053.8,911.9,0.000,0.7931,1
3284,284,560.2,716.2,646.4,896.1,0.000,0.8215,1
3284,426,216.9,673.7,253.0,802.0,0.000,0.7644,1
3284,386,256.5,684.6,292.3,816.6,0.000,0.7705,1
3284,269,305.2,683.9,339.3,831.5,0.000,0.7780,1
3284,444,156.1,657.4,192.7,788.1,0.000,0.7664,1
3284,456,1782.5,667.1,1835.4,868.4,0.000,0.7556,1
3284,402,278.5,685.4,323.5,830.8,0.000,0.7802,1
3284,347,1627.5,707.3,1667.9,845.8,0.000,0.6779,1
3284,414,108.3,654.2,141.9,788.5,0.000,0.7779,1
3284,262,1562.8,714.5,1620.0,892.7,0.000,0.7034,1
3285,164,710.3,723.7,784.8,900.5,0.000,0.8101,1
3285,278,486.8,708.6,580.8,916.6,0.000,0.8459,1
3285,246,951.0,712.5,1053.4,911.9,0.000,0.7940,1
3285,284,553.8,715.7,637.5,895.6,0.000,0.8211,1
3285,426,217.2,673.2,253.3,801.8,0.000,0.7646,1
3285,386,255.4,684.4,291.5,816.6,0.000,0.7705,1
3285,269,305.1,684.3,339.1,831.4,0.000,0.7779,1
3285,444,157.1,657.4,193.6,787.9,0.000,0.7665,1
3285,456,1783.6,669.2,1836.6,868.8,0.000,0.7554,1
3285,402,278.5,685.6,323.2,830.1,0.000,0.7800,1
3285,347,1628.0,707.2,1668.3,845.8,0.000,0.6780,1
3285,414,107.0,653.8,140.8,789.8,0.000,0.7783,1
3285,262,1560.3,715.3,1617.7,893.2,0.000,0.7034,1
3286,164,702.7,722.3,779.2,899.7,0.000,0.8100,1
3286,278,492.5,707.6,585.5,916.1,0.000,0.8456,1
3286,246,948.0,713.0,1052.0,911.5,0.000,0.7946,1
3286,284,550.2,712.1,632.7,896.7,0.000,0.8213,1
3286,426,216.7,671.7,253.3,801.9,0.000,0.7650,1
3286,386,255.4,684.2,291.6,816.6,0.000,0.7706,1
3286,269,304.8,683.9,339.0,831.6,0.000,0.7780,1
3286,444,157.4,657.2,193.9,787.6,0.000,0.7666,1
3286,456,1784.1,669.0,1837.4,868.6,0.000,0.7554,1
3286,402,278.0,685.3,322.4,829.1,0.000,0.7796,1
3286,347,1628.7,708.6,1668.4,845.3,0.000,0.6774,1
3286,414,106.6,655.3,139.7,790.6,0.000,0.7786,1
3286,262,1558.0,717.2,1615.0,893.6,0.000,0.7034,1
3287,164,698.0,723.2,776.3,900.3,0.000,0.8106,1
3287,278,499.8,711.9,588.9,916.6,0.000,0.8456,1
3287,246,941.9,712.7,1046.0,911.1,0.000,0.7951,1
3287,284,547.6,712.9,627.1,897.9,0.000,0.8220,1
3287,426,216.2,672.1,252.6,801.4,0.000,0.7651,1
3287,386,254.6,684.1,291.2,817.0,0.000,0.7708,1
3287,269,305.0,683.6,339.1,831.6,0.000,0.7781,1
3287,444,156.4,657.0,193.0,787.3,0.000,0.7666,1
3287,456,1784.5,671.3,1837.7,868.9,0.000,0.7549,1
3287,402,277.6,685.3,322.0,829.7,0.000,0.7797,1
3287,347,1629.1,709.0,1667.9,842.6,0.000,0.6758,1
3287,414,105.3,657.6,137.3,789.2,0.000,0.7781,1
3287,471,281.1,686.4,321.9,836.1,0.000,0.7848,1
3287,262,1551.3,717.1,1609.1,894.4,0.000,0.7034,1
3288,164,693.4,721.2,774.4,900.1,0.000,0.8108,1
3288,278,507.7,713.2,593.5,916.9,0.000,0.8456,1
3288,246,935.7,711.5,1039.1,910.9,0.000,0.7957,1
3288,284,549.3,717.7,623.8,897.9,0.000,0.8224,1
3288,426,216.8,674.4,252.3,800.6,0.000,0.7645,1
3288,386,254.6,684.1,291.3,817.1,0.000,0.7709,1
3288,269,305.1,683.6,339.3,831.7,0.000,0.7781,1
3288,444,155.1,657.4,191.9,787.3,0.000,0.7667,1
3288,456,1785.0,673.8,1837.9,868.8,0.000,0.7540,1
3288,402,277.0,685.2,321.4,829.7,0.000,0.7797,1
3288,347,1628.9,707.9,1668.0,842.5,0.000,0.6755,1
3288,471,280.9,686.5,321.7,836.2,0.000,0.7849,1
3288,262,1544.6,715.7,1603.2,894.0,0.000,0.7321,1
3289,164,690.2,722.5,773.0,900.4,0.000,0.8112,1
3289,278,516.8,712.4,601.9,918.4,0.000,0.8459,1
3289,246,929.2,710.5,1030.5,910.9,0.000,0.7964,1
3289,284,553.8,711.3,629.5,897.1,0.000,0.8218,1
3289,426,216.2,678.1,251.0,800.5,0.000,0.7636,1
3289,386,255.3,683.9,292.0,816.9,0.000,0.7709,1
3289,269,305.2,683.6,339.4,831.7,0.000,0.7781,1
3289,444,154.0,657.3,191.3,787.8,0.000,0.7669,1
3289,456,1785.4,677.7,1837.6,868.7,0.000,0.7525,1
3289,402,276.7,684.8,321.4,829.6,0.000,0.7797,1
3289,347,1628.8,708.6,1668.4,844.7,0.000,0.6757,1
3289,471,281.0,685.3,322.1,836.2,0.000,0.7850,1
3289,472,1652.3,698.4,1761.9,942.5,0.000,0.7937,1
3289,262,1546.6,714.4,1604.1,893.7,0.000,0.7323,1
3289,414,109.3,662.2,139.5,785.3,0.000,0.7781,1
3290,164,687.2,723.6,771.3,900.5,0.000,0.8116,1
3290,278,521.8,710.8,606.0,920.0,0.000,0.8464,1
3290,246,922.7,710.9,1020.4,910.9,0.000,0.7971,1
3290,426,217.4,681.3,251.2,800.2,0.000,0.7627,1
3290,386,255.9,684.1,292.5,816.9,0.000,0.7709,1
3290,269,304.0,683.2,338.7,832.3,0.000,0.7785,1
3290,444,151.6,657.7,189.7,788.1,0.000,0.7672,1
3290,456,1783.9,678.7,1836.5,869.1,0.000,0.7514,1
3290,402,277.0,684.4,322.0,829.9,0.000,0.7798,1
3290,347,1628.9,708.7,1668.6,845.7,0.000,0.6761,1
3290,472,1654.0,698.3,1762.9,937.3,0.000,0.7912,1
3290,262,1546.1,713.8,1602.6,894.0,0.000,0.7326,1
3291,164,682.8,721.2,768.4,900.2,0.000,0.8118,1
3291,278,521.7,709.4,603.6,918.3,0.000,0.8459,1
3291,246,916.6,711.0,1010.6,910.8,0.000,0.7978,1
3291,426,217.8,680.2,251.9,800.2,0.000,0.7621,1
3291,386,256.7,684.0,293.1,817.0,0.000,0.7708,1
3291,269,303.2,683.4,338.2,832.6,0.000,0.7788,1
3291,444,152.6,657.7,190.9,788.0,0.000,0.7673,1
3291,456,1783.6,677.7,1836.9,869.2,0.000,0.7510,1
3291,402,275.1,684.3,320.9,830.4,0.000,0.7801,1
3291,347,1628.5,707.5,1668.6,846.0,0.000,0.6768,1
3291,472,1657.9,698.5,1764.7,930.4,0.000,0.7875,1
3291,262,1543.5,712.1,1599.6,893.8,0.000,0.7327,1
3291,284,535.9,708.3,618.5,915.7,0.000,0.8218,1
3291,414,111.0,666.0,138.8,777.4,0.000,0.7781,1
3292,164,680.0,726.3,763.0,899.7,0.000,0.8120,1
3292,278,509.1,706.8,591.4,917.4,0.000,0.8458,1
3292,246,911.5,709.9,1002.4,910.9,0.000,0.7986,1
3292,426,217.9,679.4,252.0,800.1,0.000,0.7617,1
3292,386,257.6,684.1,294.0,817.0,0.000,0.7708,1
3292,269,303.4,683.4,338.5,832.8,0.000,0.7790,1
3292,444,153.4,657.1,191.4,786.5,0.000,0.7669,1
3292,456,1783.6,676.4,1837.3,869.0,0.000,0.7509,1
3292,402,272.2,684.2,319.1,830.5,0.000,0.7805,1
3292,347,1627.4,706.1,1667.8,845.8,0.000,0.6775,1
3292,472,1656.8,699.1,1764.0,927.7,0.000,0.7846,1
3292,262,1538.2,711.0,1594.7,895.3,0.000,0.7337,1
3292,284,538.0,711.3,621.4,920.6,0.000,0.8218,1
3292,414,112.3,668.6,139.2,773.7,0.000,0.7781,1
3293,164,675.2,725.9,757.1,899.6,0.000,0.8122,1
3293,278,501.7,708.8,579.4,905.4,0.000,0.8413,1
3293,246,903.7,713.3,990.6,910.7,0.000,0.7994,1
3293,426,217.9,680.1,251.9,800.1,0.000,0.7614,1
3293,386,258.0,684.3,294.2,816.9,0.000,0.7706,1
3293,269,302.9,683.6,338.3,833.3,0.000,0.7793,1
3293,444,153.3,657.7,191.0,785.6,0.000,0.7664,1
3293,456,1783.2,679.2,1836.6,869.6,0.000,0.7500,1
3293,402,270.4,684.2,318.0,828.8,0.000,0.7803,1
3293,347,1628.9,706.5,1666.8,835.8,0.000,0.6747,1
3293,472,1654.5,699.3,1763.7,928.0,0.000,0.7832,1
3293,262,1533.8,712.4,1590.8,897.0,0.000,0.7351,1
3293,284,541.4,712.5,626.4,923.3,0.000,0.8218,1
3293,414,112.3,668.7,139.5,773.3,0.000,0.7781,1
3294,164,669.1,722.0,750.8,900.1,0.000,0.8128,1
3294,278,496.4,709.7,573.6,903.9,0.000,0.8390,1
3294,246,893.1,715.5,979.2,910.6,0.000,0.8005,1
3294,426,218.6,682.0,252.2,800.5,0.000,0.7611,1
3294,386,257.6,684.2,293.7,816.6,0.000,0.7705,1
3294,269,303.2,683.9,338.7,833.1,0.000,0.7794,1
3294,444,153.4,657.7,191.1,785.0,0.000,0.7659,1
3294,456,1782.7,676.1,1837.0,869.5,0.000,0.7504,1
3294,402,269.4,684.2,317.6,827.8,0.000,0.7799,1
3294,347,1627.0,705.6,1666.9,841.9,0.000,0.6761,1
3294,472,1658.0,699.3,1767.3,926.6,0.000,0.7815,1
3294,262,1527.6,715.8,1585.3,898.6,0.000,0.7366,1
3294,284,545.8,712.5,633.3,924.7,0.000,0.8218,1
3294,414,113.1,669.8,140.2,772.0,0.000,0.7781,1
3295,164,660.7,722.3,740.1,900.5,0.000,0.8138,1
3295,278,495.6,710.9,570.9,898.1,0.000,0.8352,1
3295,246,884.0,715.4,971.7,910.6,0.000,0.8016,1
3295,426,218.3,680.8,252.2,800.7,0.000,0.7610,1
3295,386,257.0,684.2,293.2,816.7,0.000,0.7705,1
3295,269,303.6,684.2,339.1,833.3,0.000,0.7795,1
3295,444,153.6,657.7,191.3,785.6,0.000,0.7657,1
3295,456,1782.1,673.0,1836.9,869.1,0.000,0.7511,1
3295,402,271.1,684.5,319.5,828.7,0.000,0.7798,1
3295,347,1626.0,704.8,1666.9,844.4,0.000,0.6777,1
3295,472,1656.6,699.8,1767.6,928.8,0.000,0.7815,1
3295,262,1521.4,718.5,1580.4,898.6,0.000,0.7373,1
3295,284,548.6,710.7,639.0,926.6,0.000,0.8218,1
3295,414,113.3,671.8,140.1,771.6,0.000,0.7781,1
3296,164,653.0,717.3,732.0,900.9,0.000,0.8145,1
3296,278,495.7,711.1,571.1,895.0,0.000,0.8317,1
3296,246,876.0,716.4,966.0,910.8,0.000,0.8029,1
3296,426,218.2,679.7,252.5,800.9,0.000,0.7612,1
3296,386,256.5,684.3,292.6,816.7,0.000,0.7705,1
3296,269,304.0,683.8,339.5,832.7,0.000,0.7794,1
3296,444,153.3,658.4,191.1,786.2,0.000,0.7657,1
3296,456,1781.2,670.7,1836.6,869.1,0.000,0.7520,1
3296,402,272.7,684.8,321.0,829.7,0.000,0.7800,1
3296,347,1625.6,704.8,1666.8,845.9,0.000,0.6792,1
3296,472,1656.0,700.1,1765.9,923.5,0.000,0.7790,1
3296,262,1516.5,718.7,1578.0,899.6,0.000,0.7382,1
3296,284,549.6,711.0,641.7,927.9,0.000,0.8218,1
3296,414,113.5,674.0,140.1,771.3,0.000,0.7781,1
3297,164,649.2,716.0,726.6,900.8,0.000,0.8151,1
3297,278,498.3,710.9,574.5,892.0,0.000,0.8282,1
3297,246,869.8,716.1,963.1,911.1,0.000,0.8042,1
3297,426,218.0,677.2,253.1,801.1,0.000,0.7616,1
3297,386,256.5,684.4,292.6,816.7,0.000,0.7705,1
3297,269,304.1,683.5,339.7,832.4,0.000,0.7793,1
3297,444,153.0,658.0,191.1,786.1,0.000,0.7656,1
3297,456,1780.8,669.3,1836.6,869.1,0.000,0.7528,1
3297,402,272.8,684.7,321.0,829.5,0.000,0.7799,1
3297,347,1625.8,705.3,1666.9,846.5,0.000,0.6800,1
3297,472,1653.6,699.9,1765.3,923.7,0.000,0.7781,1
3297,262,1514.2,719.4,1577.7,900.1,0.000,0.7390,1
3297,284,551.9,711.1,645.0,928.8,0.000,0.8218,1
3297,414,113.8,673.8,140.9,771.6,0.000,0.7781,1
3298,278,496.6,707.0,575.6,892.2,0.000,0.8259,1
3298,246,866.2,714.6,962.8,910.7,0.000,0.8049,1
3298,426,218.2,678.6,252.6,800.6,0.000,0.7614,1
3298,386,256.7,684.6,293.0,817.1,0.000,0.7706,1
3298,269,304.0,683.6,339.6,832.4,0.000,0.7792,1
3298,444,153.0,657.6,191.4,786.3,0.000,0.7657,1
3298,456,1780.8,672.2,1835.8,869.3,0.000,0.7526,1
3298,402,270.9,684.7,319.3,828.9,0.000,0.7799,1
3298,347,1626.1,705.9,1667.0,846.4,0.000,0.6803,1
3298,472,1653.5,701.3,1767.5,927.6,0.000,0.7790,1
3298,262,1510.7,718.5,1576.7,901.4,0.000,0.7402,1
3298,284,558.7,710.4,651.4,928.2,0.000,0.8218,1
3298,414,113.6,672.2,141.5,771.9,0.000,0.7781,1
3299,278,496.3,705.9,577.1,892.8,0.000,0.8245,1
3299,246,863.6,715.0,962.7,910.4,0.000,0.8054,1
3299,426,217.6,681.0,251.1,800.3,0.000,0.7612,1
3299,386,256.8,684.7,293.3,817.7,0.000,0.7708,1
3299,269,304.0,683.4,339.7,832.2,0.000,0.7791,1
3299,444,153.5,656.9,192.0,786.2,0.000,0.7657,1
3299,456,1780.4,674.2,1834.9,869.4,0.000,0.7522,1
3299,402,269.8,684.6,318.4,828.2,0.000,0.7796,1
3299,472,1652.0,702.9,1768.5,931.8,0.000,0.7810,1
3299,262,1507.0,719.1,1574.8,902.8,0.000,0.7415,1
3299,284,565.1,709.5,657.4,928.4,0.000,0.8218,1
3299,414,113.5,673.3,141.3,771.1,0.000,0.7781,1
3299,164,638.6,716.1,715.4,900.7,0.000,0.8151,1
3300,278,490.2,702.9,571.2,892.2,0.000,0.8231,1
3300,246,861.3,714.4,963.0,910.7,0.000,0.8060,1
3300,426,218.5,678.8,252.7,800.7,0.000,0.7612,1
3300,386,257.2,684.4,293.9,817.7,0.000,0.7709,1
3300,269,303.4,682.8,339.2,832.1,0.000,0.7792,1
3300,444,152.7,656.5,190.9,785.7,0.000,0.7657,1
3300,456,1781.2,677.4,1834.8,869.8,0.000,0.7511,1
3300,402,270.8,684.7,319.6,828.5,0.000,0.7796,1
3300,472,1651.5,701.0,1769.8,932.5,0.000,0.7821,1
3300,262,1503.8,718.9,1573.2,903.5,0.000,0.7427,1
3300,284,572.4,708.9,661.7,923.6,0.000,0.8218,1
3300,414,113.6,673.9,141.8,771.7,0.000,0.7781,1
3300,164,634.5,714.6,711.7,900.4,0.000,0.8151,1
3301,278,484.6,707.4,563.0,891.7,0.000,0.8225,1
3301,246,855.4,715.9,956.7,909.9,0.000,0.8062,1
3301,426,218.6,677.8,252.9,800.6,0.000,0.7613,1
3301,386,257.4,684.1,294.2,817.8,0.000,0.7711,1
3301,269,303.4,682.3,339.1,832.2,0.000,0.7792,1
3301,444,152.5,656.2,190.7,785.9,0.000,0.7658,1
3301,456,1780.9,677.8,1834.3,869.6,0.000,0.7505,1
3301,402,271.2,684.6,320.4,829.7,0.000,0.7799,1
3301,472,1651.4,702.3,1769.4,930.9,0.000,0.7820,1
3301,262,1499.4,718.3,1570.0,903.3,0.000,0.7433,1
3301,284,576.9,707.0,666.7,926.0,0.000,0.8218,1
3301,414,112.8,674.0,141.3,772.4,0.000,0.7781,1
3301,164,630.0,714.1,708.5,901.1,0.000,0.8151,1
3302,278,478.3,711.6,554.3,891.5,0.000,0.8223,1
3302,246,848.0,714.1,948.1,908.0,0.000,0.8057,1
3302,426,217.6,677.8,252.4,800.5,0.000,0.7614,1
3302,386,257.2,684.1,293.7,817.4,0.000,0.7710,1
3302,269,303.4,682.3,339.0,831.8,0.000,0.7791,1
3302,444,152.7,655.9,190.5,784.8,0.000,0.7655,1
3302,456,1781.4,679.0,1834.4,869.7,0.000,0.7496,1
3302,402,273.1,684.7,322.3,830.8,0.000,0.7803,1
3302,472,1652.2,702.7,1769.3,927.0,0.000,0.7805,1
3302,262,1494.5,718.4,1565.3,902.9,0.000,0.7434,1
3302,414,112.2,675.4,140.8,772.8,0.000,0.7781,1
3302,164,612.2,707.5,702.3,917.0,0.000,0.8151,1
3302,347,1629.2,706.9,1665.0,827.8,0.000,0.6803,1
3303,278,471.0,705.3,548.8,891.8,0.000,0.8221,1
3303,246,842.3,714.4,940.2,907.5,0.000,0.8056,1
3303,426,216.2,679.1,250.9,800.4,0.000,0.7613,1
3303,386,256.8,684.3,293.2,817.6,0.000,0.7711,1
3303,269,303.7,682.6,339.2,831.5,0.000,0.7789,1
3303,444,152.3,656.1,189.4,783.0,0.000,0.7648,1
3303,456,1780.3,680.6,1833.2,869.8,0.000,0.7486,1
3303,402,271.5,684.7,321.0,830.9,0.000,0.7806,1
3303,472,1652.4,703.8,1769.6,926.1,0.000,0.7795,1
3303,262,1489.5,717.5,1560.7,903.3,0.000,0.7438,1
3303,414,111.3,672.3,140.9,772.9,0.000,0.7781,1
3303,164,605.9,704.9,700.4,923.2,0.000,0.8151,1
3303,347,1629.8,707.0,1665.2,824.5,0.000,0.6803,1
3304,278,470.3,702.0,550.6,892.3,0.000,0.8219,1
3304,246,836.9,713.8,932.4,907.7,0.000,0.8058,1
3304,426,214.1,679.5,248.6,800.4,0.000,0.7614,1
3304,386,256.7,684.3,293.3,817.8,0.000,0.7713,1
3304,269,303.9,682.6,339.2,831.2,0.000,0.7787,1
3304,444,152.3,655.8,189.7,783.7,0.000,0.7647,1
3304,456,1779.6,683.2,1832.1,868.9,0.000,0.7471,1
3304,402,270.4,684.6,320.3,831.6,0.000,0.7811,1
3304,472,1651.4,706.4,1769.9,929.1,0.000,0.7803,1
3304,262,1484.3,718.8,1554.7,903.9,0.000,0.7443,1
3304,414,111.4,674.5,140.5,772.6,0.000,0.7781,1
3304,164,605.3,704.6,700.9,926.4,0.000,0.8151,1
3304,347,1629.8,707.0,1665.5,823.9,0.000,0.6803,1
3305,278,461.4,705.4,539.3,892.6,0.000,0.8225,1
3305,246,827.6,710.7,920.3,906.4,0.000,0.8055,1
3305,426,213.3,679.4,247.8,800.4,0.000,0.7616,1
3305,386,256.7,684.2,293.2,817.6,0.000,0.7713,1
3305,269,303.9,682.5,339.2,831.3,0.000,0.7786,1
3305,444,151.9,655.8,189.8,785.1,0.000,0.7650,1
3305,456,1780.1,684.2,1832.4,868.8,0.000,0.7460,1
3305,402,270.9,684.9,320.7,832.1,0.000,0.7815,1
3305,472,1651.4,703.9,1771.0,927.8,0.000,0.7798,1
3305,262,1479.2,717.5,1548.7,903.9,0.000,0.7445,1
3305,414,111.4,675.9,140.4,772.9,0.000,0.7781,1
3305,164,604.6,704.7,700.3,928.5,0.000,0.8151,1
3305,347,1628.9,706.7,1664.9,824.2,0.000,0.6803,1
3306,278,455.2,699.9,534.1,892.0,0.000,0.8222,1
3306,246,821.9,709.3,912.0,906.5,0.000,0.8055,1
3306,426,213.9,679.7,248.3,800.6,0.000,0.7616,1
3306,386,256.1,684.5,292.6,817.3,0.000,0.7712,1
3306,269,303.8,682.7,339.3,832.6,0.000,0.7790,1
3306,444,152.1,655.8,190.3,785.7,0.000,0.7653,1
3306,456,1780.4,685.2,1832.6,868.6,0.000,0.7449,1
3306,402,272.4,685.3,321.9,834.1,0.000,0.7823,1
3306,472,1649.8,703.0,1771.2,929.2,0.000,0.7803,1
3306,262,1472.8,718.1,1541.3,904.2,0.000,0.7448,1
3306,414,110.8,674.8,140.3,773.1,0.000,0.7516,1
3306,164,611.1,710.2,706.8,929.9,0.000,0.8151,1
3306,347,1629.1,706.5,1664.9,822.3,0.000,0.6803,1
3306,455,1785.5,684.8,1836.9,865.9,0.000,0.7220,1
3307,246,816.1,708.7,903.8,906.6,0.000,0.8056,1
3307,426,211.8,679.3,246.4,800.7,0.000,0.7619,1
3307,386,255.9,684.5,292.3,816.9,0.000,0.7710,1
3307,269,303.2,682.9,338.7,833.1,0.000,0.7793,1
3307,444,152.8,656.4,191.5,785.5,0.000,0.7653,1
3307,402,273.2,685.2,321.5,831.7,0.000,0.7820,1
3307,472,1648.8,700.4,1770.9,927.4,0.000,0.7798,1
3307,262,1470.0,719.2,1537.4,905.5,0.000,0.7457,1
3307,414,110.6,674.0,140.5,773.6,0.000,0.7520,1
3307,164,616.0,709.0,714.9,929.8,0.000,0.8151,1
3307,347,1629.6,706.3,1666.0,823.0,0.000,0.6803,1
3307,455,1786.7,685.0,1836.6,867.0,0.000,0.7220,1
3308,246,808.0,707.9,894.7,906.3,0.000,0.8057,1
3308,426,210.3,678.2,245.2,800.2,0.000,0.7620,1
3308,386,255.8,684.2,292.3,816.1,0.000,0.7707,1
3308,269,302.6,681.8,338.4,833.6,0.000,0.7798,1
3308,444,151.9,656.1,190.7,785.6,0.000,0.7654,1
3308,402,274.8,684.6,322.0,829.6,0.000,0.7813,1
3308,472,1649.8,699.5,1771.7,926.0,0.000,0.7791,1
3308,262,1467.9,719.6,1534.6,907.1,0.000,0.7471,1
3308,414,110.1,670.3,141.2,774.5,0.000,0.7530,1
3308,164,620.8,709.3,722.1,928.8,0.000,0.8151,1
3308,347,1629.1,706.2,1667.2,827.0,0.000,0.6803,1
3308,455,1786.5,686.2,1835.7,867.6,0.000,0.7220,1
3308,278,445.0,699.2,523.8,890.9,0.000,0.8222,1
3309,246,797.8,709.0,884.9,905.9,0.000,0.8059,1
3309,426,210.4,677.5,245.7,800.1,0.000,0.7621,1
3309,386,256.3,684.0,292.7,815.8,0.000,0.7704,1
3309,269,302.5,681.8,338.2,834.1,0.000,0.7803,1
3309,444,152.3,655.5,191.2,785.1,0.000,0.7654,1
3309,402,275.3,684.3,321.8,828.6,0.000,0.7806,1
3309,472,1649.4,699.3,1771.4,925.5,0.000,0.7785,1
3309,262,1461.4,720.6,1527.8,907.6,0.000,0.7483,1
3309,414,110.4,672.4,140.9,774.1,0.000,0.7532,1
3309,164,622.1,710.3,725.9,928.9,0.000,0.8151,1
3309,347,1628.9,706.3,1666.7,825.6,0.000,0.6803,1
3309,455,1786.7,686.0,1835.4,867.5,0.000,0.7220,1
3309,278,439.9,700.4,519.5,890.4,0.000,0.8222,1
3310,246,788.0,708.9,877.5,905.7,0.000,0.8061,1
3310,426,211.0,677.9,246.5,800.1,0.000,0.7621,1
3310,386,255.9,684.1,292.0,815.5,0.000,0.7702,1
3310,269,302.7,682.6,338.2,834.1,0.000,0.7805,1
3310,444,153.3,655.8,192.1,784.5,0.000,0.7651,1
3310,472,1650.1,700.1,1772.1,925.7,0.000,0.7782,1
3310,262,1456.0,719.9,1523.4,907.8,0.000,0.7490,1
3310,414,110.6,674.9,140.4,773.9,0.000,0.7531,1
3310,164,623.7,707.7,731.2,929.5,0.000,0.8151,1
3310,347,1628.4,706.1,1666.4,825.8,0.000,0.6803,1
3310,455,1788.5,686.4,1836.0,867.0,0.000,0.7220,1
3310,278,437.0,702.0,517.4,890.3,0.000,0.8222,1
3310,441,945.2,719.1,971.7,758.2,0.000,0.3684,0
3311,246,779.5,709.0,871.9,905.2,0.000,0.8062,1
3311,426,211.1,679.2,246.4,800.2,0.000,0.7621,1
3311,386,255.6,684.2,291.6,815.7,0.000,0.7701,1
3311,269,303.0,683.4,338.2,834.7,0.000,0.7808,1
3311,444,154.2,656.1,193.1,783.7,0.000,0.7646,1
3311,472,1650.3,701.8,1772.3,926.0,0.000,0.7781,1
3311,262,1451.5,722.0,1519.9,908.9,0.000,0.7504,1
3311,414,110.8,675.9,140.4,774.0,0.000,0.7529,1
3311,164,625.7,708.7,735.1,931.1,0.000,0.8151,1
3311,347,1629.3,706.1,1667.4,825.8,0.000,0.6803,1
3311,455,1790.2,685.9,1836.9,866.9,0.000,0.7220,1
3311,278,435.8,707.3,515.1,889.4,0.000,0.8222,1
3311,441,945.3,719.1,971.7,758.2,0.000,0.3684,0
3312,246,774.8,712.3,869.2,905.4,0.000,0.8069,1
3312,426,211.0,678.6,246.8,800.1,0.000,0.7620,1
3312,386,255.3,684.4,291.3,816.3,0.000,0.7702,1
3312,269,302.7,683.2,338.0,835.4,0.000,0.7812,1
3312,444,154.3,656.3,193.2,783.3,0.000,0.7641,1
3312,472,1650.8,706.1,1771.8,926.6,0.000,0.7782,1
3312,262,1448.3,721.9,1518.7,910.3,0.000,0.7521,1
3312,414,110.8,675.1,140.9,774.1,0.000,0.7530,1
3312,164,630.2,709.5,739.6,931.2,0.000,0.8151,1
3312,347,1628.9,706.1,1666.6,824.3,0.000,0.6803,1
3312,455,1791.2,686.2,1837.0,866.7,0.000,0.7220,1
3312,278,433.6,712.1,512.6,889.7,0.000,0.8222,1
3312,441,945.3,719.0,971.8,758.3,0.000,0.3684,0
3312,284,573.0,709.9,648.1,897.3,0.000,0.8218,1
3313,246,772.0,713.8,868.8,905.2,0.000,0.8073,1
3313,426,210.2,679.6,245.9,800.2,0.000,0.7620,1
3313,386,255.3,684.6,291.3,816.8,0.000,0.7704,1
3313,269,302.8,683.4,338.1,835.5,0.000,0.7815,1
3313,444,154.6,656.6,193.1,782.8,0.000,0.7636,1
3313,472,1650.2,708.0,1770.9,925.9,0.000,0.7781,1
3313,262,1446.0,721.5,1518.6,911.6,0.000,0.7540,1
3313,414,111.1,676.4,140.9,773.7,0.000,0.7527,1
3313,164,636.9,717.0,742.6,930.9,0.000,0.8151,1
3313,455,1791.7,685.7,1837.0,866.9,0.000,0.7220,1
3313,278,431.3,712.5,511.0,888.6,0.000,0.8222,1
3313,284,571.7,726.7,641.3,895.3,0.000,0.8218,1
3314,246,770.6,715.0,869.6,904.9,0.000,0.8076,1
3314,426,209.2,680.6,244.7,800.3,0.000,0.7620,1
3314,386,254.9,684.5,290.9,817.3,0.000,0.7706,1
3314,269,302.9,683.2,338.4,836.2,0.000,0.7819,1
3314,444,153.6,656.8,191.9,783.1,0.000,0.7634,1
3314,472,1649.5,709.1,1770.2,925.2,0.000,0.7779,1
3314,262,1444.0,721.5,1519.1,914.6,0.000,0.7569,1
3314,414,111.5,676.1,141.4,773.2,0.000,0.7524,1
3314,164,643.6,719.2,746.9,930.5,0.000,0.8510,1
3314,455,1792.8,683.8,1837.6,866.9,0.000,0.7220,1
3314,278,428.6,714.7,507.9,887.7,0.000,0.8222,1
3314,284,564.3,714.7,640.0,893.6,0.000,0.8218,1
3314,347,1628.1,705.9,1665.7,824.9,0.000,0.6803,1
3315,246,766.0,716.5,865.9,904.8,0.000,0.8081,1
3315,426,209.2,680.1,245.1,800.4,0.000,0.7621,1
3315,386,254.8,684.5,290.8,817.4,0.000,0.7708,1
3315,269,302.9,683.1,338.3,836.5,0.000,0.7823,1
3315,444,153.7,656.8,191.6,783.0,0.000,0.7631,1
3315,472,1649.1,709.6,1770.1,925.0,0.000,0.7778,1
3315,262,1441.5,721.2,1518.0,915.5,0.000,0.7591,1
3315,414,111.4,675.0,141.8,773.2,0.000,0.7523,1
3315,164,651.8,720.3,752.3,930.4,0.000,0.8509,1
3315,455,1792.3,683.6,1836.8,866.9,0.000,0.7220,1
3315,278,425.1,714.9,504.1,887.4,0.000,0.8222,1
3315,284,560.6,713.2,639.0,893.8,0.000,0.8218,1
3315,347,1628.3,706.4,1665.4,823.6,0.000,0.6803,1
3316,246,760.2,716.5,860.2,904.1,0.000,0.8082,1
3316,426,209.8,679.0,246.3,800.3,0.000,0.7621,1
3316,386,255.3,684.2,291.2,817.3,0.000,0.7710,1
3316,269,302.9,683.1,338.2,836.4,0.000,0.7825,1
3316,444,153.1,656.7,190.7,782.6,0.000,0.7629,1
3316,472,1645.4,704.7,1769.5,924.9,0.000,0.7774,1
3316,262,1439.1,721.1,1516.2,916.0,0.000,0.7609,1
3316,414,111.1,674.3,141.9,773.1,0.000,0.7523,1
3316,164,660.7,718.6,759.0,929.6,0.000,0.8503,1
3316,455,1791.0,683.5,1835.4,866.9,0.000,0.7220,1
3316,278,419.6,714.4,497.6,885.5,0.000,0.8222,1
3316,284,557.1,711.6,638.1,894.4,0.000,0.8218,1
3316,347,1629.3,705.2,1667.3,825.1,0.000,0.6803,1
3317,246,753.6,715.3,853.1,903.6,0.000,0.8083,1
3317,426,209.2,678.0,246.0,800.1,0.000,0.7622,1
3317,386,255.8,684.2,291.5,817.2,0.000,0.7710,1
3317,269,303.2,683.0,338.4,836.9,0.000,0.7829,1
3317,444,152.4,657.6,189.7,783.1,0.000,0.7628,1
3317,472,1644.5,701.6,1769.5,924.6,0.000,0.7772,1
3317,262,1436.3,721.5,1513.1,916.3,0.000,0.7624,1
3317,414,110.8,674.7,141.4,773.3,0.000,0.7523,1
3317,164,669.6,715.8,765.9,930.3,0.000,0.8500,1
3317,455,1790.4,678.6,1835.7,866.8,0.000,0.7220,1
3317,284,554.5,711.1,636.6,894.3,0.000,0.8218,1
3317,347,1629.4,704.5,1668.7,827.9,0.000,0.6803,1
3317,456,1781.9,664.5,1838.2,867.5,0.000,0.7449,1
3318,246,748.0,715.3,845.4,903.1,0.000,0.8083,1
3318,426,209.4,678.8,246.1,799.8,0.000,0.7621,1
3318,386,256.2,684.2,291.6,817.0,0.000,0.7710,1
3318,269,303.3,683.1,338.4,837.4,0.000,0.7832,1
3318,444,152.6,658.8,189.5,783.3,0.000,0.7627,1
3318,472,1643.8,700.1,1769.5,925.6,0.000,0.7775,1
3318,262,1431.2,720.2,1507.5,916.7,0.000,0.7636,1
3318,414,110.5,674.9,141.2,773.6,0.000,0.7524,1
3318,164,678.0,717.4,770.9,931.8,0.000,0.8502,1
3318,455,1790.0,678.0,1835.3,866.6,0.000,0.7220,1
3318,284,551.8,712.6,634.0,894.8,0.000,0.8218,1
3318,347,1630.1,704.4,1669.3,827.8,0.000,0.6803,1
3318,456,1782.5,664.0,1837.8,867.5,0.000,0.7449,1
3318,278,409.6,713.6,486.2,885.7,0.000,0.8222,1
3319,246,743.3,712.7,837.9,902.5,0.000,0.8079,1
3319,426,210.0,678.0,246.9,799.6,0.000,0.7620,1
3319,386,256.3,684.3,291.6,817.2,0.000,0.7710,1
3319,269,303.1,683.2,338.0,837.1,0.000,0.7834,1
3319,444,151.5,657.7,188.7,783.3,0.000,0.7627,1
3319,472,1644.1,698.8,1769.0,924.5,0.000,0.7771,1
3319,262,1426.2,719.1,1501.1,916.5,0.000,0.7643,1
3319,414,110.4,673.9,141.3,773.5,0.000,0.7525,1
3319,164,687.1,720.3,777.1,933.3,0.000,0.8507,1
3319,455,1788.7,675.8,1834.5,866.6,0.000,0.7220,1
3319,284,548.5,713.8,629.7,894.8,0.000,0.8218,1
3319,347,1629.2,704.5,1668.9,830.3,0.000,0.6803,1
3319,456,1781.4,662.0,1836.7,867.7,0.000,0.7449,1
3319,278,404.5,706.5,481.8,885.4,0.000,0.8222,1
3320,246,739.9,713.2,829.1,901.7,0.000,0.8075,1
3320,426,210.4,679.0,247.1,799.6,0.000,0.7618,1
3320,386,256.2,684.4,291.3,817.2,0.000,0.7710,1
3320,269,303.1,683.3,338.2,838.2,0.000,0.7838,1
3320,444,151.0,657.1,188.3,783.6,0.000,0.7630,1
3320,472,1645.6,698.5,1769.3,924.0,0.000,0.7767,1
3320,262,1419.6,718.0,1492.7,916.5,0.000,0.7648,1
3320,414,110.5,674.4,141.3,773.5,0.000,0.7525,1
3320,164,698.5,720.5,788.4,934.1,0.000,0.8509,1
3320,284,544.8,714.5,624.3,894.5,0.000,0.8218,1
3320,347,1627.4,705.3,1669.3,841.1,0.000,0.6803,1
3320,456,1779.8,658.8,1835.8,867.8,0.000,0.7449,1
3321,426,210.2,679.3,246.9,799.7,0.000,0.7616,1
3321,386,256.6,684.5,291.5,817.1,0.000,0.7710,1
3321,269,303.2,683.6,338.3,839.3,0.000,0.7844,1
3321,444,150.0,657.3,187.4,783.5,0.000,0.7631,1
3321,472,1648.2,699.4,1771.0,924.8,0.000,0.7767,1
3321,262,1414.1,717.4,1485.7,916.6,0.000,0.7651,1
3321,414,110.6,674.6,141.2,773.5,0.000,0.7525,1
3321,164,706.7,717.4,798.7,933.5,0.000,0.8503,1
3321,284,539.2,714.5,617.3,895.3,0.000,0.8218,1
3321,347,1626.3,705.5,1668.8,845.4,0.000,0.6803,1
3321,456,1780.4,660.7,1835.5,867.5,0.000,0.7449,1
3322,426,210.0,679.1,246.7,799.8,0.000,0.7616,1
3322,386,256.9,684.5,291.7,817.0,0.000,0.7709,1
3322,269,303.2,683.9,338.1,839.4,0.000,0.7847,1
3322,444,150.9,657.2,188.1,783.5,0.000,0.7632,1
3322,472,1649.1,698.4,1771.4,924.1,0.000,0.7764,1
3322,262,1411.4,716.7,1481.5,915.9,0.000,0.7649,1
3322,414,110.3,674.4,141.0,773.7,0.000,0.7527,1
3322,164,712.6,711.2,808.8,933.2,0.000,0.8496,1
3322,284,533.2,714.2,608.9,894.6,0.000,0.8218,1
3322,347,1626.8,705.8,1668.9,846.5,0.000,0.6803,1
3322,456,1781.7,661.8,1835.9,866.8,0.000,0.7449,1
3323,426,210.8,678.4,247.9,800.0,0.000,0.7617,1
3323,386,257.2,684.6,292.0,817.2,0.000,0.7709,1
3323,269,303.2,684.0,338.0,839.4,0.000,0.7850,1
3323,444,151.1,657.0,188.2,784.0,0.000,0.7634,1
3323,472,1651.6,698.1,1773.4,923.6,0.000,0.7761,1
3323,262,1406.1,716.6,1475.6,915.6,0.000,0.7647,1
3323,414,110.4,674.3,141.1,773.7,0.000,0.7527,1
3323,164,716.2,709.7,815.1,932.6,0.000,0.8489,1
3323,284,528.9,715.4,601.2,894.1,0.000,0.8218,1
3323,347,1629.5,705.5,1669.0,836.4,0.000,0.6803,1
3323,456,1780.4,662.6,1834.6,867.7,0.000,0.7449,1
3324,426,210.6,678.2,247.6,799.6,0.000,0.7616,1
3324,386,257.3,684.6,292.2,817.5,0.000,0.7710,1
3324,269,303.1,683.8,338.0,839.9,0.000,0.7854,1
3324,444,152.4,657.0,188.9,783.2,0.000,0.7632,1
3324,472,1652.2,697.9,1772.7,922.4,0.000,0.7754,1
3324,262,1397.7,716.9,1467.6,915.0,0.000,0.7644,1
3324,414,110.3,673.9,141.0,773.5,0.000,0.7528,1
3324,164,718.4,711.9,818.8,932.5,0.000,0.8483,1
3324,284,524.8,716.7,594.7,895.0,0.000,0.8218,1
3324,347,1627.9,705.6,1668.8,843.1,0.000,0.6803,1
3324,456,1781.8,662.3,1835.7,867.9,0.000,0.7449,1
3324,278,377.0,701.1,455.6,882.5,0.000,0.8222,1
3325,426,210.6,678.2,247.7,799.5,0.000,0.7615,1
3325,386,257.3,684.4,292.1,817.5,0.000,0.7710,1
3325,269,303.2,683.8,338.1,840.3,0.000,0.7857,1
3325,444,153.1,656.8,189.3,783.3,0.000,0.7632,1
3325,472,1652.6,698.1,1771.6,920.7,0.000,0.7744,1
3325,262,1389.3,718.1,1460.7,914.9,0.000,0.7643,1
3325,414,110.3,673.4,141.1,773.5,0.000,0.7528,1
3325,164,720.0,715.1,821.5,933.6,0.000,0.8484,1
3325,284,521.9,713.1,591.0,894.6,0.000,0.8218,1
3325,347,1626.8,705.7,1667.7,845.4,0.000,0.6803,1
3325,456,1782.7,663.1,1836.1,868.4,0.000,0.7449,1
3325,278,371.0,701.4,450.8,882.9,0.000,0.8222,1
3326,426,211.8,677.4,249.4,799.6,0.000,0.7615,1
3326,386,257.3,684.3,292.1,817.4,0.000,0.7711,1
3326,269,303.5,683.7,338.4,839.9,0.000,0.7858,1
3326,444,153.3,656.6,189.0,782.9,0.000,0.7630,1
3326,472,1653.1,698.1,1771.4,920.8,0.000,0.7739,1
3326,262,1383.4,719.9,1456.7,915.0,0.000,0.7644,1
3326,414,110.5,673.6,141.0,773.2,0.000,0.7528,1
3326,164,722.1,714.5,825.1,933.7,0.000,0.8482,1
3326,501,437.8,713.1,486.3,877.1,0.000,0.8087,1
3326,284,517.6,712.2,586.3,895.1,0.000,0.8218,1
3326,347,1626.2,705.4,1666.5,846.1,0.000,0.6803,1
3326,456,1782.8,663.5,1835.9,868.5,0.000,0.7449,1
3326,278,364.8,699.5,447.2,883.9,0.000,0.8222,1
3326,246,684.4,720.7,768.1,898.6,0.000,0.8075,1
3327,426,210.9,678.2,248.3,799.5,0.000,0.7614,1
3327,386,257.3,684.4,292.0,817.0,0.000,0.7709,1
3327,269,303.6,684.0,338.3,839.5,0.000,0.7858,1
3327,444,153.5,656.7,188.8,783.2,0.000,0.7630,1
3327,262,1377.6,720.8,1453.6,915.3,0.000,0.7648,1
3327,414,110.5,673.0,141.2,773.2,0.000,0.7528,1
3327,164,725.3,714.7,828.6,934.0,0.000,0.8482,1
3327,501,434.5,712.2,483.5,876.5,0.000,0.8084,1
3327,284,513.5,712.8,582.1,895.4,0.000,0.8224,1
3327,347,1626.2,705.2,1665.8,846.3,0.000,0.6803,1
3327,456,1782.8,663.7,1835.5,868.4,0.000,0.7449,1
3327,278,361.2,698.8,445.3,883.8,0.000,0.8222,1
3327,246,677.0,715.0,763.2,898.5,0.000,0.8075,1
3328,426,210.6,677.6,248.3,799.7,0.000,0.7615,1
3328,386,257.3,684.5,292.0,816.9,0.000,0.7709,1
3328,269,303.5,683.4,338.3,839.8,0.000,0.7859,1
3328,444,153.9,656.9,188.8,783.6,0.000,0.7631,1
3328,262,1374.1,722.5,1452.5,915.8,0.000,0.7656,1
3328,414,110.6,673.5,141.1,773.0,0.000,0.7527,1
3328,164,730.0,716.6,832.2,934.2,0.000,0.8482,1
3328,501,431.8,714.3,480.7,875.9,0.000,0.8083,1
3328,284,508.8,715.4,577.2,894.7,0.000,0.8227,1
3328,347,1627.1,704.7,1666.2,845.6,0.000,0.6803,1
3328,456,1783.6,664.1,1835.9,868.6,0.000,0.7449,1
3328,278,359.4,699.0,444.7,883.4,0.000,0.8222,1
3328,246,674.1,710.9,763.4,899.1,0.000,0.8075,1
3328,472,1653.8,701.0,1770.9,921.5,0.000,0.7739,1
3329,426,210.5,677.4,248.4,799.9,0.000,0.7617,1
3329,386,257.2,684.2,292.0,816.7,0.000,0.7707,1
3329,269,303.6,683.1,338.4,839.9,0.000,0.7861,1
3329,444,154.2,656.9,188.7,784.1,0.000,0.7633,1
3329,262,1368.7,722.8,1450.1,916.2,0.000,0.7664,1
3329,414,110.3,672.9,141.0,773.3,0.000,0.7528,1
3329,164,735.5,717.0,836.0,934.3,0.000,0.8480,1
3329,501,427.9,715.1,477.2,875.4,0.000,0.8081,1
3329,347,1628.5,704.4,1667.4,845.5,0.000,0.6834,1
3329,456,1783.4,664.4,1835.3,868.0,0.000,0.7449,1
3329,278,357.2,701.6,442.1,882.5,0.000,0.8222,1
3329,246,673.2,710.9,763.1,898.9,0.000,0.8075,1
3329,472,1653.7,703.4,1769.9,922.0,0.000,0.7739,1
3330,426,210.7,679.0,248.5,800.4,0.000,0.7618,1
3330,386,256.9,684.1,292.1,816.9,0.000,0.7708,1
3330,269,303.8,683.7,338.6,840.4,0.000,0.7862,1
3330,444,153.9,656.8,188.3,783.9,0.000,0.7634,1
3330,262,1364.5,726.1,1448.2,918.5,0.000,0.7686,1
3330,414,110.0,672.2,140.8,773.4,0.000,0.7530,1
3330,164,744.3,716.3,842.4,934.1,0.000,0.8476,1
3330,501,423.9,713.9,473.6,873.5,0.000,0.8071,1
3330,347,1628.6,704.1,1667.5,845.5,0.000,0.6834,1
3330,456,1782.5,664.2,1834.5,868.2,0.000,0.7449,1
3330,278,357.0,700.4,443.4,882.4,0.000,0.8222,1
3330,246,673.8,711.1,765.5,899.9,0.000,0.8075,1
3330,472,1655.2,705.4,1769.8,920.7,0.000,0.7739,1
3330,284,505.6,727.3,570.8,892.8,0.000,0.8227,1
3331,426,211.1,680.7,248.5,800.6,0.000,0.7618,1
3331,386,256.4,684.1,292.0,817.2,0.000,0.7709,1
3331,269,303.6,684.0,338.4,840.6,0.000,0.7864,1
3331,444,153.7,657.6,187.6,783.9,0.000,0.7634,1
3331,262,1360.0,726.3,1445.9,919.5,0.000,0.7705,1
3331,414,109.8,671.7,140.6,773.2,0.000,0.7532,1
3331,164,753.8,716.9,848.4,934.0,0.000,0.8471,1
3331,501,418.1,708.7,471.1,878.4,0.000,0.8087,1
3331,347,1628.5,703.8,1667.5,846.3,0.000,0.6838,1
3331,456,1782.3,664.2,1834.3,868.4,0.000,0.7449,1
3331,278,352.6,699.5,437.9,879.7,0.000,0.8222,1
3331,246,671.2,713.3,762.5,901.0,0.000,0.8075,1
3331,472,1654.4,704.7,1770.2,922.2,0.000,0.7739,1
3331,284,503.7,729.7,569.0,891.8,0.000,0.8227,1
3332,426,211.2,680.1,248.9,800.7,0.000,0.7619,1
3332,386,256.6,684.1,292.4,817.3,0.000,0.7709,1
3332,269,303.2,684.0,338.1,840.3,0.000,0.7864,1
3332,444,153.9,658.0,187.5,783.4,0.000,0.7632,1
3332,262,1356.2,726.6,1442.6,919.7,0.000,0.7719,1
3332,414,110.2,671.3,140.9,772.7,0.000,0.7531,1
3332,164,761.2,710.9,855.5,934.4,0.000,0.8467,1
3332,501,413.3,708.6,466.1,878.4,0.000,0.8095,1
3332,347,1629.1,704.1,1667.8,846.0,0.000,0.6837,1
3332,456,1782.7,664.2,1834.6,868.5,0.000,0.7591,1
3332,278,350.2,699.4,434.0,877.4,0.000,0.8222,1
3332,246,668.0,710.1,759.4,900.3,0.000,0.8075,1
3332,472,1654.1,701.0,1772.7,924.2,0.000,0.7739,1
3332,284,499.9,725.7,567.1,891.8,0.000,0.8227,1
3333,426,211.7,681.4,249.1,800.8,0.000,0.7618,1
3333,386,256.7,684.3,292.6,817.3,0.000,0.7710,1
3333,269,303.2,684.1,338.1,840.6,0.000,0.7865,1
3333,444,153.8,659.1,187.0,783.1,0.000,0.7629,1
3333,262,1351.2,723.9,1438.0,919.2,0.000,0.7725,1
3333,414,110.6,672.2,140.8,772.6,0.000,0.7529,1
3333,164,770.5,708.7,862.8,934.4,0.000,0.8461,1
3333,501,408.2,706.1,459.6,872.5,0.000,0.8071,1
3333,347,1629.0,703.9,1667.5,846.1,0.000,0.6838,1
3333,456,1784.1,664.8,1835.3,867.9,0.000,0.7587,1
3333,278,347.9,699.0,430.7,876.6,0.000,0.8222,1
3333,246,663.6,710.4,752.5,899.6,0.000,0.8075,1
3333,284,496.3,723.1,563.8,890.6,0.000,0.8227,1
3334,426,212.1,681.0,249.6,799.8,0.000,0.7614,1
3334,386,256.9,684.5,292.9,817.0,0.000,0.7708,1
3334,269,303.5,684.4,338.4,840.9,0.000,0.7866,1
3334,444,154.2,659.5,187.2,783.2,0.000,0.7626,1
3334,262,1346.8,719.9,1433.7,918.7,0.000,0.7726,1
3334,414,110.4,671.2,141.0,772.9,0.000,0.7531,1
3334,164,779.1,711.0,868.8,934.1,0.000,0.8453,1
3334,347,1629.0,704.1,1667.2,846.0,0.000,0.6836,1
3334,456,1784.3,665.7,1835.0,867.8,0.000,0.7584,1
3334,278,345.7,697.4,427.7,875.8,0.000,0.8222,1
3334,246,656.0,708.1,742.9,899.2,0.000,0.8075,1
3334,284,492.3,722.4,558.3,888.5,0.000,0.8227,1
3335,426,212.1,681.4,249.6,799.6,0.000,0.7611,1
3335,386,257.1,684.8,292.9,816.5,0.000,0.7706,1
3335,269,303.7,684.4,338.6,840.8,0.000,0.7867,1
3335,444,154.5,659.6,187.4,783.1,0.000,0.7624,1
3335,262,1341.7,716.9,1426.9,917.9,0.000,0.7720,1
3335,414,110.1,672.0,140.7,773.6,0.000,0.7533,1
3335,164,787.7,708.6,878.5,934.3,0.000,0.8447,1
3335,347,1628.9,704.3,1666.9,846.4,0.000,0.6837,1
3335,456,1785.3,666.2,1835.5,868.0,0.000,0.7581,1
3335,278,340.5,696.1,421.3,875.3,0.000,0.8222,1
3335,246,647.9,705.5,733.1,899.8,0.000,0.8075,1
3335,284,488.9,726.7,551.6,886.1,0.000,0.8227,1
3335,501,400.5,713.3,449.5,870.4,0.000,0.8071,1
3336,426,211.8,681.3,249.5,799.6,0.000,0.7610,1
3336,386,256.8,684.8,292.7,816.6,0.000,0.7705,1
3336,269,303.2,684.3,338.1,840.7,0.000,0.7867,1
3336,444,155.3,659.9,188.0,783.2,0.000,0.7622,1
3336,262,1335.3,716.9,1417.4,917.4,0.000,0.7715,1
3336,414,110.1,671.7,140.8,773.9,0.000,0.7536,1
3336,164,795.6,707.8,888.5,934.5,0.000,0.8440,1
3336,347,1628.7,704.5,1666.8,847.1,0.000,0.6839,1
3336,456,1785.2,666.4,1834.9,867.6,0.000,0.7577,1
3336,278,336.5,696.1,415.8,874.8,0.000,0.8222,1
3336,246,642.9,705.5,725.2,900.2,0.000,0.8075,1
3336,284,483.3,730.0,544.4,887.2,0.000,0.8227,1
3336,501,394.7,705.9,445.9,869.7,0.000,0.8071,1
3337,426,211.2,681.1,249.0,799.5,0.000,0.7608,1
3337,386,255.7,684.7,291.9,816.8,0.000,0.7706,1
3337,269,303.0,684.0,338.0,840.5,0.000,0.7867,1
3337,444,155.8,660.2,188.2,782.9,0.000,0.7618,1
3337,262,1329.2,717.2,1408.3,917.7,0.000,0.7712,1
3337,414,110.0,672.1,140.6,773.9,0.000,0.7537,1
3337,164,801.9,709.4,896.8,934.3,0.000,0.8433,1
3337,347,1629.6,704.8,1667.7,846.8,0.000,0.6838,1
3337,456,1784.6,666.3,1834.2,867.6,0.000,0.7576,1
3337,278,331.4,697.4,408.6,874.6,0.000,0.8222,1
3337,246,637.9,705.1,717.9,899.7,0.000,0.8075,1
3337,284,477.0,726.4,538.6,886.6,0.000,0.8227,1
3337,501,389.3,696.3,443.7,870.1,0.000,0.8071,1
3337,472,1641.3,699.3,1754.3,921.8,0.000,0.7739,1
3338,426,211.8,682.0,249.6,799.9,0.000,0.7608,1
3338,386,255.3,684.7,291.7,816.8,0.000,0.7706,1
3338,269,302.8,683.8,337.9,840.6,0.000,0.7868,1
3338,444,155.6,660.5,187.6,782.3,0.000,0.7614,1
3338,262,1324.5,717.5,1401.3,918.1,0.000,0.7712,1
3338,414,109.8,672.5,140.2,773.7,0.000,0.7537,1
3338,164,805.5,713.3,901.9,934.6,0.000,0.8430,1
3338,347,1630.5,705.0,1668.5,846.3,0.000,0.6835,1
3338,456,1784.1,665.9,1833.9,868.7,0.000,0.7578,1
3338,278,327.5,696.2,403.5,874.4,0.000,0.8222,1
3338,246,629.6,707.6,707.7,897.7,0.000,0.8075,1
3338,284,473.9,728.7,533.7,885.7,0.000,0.8227,1
3338,501,384.3,694.7,439.6,871.1,0.000,0.8071,1
3338,472,1641.0,699.2,1749.9,922.5,0.000,0.7739,1
3339,426,211.9,682.2,249.7,800.0,0.000,0.7608,1
3339,386,255.0,685.1,291.5,817.3,0.000,0.7708,1
3339,269,303.8,683.9,338.4,838.1,0.000,0.7860,1
3339,444,155.4,659.7,187.5,782.2,0.000,0.7612,1
3339,262,1316.8,717.5,1392.7,918.0,0.000,0.7711,1
3339,414,109.8,672.7,139.9,773.5,0.000,0.7537,1
3339,164,806.5,713.0,905.7,934.4,0.000,0.8425,1
3339,347,1630.3,705.2,1668.3,846.0,0.000,0.6831,1
3339,456,1784.7,666.5,1834.1,868.2,0.000,0.7575,1
3339,278,324.6,693.7,399.8,873.9,0.000,0.8138,1
3339,246,619.5,707.8,699.1,897.1,0.000,0.8075,1
3339,284,470.1,727.8,530.0,886.0,0.000,0.8227,1
3339,501,382.8,699.2,437.4,871.9,0.000,0.8071,1
3339,472,1652.5,706.8,1760.9,926.7,0.000,0.7739,1
3340,426,211.0,681.2,249.0,799.9,0.000,0.7608,1
3340,386,255.1,685.1,291.8,817.7,0.000,0.7710,1
3340,269,304.3,684.6,338.2,834.7,0.000,0.7844,1
3340,444,155.0,659.4,187.3,782.8,0.000,0.7613,1
3340,262,1308.6,717.4,1385.9,919.0,0.000,0.7717,1
3340,414,109.7,671.6,140.1,773.6,0.000,0.7538,1
3340,164,808.0,716.2,908.9,934.8,0.000,0.8426,1
3340,347,1629.9,705.3,1668.0,846.7,0.000,0.6831,1
3340,456,1784.5,666.7,1833.7,867.9,0.000,0.7573,1
3340,278,321.6,692.7,395.8,873.8,0.000,0.8139,1
3340,246,610.4,706.4,693.2,896.9,0.000,0.8075,1
3340,284,461.8,719.5,525.1,885.4,0.000,0.8227,1
3340,501,376.4,699.7,433.3,874.8,0.000,0.8071,1
3340,472,1655.6,701.3,1765.7,924.8,0.000,0.7739,1
3341,426,209.8,679.7,248.2,799.7,0.000,0.7610,1
3341,386,254.7,684.6,291.7,817.7,0.000,0.7712,1
3341,269,304.5,684.8,338.1,833.1,0.000,0.7830,1
3341,444,155.1,659.7,187.7,783.1,0.000,0.7614,1
3341,262,1301.7,718.5,1380.8,919.8,0.000,0.7726,1
3341,414,109.8,672.2,139.8,772.9,0.000,0.7536,1
3341,164,809.1,716.6,911.9,935.2,0.000,0.8427,1
3341,347,1629.0,705.2,1667.6,848.1,0.000,0.6837,1
3341,456,1784.6,666.1,1833.1,864.3,0.000,0.7566,1
3341,278,318.7,692.0,392.0,873.0,0.000,0.8139,1
3341,246,604.5,705.7,690.9,897.5,0.000,0.8143,1
3341,284,456.8,720.3,520.7,884.6,0.000,0.8227,1
3341,501,370.3,700.4,429.4,877.3,0.000,0.8071,1
3341,472,1655.4,700.0,1766.3,926.9,0.000,0.7739,1
3342,426,209.7,679.1,248.2,799.6,0.000,0.7611,1
3342,386,254.6,684.3,291.7,817.7,0.000,0.7713,1
3342,269,303.5,683.9,337.6,834.1,0.000,0.7825,1
3342,444,155.3,659.2,188.1,783.7,0.000,0.7617,1
3342,262,1296.6,719.1,1378.2,920.7,0.000,0.7737,1
3342,414,110.1,672.6,139.8,772.2,0.000,0.7531,1
3342,164,812.5,717.8,915.8,935.2,0.000,0.8427,1
3342,347,1628.6,705.6,1667.3,848.8,0.000,0.6840,1
3342,456,1784.8,665.6,1833.0,862.7,0.000,0.7562,1
3342,278,314.7,688.3,388.8,873.4,0.000,0.8144,1
3342,246,600.9,705.7,690.3,897.5,0.000,0.8147,1
3342,284,451.3,715.9,518.6,885.2,0.000,0.8227,1
3342,501,372.5,698.7,431.0,873.7,0.000,0.8071,1
3342,472,1649.1,697.5,1757.7,927.0,0.000,0.7739,1
3343,426,210.1,678.6,248.7,799.9,0.000,0.7613,1
3343,386,255.6,682.7,292.8,816.9,0.000,0.7713,1
3343,269,302.0,684.1,336.4,836.0,0.000,0.7827,1
3343,444,155.9,659.7,188.4,783.8,0.000,0.7618,1
3343,262,1293.9,719.2,1377.3,920.7,0.000,0.7744,1
3343,414,110.3,673.0,139.7,771.7,0.000,0.7526,1
3343,164,817.5,717.4,920.3,934.1,0.000,0.8421,1
3343,347,1628.4,705.5,1667.2,849.0,0.000,0.6842,1
3343,456,1784.5,668.3,1832.7,864.8,0.000,0.7559,1
3343,278,311.6,690.3,384.3,872.4,0.000,0.8143,1
3343,246,598.4,705.5,690.6,897.1,0.000,0.8148,1
3343,284,447.5,713.7,517.2,885.3,0.000,0.8227,1
3343,501,365.7,703.9,426.0,878.0,0.000,0.8071,1
3343,472,1656.9,697.3,1766.1,926.9,0.000,0.7739,1
3344,426,209.9,678.4,248.6,799.8,0.000,0.7614,1
3344,386,255.6,682.9,292.8,817.5,0.000,0.7715,1
3344,269,300.4,684.2,335.7,840.9,0.000,0.7844,1
3344,444,156.2,659.6,188.5,783.4,0.000,0.7618,1
3344,262,1291.6,719.0,1376.5,920.8,0.000,0.7749,1
3344,414,110.2,671.8,139.8,771.6,0.000,0.7524,1
3344,164,823.9,715.7,925.6,933.0,0.000,0.8410,1
3344,347,1628.8,705.3,1667.4,848.1,0.000,0.6839,1
3344,456,1784.4,667.6,1833.0,865.7,0.000,0.7561,1
3344,278,309.3,690.9,382.0,873.5,0.000,0.8147,1
3344,246,596.1,705.4,690.8,896.9,0.000,0.8149,1
3344,284,445.2,712.6,516.7,885.4,0.000,0.8227,1
3344,472,1659.2,696.2,1769.7,927.7,0.000,0.7739,1
3345,426,210.1,678.5,248.7,799.7,0.000,0.7614,1
3345,386,255.4,683.1,292.7,818.1,0.000,0.7718,1
3345,269,299.9,684.6,335.4,842.1,0.000,0.7855,1
3345,444,156.5,659.4,188.8,783.3,0.000,0.7617,1
3345,262,1288.6,719.0,1374.8,920.8,0.000,0.7754,1
3345,414,110.0,672.1,139.6,771.6,0.000,0.7522,1
3345,164,831.9,718.8,929.9,933.0,0.000,0.8404,1
3345,347,1629.0,705.3,1667.6,847.9,0.000,0.6837,1
3345,456,1784.0,666.6,1832.9,865.7,0.000,0.7563,1
3345,278,308.1,691.1,380.4,873.2,0.000,0.8148,1
3345,246,592.7,705.9,688.7,896.8,0.000,0.8151,1
3345,284,442.2,715.4,513.8,885.0,0.000,0.8184,1
3345,472,1655.7,694.0,1765.9,927.0,0.000,0.7739,1
3346,426,210.1,677.6,248.9,799.6,0.000,0.7615,1
3346,386,255.3,683.2,292.4,817.9,0.000,0.7719,1
3346,444,156.6,659.1,189.1,783.8,0.000,0.7619,1
3346,262,1285.7,718.1,1373.1,920.7,0.000,0.7757,1
3346,414,110.2,672.3,139.8,771.8,0.000,0.7521,1
3346,164,840.9,722.2,934.3,932.9,0.000,0.8398,1
3346,347,1629.2,705.4,1667.8,847.8,0.000,0.6834,1
3346,456,1783.2,665.7,1832.7,866.7,0.000,0.7568,1
3346,278,307.5,691.9,378.4,870.9,0.000,0.8141,1
3346,246,587.7,705.9,683.6,896.3,0.000,0.8152,1
3346,284,440.0,716.4,512.1,884.8,0.000,0.8184,1
3346,472,1652.3,693.4,1760.6,926.3,0.000,0.7739,1
3347,426,211.0,679.6,249.0,799.6,0.000,0.7613,1
3347,386,255.0,683.4,292.1,818.0,0.000,0.7720,1
3347,444,157.0,659.0,189.4,784.8,0.000,0.7624,1
3347,262,1282.4,716.0,1370.6,920.6,0.000,0.7757,1
3347,414,110.2,672.5,140.0,772.4,0.000,0.7522,1
3347,164,849.5,724.1,940.3,934.5,0.000,0.8400,1
3347,347,1629.6,705.5,1667.9,847.2,0.000,0.6830,1
3347,456,1782.4,665.8,1832.2,867.3,0.000,0.7571,1
3347,278,306.6,691.9,376.7,869.4,0.000,0.8134,1
3347,246,582.4,705.5,677.1,896.2,0.000,0.8154,1
3347,284,436.9,718.5,508.0,883.8,0.000,0.8182,1
3347,472,1649.7,692.8,1757.0,927.9,0.000,0.7739,1
3348,426,210.5,680.2,248.4,799.8,0.000,0.7612,1
3348,386,254.1,683.2,291.6,818.4,0.000,0.7723,1
3348,444,157.2,659.8,189.3,785.0,0.000,0.7626,1
3348,262,1278.2,714.9,1365.9,920.4,0.000,0.7755,1
3348,414,110.4,672.8,140.3,772.8,0.000,0.7523,1
3348,164,861.0,723.1,949.9,934.9,0.000,0.8398,1
3348,347,1629.5,705.3,1667.7,846.9,0.000,0.6827,1
3348,456,1782.2,665.3,1832.2,867.0,0.000,0.7573,1
3348,278,303.9,690.4,374.5,870.6,0.000,0.8136,1
3348,246,577.2,707.5,669.2,895.9,0.000,0.8157,1
3348,284,435.5,728.3,502.1,882.5,0.000,0.8187,1
3348,472,1645.9,691.8,1749.9,926.8,0.000,0.7739,1
3349,426,210.1,680.0,248.0,799.6,0.000,0.7611,1
3349,386,253.6,683.3,291.2,818.5,0.000,0.7725,1
3349,444,157.0,659.6,189.0,785.3,0.000,0.7629,1
3349,262,1270.9,715.5,1355.7,920.3,0.000,0.7754,1
3349,414,110.5,672.7,140.6,773.5,0.000,0.7526,1
3349,164,867.8,718.7,956.8,935.3,0.000,0.8395,1
3349,347,1629.6,705.2,1667.7,847.1,0.000,0.6826,1
3349,456,1782.1,664.6,1832.5,867.5,0.000,0.7577,1
3349,278,296.9,683.4,369.5,869.4,0.000,0.8141,1
3349,246,563.1,704.8,655.5,894.8,0.000,0.8158,1
3349,284,430.7,730.1,495.5,881.2,0.000,0.8185,1
3349,472,1645.3,691.1,1746.6,927.0,0.000,0.7739,1
3350,426,209.9,679.7,248.0,799.6,0.000,0.7611,1
3350,386,254.6,681.7,292.2,817.6,0.000,0.7724,1
3350,444,156.0,659.3,188.1,785.2,0.000,0.7632,1
3350,262,1264.9,715.4,1347.1,920.4,0.000,0.7754,1
3350,414,110.4,672.4,140.6,773.5,0.000,0.7528,1
3350,164,875.4,714.2,966.1,935.7,0.000,0.8391,1
3350,347,1629.6,704.9,1667.6,846.8,0.000,0.6825,1
3350,456,1782.6,664.6,1832.9,867.1,0.000,0.7578,1
3350,278,294.4,681.9,365.1,865.4,0.000,0.8132,1
3350,246,559.0,701.2,650.3,894.3,0.000,0.8157,1
3350,284,422.2,721.3,489.1,880.3,0.000,0.8175,1
3350,472,1647.6,691.0,1746.7,927.2,0.000,0.7739,1
3351,426,210.3,679.3,248.5,799.8,0.000,0.7612,1
3351,386,254.3,682.5,292.0,818.0,0.000,0.7725,1
3351,444,155.3,659.7,187.3,784.6,0.000,0.7632,1
3351,262,1260.1,714.8,1339.9,920.5,0.000,0.7754,1
3351,414,110.5,672.8,140.6,773.5,0.000,0.7529,1
3351,164,883.8,714.6,976.2,936.2,0.000,0.8386,1
3351,347,1629.6,704.9,1667.5,846.9,0.000,0.6826,1
3351,456,1782.7,665.7,1832.9,867.3,0.000,0.7577,1
3351,278,292.6,684.1,360.8,863.1,0.000,0.8120,1
3351,246,555.3,700.4,644.2,895.6,0.000,0.8164,1
3351,284,413.8,712.6,483.1,881.4,0.000,0.8171,1
3351,472,1660.9,689.6,1762.7,927.7,0.000,0.7739,1
3352,426,210.5,679.6,248.5,799.6,0.000,0.7611,1
3352,386,253.7,682.6,291.7,816.7,0.000,0.7722,1
3352,444,154.6,659.5,186.7,784.1,0.000,0.7631,1
3352,262,1255.6,713.3,1333.5,920.5,0.000,0.7753,1
3352,414,110.6,672.7,140.7,773.3,0.000,0.7530,1
3352,164,890.2,713.6,985.1,935.7,0.000,0.8377,1
3352,347,1629.7,704.6,1667.5,846.6,0.000,0.6826,1
3352,456,1782.8,666.0,1833.1,867.6,0.000,0.7576,1
3352,278,288.4,685.2,355.4,861.6,0.000,0.8110,1
3352,246,551.5,701.1,637.1,895.8,0.000,0.8170,1
3352,284,409.0,710.7,478.0,881.6,0.000,0.8169,1
3352,472,1673.9,688.9,1772.8,918.0,0.000,0.7743,1
3353,426,210.8,678.7,249.0,799.6,0.000,0.7611,1
3353,386,253.2,682.3,291.8,816.9,0.000,0.7721,1
3353,444,153.9,659.2,186.3,783.9,0.000,0.7631,1
3353,262,1251.9,713.4,1327.8,920.4,0.000,0.7751,1
3353,414,110.7,672.0,141.1,773.5,0.000,0.7532,1
3353,164,893.3,714.9,990.2,935.5,0.000,0.8370,1
3353,347,1629.7,704.3,1667.6,846.6,0.000,0.6828,1
3353,456,1783.2,666.0,1833.5,867.3,0.000,0.7575,1
3353,278,286.0,686.3,352.1,860.6,0.000,0.8099,1
3353,246,545.6,701.3,628.9,894.9,0.000,0.8171,1
3353,284,407.7,709.5,476.0,881.5,0.000,0.8167,1
3353,472,1680.0,687.8,1778.8,914.7,0.000,0.7716,1
3353,491,752.7,734.1,777.9,805.1,0.000,0.5777,1
3354,426,211.2,678.3,249.6,799.6,0.000,0.7612,1
3354,386,253.2,682.4,292.3,817.6,0.000,0.7723,1
3354,444,153.5,659.8,186.0,783.8,0.000,0.7629,1
3354,262,1244.2,714.4,1319.7,920.5,0.000,0.7752,1
3354,414,110.7,671.7,141.3,773.5,0.000,0.7533,1
3354,164,896.1,723.4,992.7,935.7,0.000,0.8369,1
3354,347,1630.0,704.2,1668.0,846.8,0.000,0.6831,1
3354,456,1783.0,667.0,1833.3,868.2,0.000,0.7574,1
3354,278,282.7,686.4,348.7,861.1,0.000,0.8096,1
3354,246,537.3,702.9,620.1,894.5,0.000,0.8175,1
3354,284,407.4,709.6,474.8,881.9,0.000,0.8167,1
3354,472,1675.5,688.3,1778.7,923.2,0.000,0.7737,1
3354,519,338.7,711.6,387.8,861.4,0.000,0.7990,1
3354,491,752.8,734.0,778.2,805.2,0.000,0.5777,1
3355,426,211.0,677.5,249.5,799.5,0.000,0.7613,1
3355,386,253.2,682.7,292.7,818.2,0.000,0.7724,1
3355,444,153.1,659.3,185.9,783.1,0.000,0.7627,1
3355,262,1234.7,715.6,1311.4,920.7,0.000,0.7755,1
3355,414,110.6,671.6,141.3,773.6,0.000,0.7534,1
3355,164,897.1,726.5,995.0,935.5,0.000,0.8367,1
3355,347,1629.8,704.0,1667.9,846.9,0.000,0.6834,1
3355,456,1783.2,667.8,1833.5,869.1,0.000,0.7573,1
3355,278,280.3,686.7,345.7,860.2,0.000,0.8090,1
3355,246,529.5,702.7,613.9,894.6,0.000,0.8181,1
3355,472,1674.3,688.5,1779.5,926.2,0.000,0.7753,1
3355,519,337.0,713.5,386.3,861.6,0.000,0.7991,1
3355,491,752.5,733.8,778.0,805.2,0.000,0.5776,1
3355,269,292.2,689.7,334.6,861.2,0.000,0.7855,1
3356,426,210.6,677.7,249.1,799.5,0.000,0.7613,1
3356,386,252.8,682.6,292.7,817.2,0.000,0.7723,1
3356,444,153.1,659.0,186.0,782.5,0.000,0.7624,1
3356,262,1226.9,715.8,1306.0,920.4,0.000,0.7757,1
3356,414,110.6,671.1,141.3,773.1,0.000,0.7535,1
3356,164,896.2,719.3,998.9,935.4,0.000,0.8365,1
3356,347,1628.8,704.5,1666.8,847.8,0.000,0.6838,1
3356,456,1783.4,668.9,1833.6,869.3,0.000,0.7569,1
3356,278,278.0,686.5,342.5,858.3,0.000,0.8081,1
3356,246,523.8,703.6,609.9,894.8,0.000,0.8186,1
3356,472,1675.0,688.2,1781.1,925.9,0.000,0.7760,1
3356,519,333.0,709.7,384.9,861.7,0.000,0.7993,1
3356,491,752.1,733.5,777.7,805.3,0.000,0.5777,1
3356,284,403.0,709.3,470.8,881.8,0.000,0.8167,1
3357,426,210.7,679.2,248.7,799.5,0.000,0.7612,1
3357,386,252.1,683.1,292.3,816.4,0.000,0.7719,1
3357,444,153.0,658.9,186.2,782.5,0.000,0.7622,1
3357,262,1219.6,715.1,1302.4,920.6,0.000,0.7759,1
3357,414,110.4,671.0,141.1,773.3,0.000,0.7536,1
3357,164,898.0,714.7,1003.2,935.3,0.000,0.8359,1
3357,347,1628.4,704.7,1666.1,848.0,0.000,0.6840,1
3357,456,1783.5,666.5,1833.9,868.5,0.000,0.7570,1
3357,278,276.2,685.1,340.7,857.9,0.000,0.8077,1
3357,246,519.6,702.9,608.0,894.5,0.000,0.8190,1
3357,472,1672.8,686.7,1780.2,926.7,0.000,0.7768,1
3357,519,327.4,697.7,383.1,861.0,0.000,0.7998,1
3357,491,751.7,733.2,777.3,805.0,0.000,0.5776,1
3357,284,400.2,709.4,468.5,882.1,0.000,0.8167,1
3357,269,286.9,684.6,332.7,858.3,0.000,0.7855,1
3358,426,210.3,677.5,248.9,799.9,0.000,0.7614,1
3358,386,251.5,683.2,291.9,815.7,0.000,0.7714,1
3358,444,152.9,658.6,186.5,782.8,0.000,0.7622,1
3358,262,1214.1,714.6,1300.8,921.3,0.000,0.7766,1
3358,414,110.3,671.2,141.0,773.4,0.000,0.7537,1
3358,164,901.8,712.6,1007.5,935.2,0.000,0.8352,1
3358,347,1628.3,704.6,1665.7,847.8,0.000,0.6841,1
3358,456,1783.2,665.8,1833.9,868.7,0.000,0.7572,1
3358,278,273.4,683.4,338.0,857.0,0.000,0.8073,1
3358,246,515.9,702.4,606.6,894.6,0.000,0.8193,1
3358,472,1672.2,684.4,1781.0,926.2,0.000,0.7770,1
3358,519,320.4,695.8,377.9,860.6,0.000,0.8004,1
3358,491,751.5,733.0,777.1,804.7,0.000,0.5774,1
3358,284,397.8,710.2,465.5,880.9,0.000,0.8167,1
3358,269,282.3,678.9,331.1,855.6,0.000,0.7855,1
3359,426,209.4,677.4,248.0,799.7,0.000,0.7616,1
3359,386,251.8,683.6,292.2,815.0,0.000,0.7709,1
3359,444,153.2,657.8,187.2,783.5,0.000,0.7625,1
3359,262,1210.9,713.9,1301.1,921.3,0.000,0.7770,1
3359,414,110.1,671.4,140.7,773.3,0.000,0.7537,1
3359,164,908.0,711.7,1012.5,935.2,0.000,0.8344,1
3359,347,1628.0,704.5,1665.0,847.7,0.000,0.6841,1
3359,456,1782.4,664.3,1833.9,869.7,0.000,0.7579,1
3359,278,270.7,681.8,336.1,858.0,0.000,0.8076,1
3359,246,514.3,702.9,606.5,894.5,0.000,0.8196,1
3359,472,1671.4,683.4,1780.7,926.7,0.000,0.7775,1
3359,519,319.6,705.8,375.1,861.2,0.000,0.8006,1
3359,491,750.9,732.8,776.8,805.1,0.000,0.5776,1
3359,284,394.0,709.6,461.7,881.1,0.000,0.8167,1
3360,426,209.4,677.2,248.1,799.8,0.000,0.7617,1
3360,386,252.1,681.7,292.4,813.0,0.000,0.7700,1
3360,444,153.0,657.8,187.2,784.4,0.000,0.7630,1
3360,262,1207.9,717.3,1299.9,921.7,0.000,0.7777,1
3360,414,110.0,672.5,140.5,774.1,0.000,0.7539,1
3360,164,914.7,710.7,1016.9,935.2,0.000,0.8335,1
3360,347,1625.6,703.7,1661.5,844.9,0.000,0.6835,1
3360,456,1783.0,663.4,1834.7,869.6,0.000,0.7583,1
3360,278,269.9,682.4,335.1,859.2,0.000,0.8081,1
3360,246,511.9,703.8,605.2,894.6,0.000,0.8199,1
3360,472,1673.0,683.0,1781.3,925.2,0.000,0.7771,1
3360,491,751.6,732.8,777.6,804.8,0.000,0.5774,1
3360,284,392.5,711.6,458.7,881.4,0.000,0.8167,1
3361,426,209.4,677.4,248.2,799.7,0.000,0.7618,1
3361,444,152.9,657.5,187.2,784.9,0.000,0.7634,1
3361,262,1204.5,715.3,1299.8,921.7,0.000,0.7782,1
3361,414,109.8,672.9,140.1,773.7,0.000,0.7538,1
3361,164,925.1,709.6,1024.2,934.5,0.000,0.8322,1
3361,347,1625.7,704.0,1661.6,846.3,0.000,0.6836,1
3361,456,1783.6,663.5,1835.0,868.8,0.000,0.7584,1
3361,278,266.4,683.9,331.3,859.1,0.000,0.8083,1
3361,246,506.6,702.4,600.0,893.5,0.000,0.8197,1
3361,472,1674.1,684.0,1781.5,925.1,0.000,0.7770,1
3361,491,751.8,732.4,777.9,804.5,0.000,0.5771,1
3361,284,388.2,704.6,454.4,878.7,0.000,0.8167,1
3361,519,320.7,713.0,373.0,858.6,0.000,0.8006,1
3362,426,210.0,678.3,248.7,799.8,0.000,0.7617,1
3362,444,152.5,657.3,186.9,785.0,0.000,0.7638,1
3362,262,1201.4,715.2,1298.3,921.8,0.000,0.7786,1
3362,414,109.9,673.3,140.0,773.5,0.000,0.7537,1
3362,164,935.7,709.3,1031.2,934.1,0.000,0.8307,1
3362,347,1627.0,704.1,1662.9,846.7,0.000,0.6838,1
3362,456,1783.9,664.0,1835.0,868.4,0.000,0.7584,1
3362,278,260.9,684.0,325.1,853.9,0.000,0.8068,1
3362,246,500.5,702.0,592.2,892.7,0.000,0.8195,1
3362,472,1675.3,684.3,1781.6,924.0,0.000,0.7765,1
3362,491,751.8,732.1,778.2,804.4,0.000,0.5768,1
3362,284,384.6,702.6,448.7,875.7,0.000,0.8167,1
3362,519,316.4,714.9,367.4,856.7,0.000,0.8006,1
3363,426,210.0,677.8,248.9,800.0,0.000,0.7618,1
3363,444,152.4,658.0,186.6,785.2,0.000,0.7641,1
3363,262,1197.7,715.8,1294.7,921.4,0.000,0.7787,1
3363,414,109.8,673.4,139.9,773.6,0.000,0.7536,1
3363,164,943.3,710.0,1036.0,935.1,0.000,0.8300,1
3363,456,1784.2,664.7,1835.0,868.2,0.000,0.7582,1
3363,278,255.4,682.8,320.0,851.4,0.000,0.8056,1
3363,246,495.1,701.2,585.2,892.5,0.000,0.8194,1
3363,472,1674.2,684.0,1780.5,924.0,0.000,0.7763,1
3363,491,751.8,732.1,778.3,804.4,0.000,0.5766,1
3363,284,379.9,700.1,442.7,874.5,0.000,0.8167,1
3363,519,307.8,702.0,362.2,857.0,0.000,0.8006,1
3364,426,210.0,679.0,248.7,800.2,0.000,0.7618,1
3364,444,152.8,658.5,186.8,785.3,0.000,0.7643,1
3364,262,1193.2,714.9,1289.9,920.8,0.000,0.7786,1
3364,414,109.8,673.1,140.0,773.9,0.000,0.7537,1
3364,164,950.3,710.1,1040.9,935.2,0.000,0.8292,1
3364,456,1783.9,665.1,1834.8,868.7,0.000,0.7582,1
3364,278,259.5,683.0,328.1,855.4,0.000,0.8061,1
3364,246,488.9,698.9,576.5,890.3,0.000,0.8184,1
3364,472,1673.8,683.9,1780.2,923.7,0.000,0.7761,1
3364,491,751.8,732.2,778.5,804.5,0.000,0.5765,1
3364,284,374.5,697.3,437.1,874.6,0.000,0.8167,1
3364,347,1635.8,702.2,1675.2,852.0,0.000,0.6838,1
3365,426,209.8,679.5,248.4,800.2,0.000,0.7618,1
3365,444,153.4,659.3,187.1,785.6,0.000,0.7644,1
3365,262,1188.5,716.1,1283.1,920.6,0.000,0.7785,1
3365,414,109.9,672.1,140.3,774.0,0.000,0.7539,1
3365,164,957.3,711.8,1046.6,935.0,0.000,0.8283,1
3365,456,1783.7,664.8,1834.7,869.1,0.000,0.7583,1
3365,278,258.4,681.4,329.7,856.6,0.000,0.8066,1
3365,246,483.0,695.2,569.4,889.9,0.000,0.8177,1
3365,472,1673.7,684.4,1780.0,924.4,0.000,0.7763,1
3365,491,751.7,732.4,778.5,804.5,0.000,0.5764,1
3365,284,371.9,701.6,431.7,874.5,0.000,0.8167,1
3365,347,1634.4,704.6,1674.4,852.5,0.000,0.6838,1
3366,426,209.4,680.2,247.8,800.6,0.000,0.7619,1
3366,444,153.9,659.8,187.3,785.6,0.000,0.7643,1
3366,262,1182.9,717.1,1274.8,920.4,0.000,0.7786,1
3366,414,109.9,671.1,140.6,774.2,0.000,0.7542,1
3366,164,964.1,712.1,1054.2,935.1,0.000,0.8276,1
3366,456,1783.1,664.4,1834.3,868.9,0.000,0.7584,1
3366,278,253.2,681.5,323.8,854.1,0.000,0.8062,1
3366,246,478.2,696.9,561.0,890.4,0.000,0.8178,1
3366,472,1674.2,684.6,1780.5,924.8,0.000,0.7764,1
3366,491,751.5,732.5,778.4,804.7,0.000,0.5764,1
3366,284,370.6,703.9,428.1,872.4,0.000,0.8167,1
3366,347,1631.2,705.5,1673.8,856.2,0.000,0.6838,1
3367,426,209.4,681.0,247.6,800.7,0.000,0.7620,1
3367,444,154.4,659.3,187.7,785.6,0.000,0.7644,1
3367,262,1175.9,716.0,1265.9,920.1,0.000,0.7785,1
3367,414,110.1,671.3,140.6,774.0,0.000,0.7543,1
3367,164,971.2,712.8,1063.4,935.4,0.000,0.8270,1
3367,456,1782.7,663.4,1834.2,868.7,0.000,0.7586,1
3367,278,249.9,681.1,319.9,852.5,0.000,0.8057,1
3367,246,473.4,698.6,552.9,889.2,0.000,0.8174,1
3367,472,1674.3,684.3,1781.3,926.5,0.000,0.7771,1
3367,491,751.6,732.7,778.5,804.8,0.000,0.5765,1
3367,284,367.0,704.2,424.7,873.2,0.000,0.8167,1
3367,347,1627.5,709.4,1671.7,859.8,0.000,0.6838,1
3367,519,294.8,687.4,352.9,857.6,0.000,0.8006,1
3368,426,209.6,680.0,248.0,800.7,0.000,0.7621,1
3368,444,153.9,659.2,187.3,785.6,0.000,0.7645,1
3368,262,1167.0,716.1,1253.7,920.4,0.000,0.7788,1
3368,414,110.3,670.4,140.9,773.8,0.000,0.7544,1
3368,164,975.8,714.5,1069.8,935.6,0.000,0.8265,1
3368,456,1782.7,662.7,1834.4,867.9,0.000,0.7587,1
3368,278,245.7,683.8,313.4,851.2,0.000,0.8049,1
3368,246,466.6,696.3,546.4,888.9,0.000,0.8172,1
3368,472,1674.4,684.8,1781.4,927.5,0.000,0.7778,1
3368,491,751.7,732.8,778.5,804.8,0.000,0.5765,1
3368,284,361.3,699.7,421.3,873.3,0.000,0.8167,1
3368,347,1622.6,708.1,1667.5,859.3,0.000,0.6838,1
3368,519,296.5,715.0,345.0,854.8,0.000,0.8006,1
3369,426,210.2,678.2,249.2,800.5,0.000,0.7622,1
3369,444,153.2,658.4,187.0,785.5,0.000,0.7647,1
3369,262,1162.5,716.9,1246.3,920.9,0.000,0.7794,1
3369,414,110.4,670.2,141.1,773.8,0.000,0.7545,1
3369,164,977.8,715.7,1073.9,935.8,0.000,0.8263,1
3369,456,1782.3,661.5,1834.8,868.9,0.000,0.7594,1
3369,278,244.6,681.5,312.6,850.7,0.000,0.8046,1
3369,246,457.7,697.0,538.2,889.4,0.000,0.8176,1
3369,472,1676.2,682.6,1783.0,927.0,0.000,0.7780,1
3369,491,751.4,732.9,778.3,804.7,0.000,0.5765,1
3369,284,356.5,698.7,418.3,873.5,0.000,0.8167,1
3369,347,1620.3,710.0,1664.5,859.2,0.000,0.6838,1
3369,519,292.5,705.4,343.2,852.1,0.000,0.8006,1
3370,426,209.7,677.1,248.7,799.5,0.000,0.7621,1
3370,444,152.7,658.2,186.8,785.7,0.000,0.7649,1
3370,262,1155.5,716.3,1238.3,921.2,0.000,0.7799,1
3370,414,110.7,669.6,141.7,774.0,0.000,0.7547,1
3370,164,978.4,715.8,1076.5,935.3,0.000,0.8258,1
3370,456,1783.2,661.7,1836.0,869.4,0.000,0.7598,1
3370,278,240.7,680.4,307.9,849.9,0.000,0.8043,1
3370,246,449.6,698.0,531.4,889.4,0.000,0.8181,1
3370,472,1677.0,683.0,1782.9,927.6,0.000,0.7784,1
3370,491,751.5,732.6,778.5,804.7,0.000,0.5765,1
3370,284,353.5,701.5,416.2,874.3,0.000,0.8167,1
3370,347,1618.3,706.7,1662.2,857.6,0.000,0.6838,1
3370,519,290.9,693.6,344.4,849.4,0.000,0.8006,1
3371,426,209.2,675.4,248.5,799.1,0.000,0.7622,1
3371,444,152.7,657.8,187.2,786.0,0.000,0.7651,1
3371,262,1147.2,715.2,1230.9,921.9,0.000,0.7811,1
3371,414,110.9,669.4,142.0,773.8,0.000,0.7547,1
3371,164,980.5,715.7,1080.0,935.5,0.000,0.8256,1
3371,456,1783.7,661.0,1837.0,869.7,0.000,0.7603,1
3371,278,237.1,677.4,303.8,849.2,0.000,0.8043,1
3371,246,443.5,698.7,527.0,888.7,0.000,0.8183,1
3371,472,1676.4,683.5,1782.2,927.9,0.000,0.7787,1
3371,491,750.6,732.0,778.1,804.9,0.000,0.5767,1
3371,284,350.8,702.3,414.8,874.5,0.000,0.8101,1
3371,347,1620.1,704.2,1665.8,858.2,0.000,0.6838,1
3371,519,287.9,686.9,343.0,848.5,0.000,0.8006,1
3372,426,208.3,673.5,248.0,799.2,0.000,0.7626,1
3372,444,152.7,657.7,187.5,786.2,0.000,0.7654,1
3372,262,1138.5,717.3,1223.4,922.1,0.000,0.7823,1
3372,414,111.0,668.5,142.2,773.1,0.000,0.7546,1
3372,164,982.8,715.4,1083.2,936.1,0.000,0.8256,1
3372,456,1784.0,660.3,1837.6,869.7,0.000,0.7607,1
3372,278,233.5,674.5,300.0,848.7,0.000,0.8047,1
3372,246,439.2,699.0,524.8,888.6,0.000,0.8186,1
3372,472,1678.2,687.3,1782.4,927.3,0.000,0.7786,1
3372,491,749.9,731.6,777.9,805.2,0.000,0.5772,1
3372,284,348.6,701.1,414.9,875.3,0.000,0.8108,1
3372,347,1619.4,704.7,1665.7,858.0,0.000,0.6838,1
3372,519,287.0,684.7,342.6,847.1,0.000,0.8006,1
3373,426,207.9,672.0,247.8,799.5,0.000,0.7632,1
3373,444,152.5,657.4,187.8,786.5,0.000,0.7657,1
3373,262,1131.8,717.4,1219.1,921.9,0.000,0.7832,1
3373,414,111.0,668.4,142.3,773.1,0.000,0.7546,1
3373,164,988.8,715.0,1088.1,935.1,0.000,0.8247,1
3373,456,1784.2,660.2,1837.7,868.9,0.000,0.7609,1
3373,278,231.4,673.5,296.8,848.1,0.000,0.8049,1
3373,246,438.0,699.4,525.4,888.1,0.000,0.8186,1
3373,472,1676.4,685.3,1781.7,926.7,0.000,0.7784,1
3373,491,749.8,731.5,778.0,805.1,0.000,0.5775,1
3373,284,346.3,698.5,414.7,874.9,0.000,0.8111,1
3373,347,1617.2,704.6,1665.1,860.9,0.000,0.6838,1
3374,426,207.4,672.6,247.0,799.8,0.000,0.7636,1
3374,444,152.2,657.3,187.7,786.4,0.000,0.7659,1
3374,262,1127.0,716.9,1217.7,923.0,0.000,0.7847,1
3374,414,111.0,668.1,142.3,773.1,0.000,0.7546,1
3374,164,995.8,714.4,1093.3,933.9,0.000,0.8233,1
3374,456,1784.3,660.5,1837.8,868.2,0.000,0.7608,1
3374,278,229.5,674.6,293.9,848.8,0.000,0.8052,1
3374,246,437.2,699.6,526.6,888.1,0.000,0.8187,1
3374,472,1674.3,682.4,1780.9,926.3,0.000,0.7783,1
3374,491,749.5,731.8,777.9,805.0,0.000,0.5777,1
3374,284,344.6,699.2,413.5,874.8,0.000,0.8114,1
3374,347,1615.0,703.5,1663.5,859.0,0.000,0.6838,1
3374,519,293.0,681.2,345.2,840.3,0.000,0.8006,1
3375,426,206.9,671.9,246.4,800.0,0.000,0.7641,1
3375,444,152.0,657.6,187.5,786.1,0.000,0.7659,1
3375,262,1123.7,715.9,1217.0,923.1,0.000,0.7857,1
3375,414,110.9,667.8,142.4,773.3,0.000,0.7548,1
3375,164,1005.2,713.7,1100.4,933.3,0.000,0.8219,1
3375,456,1784.1,661.3,1837.6,868.2,0.000,0.7607,1
3375,278,228.3,675.0,291.5,848.2,0.000,0.8052,1
3375,246,434.2,699.0,525.3,888.0,0.000,0.8187,1
3375,472,1673.4,683.2,1779.3,925.4,0.000,0.7778,1
3375,491,749.6,732.5,778.0,804.9,0.000,0.5777,1
3375,284,340.9,692.4,412.3,874.4,0.000,0.8118,1
3375,347,1607.3,708.5,1653.9,860.2,0.000,0.6838,1
3375,519,295.2,681.4,343.3,833.2,0.000,0.8006,1
3376,426,206.5,671.5,245.5,799.9,0.000,0.7644,1
3376,444,151.8,657.9,187.4,786.2,0.000,0.7660,1
3376,262,1120.6,716.1,1215.8,923.1,0.000,0.7865,1
3376,414,110.9,667.2,142.6,773.4,0.000,0.7549,1
3376,164,1014.2,713.7,1107.0,933.4,0.000,0.8207,1
3376,456,1783.3,661.4,1837.3,868.9,0.000,0.7608,1
3376,278,226.0,673.1,289.1,848.1,0.000,0.8055,1
3376,246,429.0,697.8,520.6,887.9,0.000,0.8188,1
3376,472,1673.8,686.6,1778.6,925.9,0.000,0.7777,1
3376,491,749.5,732.9,778.1,804.7,0.000,0.5776,1
3376,284,337.8,691.3,408.8,873.4,0.000,0.8119,1
3376,347,1598.7,710.8,1645.5,864.8,0.000,0.6838,1
3376,519,294.6,681.3,342.3,836.8,0.000,0.8006,1
3377,444,151.8,657.9,187.4,785.9,0.000,0.7659,1
3377,262,1117.0,717.3,1213.2,923.1,0.000,0.7873,1
3377,414,110.6,667.0,142.4,773.4,0.000,0.7551,1
3377,164,1024.0,713.5,1114.6,934.0,0.000,0.8198,1
3377,456,1783.2,662.2,1837.4,868.7,0.000,0.7606,1
3377,278,224.2,673.2,286.4,847.7,0.000,0.8056,1
3377,246,421.7,696.9,512.3,886.6,0.000,0.8184,1
3377,472,1672.8,684.6,1778.5,926.6,0.000,0.7780,1
3377,491,749.4,732.9,778.2,804.8,0.000,0.5776,1
3377,284,337.0,694.4,404.6,869.3,0.000,0.8103,1
3377,347,1593.9,712.6,1640.5,867.8,0.000,0.6838,1
3377,519,294.9,681.3,341.6,837.3,0.000,0.8006,1
3378,444,151.8,658.0,187.4,785.4,0.000,0.7657,1
3378,262,1113.0,718.5,1209.2,923.2,0.000,0.7882,1
3378,414,110.7,667.6,142.2,773.5,0.000,0.7551,1
3378,164,1032.5,714.2,1121.4,935.0,0.000,0.8194,1
3378,456,1782.7,662.5,1837.3,869.0,0.000,0.7605,1
3378,278,222.6,674.0,284.3,848.1,0.000,0.8058,1
3378,246,417.3,694.7,506.5,885.5,0.000,0.8178,1
3378,472,1672.0,681.3,1778.9,926.9,0.000,0.7782,1
3378,491,749.5,732.7,778.6,804.8,0.000,0.5776,1
3378,284,334.6,696.9,399.6,866.1,0.000,0.8084,1
3378,347,1591.0,713.2,1637.5,870.2,0.000,0.6838,1
3378,519,294.7,681.0,341.0,838.5,0.000,0.8006,1
3379,444,151.5,658.0,187.3,785.6,0.000,0.7656,1
3379,262,1111.2,719.2,1206.2,922.9,0.000,0.7888,1
3379,414,110.6,667.7,142.1,773.7,0.000,0.7552,1
3379,164,1038.7,713.9,1126.4,935.2,0.000,0.8189,1
3379,456,1782.5,662.6,1837.4,868.8,0.000,0.7604,1
3379,278,221.1,675.2,282.3,847.8,0.000,0.8058,1
3379,246,409.1,694.5,496.9,884.9,0.000,0.8174,1
3379,472,1671.0,679.0,1779.4,929.3,0.000,0.7793,1
3379,491,749.6,732.9,778.8,805.0,0.000,0.5776,1
3379,284,329.8,693.4,393.1,863.0,0.000,0.8068,1
3379,347,1588.2,713.1,1635.1,871.4,0.000,0.7009,1
3379,519,295.3,680.6,340.1,835.9,0.000,0.8006,1
3380,444,151.7,658.2,187.5,785.7,0.000,0.7656,1
3380,262,1104.6,716.7,1196.6,920.1,0.000,0.7876,1
3380,414,110.5,667.4,142.1,773.6,0.000,0.7553,1
3380,164,1047.2,714.4,1135.0,935.4,0.000,0.8183,1
3380,456,1782.7,663.2,1837.7,868.8,0.000,0.7602,1
3380,278,219.8,676.4,280.2,846.9,0.000,0.8054,1
3380,246,405.0,694.9,490.4,884.1,0.000,0.8170,1
3380,472,1669.5,677.3,1779.0,931.8,0.000,0.7807,1
3380,491,749.5,732.9,778.9,805.0,0.000,0.5777,1
3380,284,324.8,691.2,386.7,862.3,0.000,0.8061,1
3380,347,1583.6,713.3,1631.5,872.5,0.000,0.7023,1
3380,519,296.1,679.8,339.8,834.0,0.000,0.8006,1
3381,444,151.2,658.2,186.9,785.8,0.000,0.7656,1
3381,262,1102.1,718.1,1190.7,919.5,0.000,0.7871,1
3381,414,110.7,667.6,142.2,774.1,0.000,0.7555,1
3381,164,1055.1,716.6,1143.9,935.2,0.000,0.8177,1
3381,456,1782.7,663.2,1837.8,867.9,0.000,0.7599,1
3381,278,218.6,675.6,278.6,845.3,0.000,0.8049,1
3381,246,398.8,692.3,483.1,884.5,0.000,0.8170,1
3381,472,1669.0,676.4,1778.7,932.9,0.000,0.7818,1
3381,491,749.6,733.1,778.7,804.8,0.000,0.5776,1
3381,284,323.1,689.2,383.8,861.9,0.000,0.8056,1
3381,347,1580.1,715.7,1628.6,873.5,0.000,0.7034,1
3381,519,296.9,679.1,340.1,833.6,0.000,0.8006,1
3382,444,151.1,658.2,186.6,784.9,0.000,0.7653,1
3382,262,1098.8,718.6,1185.1,922.7,0.000,0.7891,1
3382,414,110.9,668.0,142.3,774.1,0.000,0.7556,1
3382,164,1060.0,717.8,1151.1,935.0,0.000,0.8172,1
3382,456,1782.8,663.9,1838.0,867.9,0.000,0.7596,1
3382,278,216.9,675.8,275.6,843.2,0.000,0.8041,1
3382,246,394.2,690.7,475.7,883.5,0.000,0.8167,1
3382,472,1668.3,675.3,1778.2,933.9,0.000,0.7828,1
3382,491,749.3,733.3,778.3,804.8,0.000,0.5775,1
3382,347,1577.0,717.4,1627.1,876.8,0.000,0.7055,1
3382,519,297.6,678.8,339.6,830.9,0.000,0.8006,1
3382,269,261.0,678.9,302.7,837.8,0.000,0.7855,1
3383,444,151.2,658.4,186.8,785.0,0.000,0.7652,1
3383,414,111.4,668.9,142.4,773.8,0.000,0.7554,1
3383,164,1062.4,715.4,1157.5,935.2,0.000,0.8166,1
3383,456,1783.0,663.9,1838.6,868.0,0.000,0.7595,1
3383,278,215.4,675.9,272.6,841.6,0.000,0.8033,1
3383,246,387.7,693.1,467.6,883.8,0.000,0.8169,1
3383,472,1669.3,675.2,1778.2,933.4,0.000,0.7831,1
3383,491,748.6,733.3,777.5,804.6,0.000,0.5773,1
3383,347,1575.5,720.0,1626.5,879.1,0.000,0.7077,1
3383,519,298.0,678.4,339.8,832.3,0.000,0.8006,1
3383,269,259.5,678.9,300.4,840.2,0.000,0.7855,1
3383,284,317.8,687.0,377.9,862.3,0.000,0.8056,1
3384,444,151.2,658.6,186.8,785.0,0.000,0.7650,1
3384,414,111.6,669.1,142.5,773.8,0.000,0.7553,1
3384,164,1063.8,713.5,1162.5,935.4,0.000,0.8161,1
3384,456,1783.2,663.9,1839.1,868.6,0.000,0.7595,1
3384,278,211.8,676.5,269.1,843.3,0.000,0.8034,1
3384,246,380.5,694.3,459.7,884.2,0.000,0.8174,1
3384,472,1670.4,674.2,1777.7,930.0,0.000,0.7821,1
3384,491,747.1,733.2,775.9,804.2,0.000,0.5771,1
3384,347,1573.5,719.4,1626.4,880.6,0.000,0.7097,1
3384,519,297.0,678.7,338.8,835.8,0.000,0.8006,1
3384,269,256.5,677.2,297.0,841.2,0.000,0.7855,1
3384,284,313.2,688.4,372.5,862.8,0.000,0.8056,1
3385,444,151.3,658.5,186.9,784.9,0.000,0.7649,1
3385,414,111.5,668.7,142.5,773.8,0.000,0.7553,1
3385,164,1064.4,714.5,1165.2,936.1,0.000,0.8161,1
3385,456,1782.9,662.9,1839.3,868.9,0.000,0.7598,1
3385,278,209.3,676.9,265.3,841.0,0.000,0.8027,1
3385,246,374.4,695.4,454.0,884.8,0.000,0.8183,1
3385,472,1670.8,673.7,1777.0,927.9,0.000,0.7810,1
3385,491,748.0,733.4,776.3,804.1,0.000,0.5768,1
3385,347,1569.9,718.9,1624.6,881.8,0.000,0.7116,1
3385,519,295.4,678.6,338.4,843.6,0.000,0.8006,1
3385,269,253.1,678.8,294.0,843.4,0.000,0.7855,1
3385,284,309.8,689.5,369.4,862.7,0.000,0.8056,1
3386,444,151.4,658.7,187.3,785.2,0.000,0.7648,1
3386,414,111.3,667.4,142.6,774.2,0.000,0.7555,1
3386,164,1066.5,714.9,1168.9,936.0,0.000,0.8159,1
3386,456,1783.1,661.4,1840.0,868.9,0.000,0.7602,1
3386,278,206.6,672.2,263.5,839.6,0.000,0.8026,1
3386,246,370.4,695.7,451.1,885.1,0.000,0.8190,1
3386,472,1672.2,674.7,1776.7,925.9,0.000,0.7796,1
3386,491,747.4,733.5,775.7,804.1,0.000,0.5766,1
3386,347,1567.4,718.5,1622.8,881.7,0.000,0.7125,1
3386,284,307.8,691.4,368.0,864.2,0.000,0.8056,1
3387,444,151.7,658.9,187.7,785.4,0.000,0.7648,1
3387,414,111.6,668.7,142.6,774.1,0.000,0.7555,1
3387,164,1073.1,716.4,1175.7,935.8,0.000,0.8155,1
3387,456,1783.3,662.2,1839.9,868.4,0.000,0.7601,1
3387,246,367.9,695.9,449.6,885.1,0.000,0.8195,1
3387,472,1673.0,675.4,1776.3,924.2,0.000,0.7783,1
3387,491,746.1,733.6,774.8,804.2,0.000,0.5766,1
3387,347,1564.6,717.9,1619.9,880.6,0.000,0.7123,1
3387,284,306.5,691.8,368.5,866.5,0.000,0.8056,1
3387,269,248.5,682.7,287.7,840.9,0.000,0.7855,1
3388,444,152.0,658.9,188.2,785.3,0.000,0.7647,1
3388,414,111.5,670.1,142.2,774.1,0.000,0.7553,1
3388,164,1081.1,717.7,1183.9,935.4,0.000,0.8148,1
3388,456,1784.0,662.4,1840.6,868.2,0.000,0.7601,1
3388,246,365.0,695.4,448.2,884.7,0.000,0.8198,1
3388,472,1673.3,676.5,1776.1,924.5,0.000,0.7777,1
3388,491,746.1,733.8,774.9,804.0,0.000,0.5763,1
3388,347,1562.4,715.9,1618.1,880.6,0.000,0.7125,1
3388,284,304.2,694.2,365.6,864.6,0.000,0.8056,1
3388,269,247.0,682.6,285.8,839.9,0.000,0.7855,1
3388,262,1038.8,715.5,1124.2,920.1,0.000,0.7891,1
3389,444,151.5,658.9,187.8,785.3,0.000,0.7647,1
3389,414,111.2,671.5,141.6,774.1,0.000,0.7551,1
3389,164,1090.3,714.2,1194.2,934.7,0.000,0.8133,1
3389,456,1784.3,662.7,1840.9,868.2,0.000,0.7600,1
3389,246,362.8,696.6,446.8,885.0,0.000,0.8203,1
3389,472,1673.1,676.0,1776.0,924.6,0.000,0.7774,1
3389,491,746.4,733.4,775.6,804.0,0.000,0.5761,1
3389,347,1555.3,710.4,1614.0,882.3,0.000,0.7142,1
3389,284,300.2,688.4,362.6,861.6,0.000,0.8056,1
3389,269,246.2,682.7,284.9,839.5,0.000,0.7855,1
3389,262,1033.8,715.7,1120.4,920.1,0.000,0.7891,1
3389,278,199.0,665.9,256.7,835.2,0.000,0.8026,1
3390,444,151.3,658.6,187.9,785.5,0.000,0.7648,1
3390,414,110.8,669.0,141.9,774.0,0.000,0.7552,1
3390,164,1099.4,718.9,1200.2,934.7,0.000,0.8125,1
3390,456,1784.7,664.8,1840.8,867.5,0.000,0.7593,1
3390,246,358.8,696.1,443.9,886.0,0.000,0.8211,1
3390,472,1672.5,675.4,1776.2,926.7,0.000,0.7779,1
3390,491,746.9,733.1,776.4,804.4,0.000,0.5762,1
3390,347,1553.3,711.2,1612.2,882.8,0.000,0.7151,1
3390,284,298.1,686.5,360.5,860.4,0.000,0.8056,1
3390,262,1029.8,715.5,1118.7,920.7,0.000,0.7891,1
3390,278,196.3,665.4,254.1,835.0,0.000,0.8026,1
3391,444,150.9,658.7,187.2,785.0,0.000,0.7647,1
3391,414,110.5,668.5,141.8,773.9,0.000,0.7553,1
3391,164,1109.6,719.1,1206.9,933.1,0.000,0.8106,1
3391,456,1784.7,666.1,1840.6,867.1,0.000,0.7586,1
3391,246,354.1,695.8,436.9,882.0,0.000,0.8199,1
3391,472,1672.3,674.9,1776.3,927.9,0.000,0.7786,1
3391,491,747.0,733.0,776.5,804.5,0.000,0.5763,1
3391,284,295.6,684.8,357.2,858.1,0.000,0.8056,1
3391,262,1032.2,715.9,1127.2,925.3,0.000,0.7891,1
3391,278,194.5,666.3,251.7,834.1,0.000,0.8026,1
3392,444,151.1,658.8,187.4,784.9,0.000,0.7646,1
3392,414,110.3,666.6,142.1,774.1,0.000,0.7556,1
3392,164,1114.9,718.1,1210.4,934.3,0.000,0.8101,1
3392,456,1784.4,665.5,1840.6,866.8,0.000,0.7584,1
3392,246,348.8,693.2,429.9,878.7,0.000,0.8184,1
3392,472,1672.6,674.4,1776.6,928.4,0.000,0.7791,1
3392,491,747.1,733.2,776.6,804.6,0.000,0.5764,1
3392,284,293.8,685.9,352.7,854.4,0.000,0.8056,1
3392,262,1029.2,716.0,1126.2,924.4,0.000,0.7891,1
3392,278,192.8,668.3,249.3,834.0,0.000,0.8026,1
3392,269,241.6,680.3,279.9,834.8,0.000,0.7855,1
3393,444,150.5,659.2,186.4,784.4,0.000,0.7644,1
3393,414,110.3,666.5,142.1,774.0,0.000,0.7558,1
3393,164,1119.7,714.9,1214.1,934.8,0.000,0.8094,1
3393,456,1784.7,664.9,1841.0,866.7,0.000,0.7583,1
3393,246,345.2,691.5,424.1,876.3,0.000,0.8169,1
3393,472,1672.9,674.2,1776.1,927.0,0.000,0.7788,1
3393,491,747.7,733.2,776.9,804.5,0.000,0.5764,1
3393,284,289.3,687.1,346.4,851.2,0.000,0.8056,1
3393,262,1026.0,716.2,1124.7,923.6,0.000,0.7891,1
3393,278,190.6,669.4,246.7,832.9,0.000,0.8026,1
3393,347,1537.7,710.2,1596.5,882.3,0.000,0.7151,1
3394,444,150.6,659.3,186.6,784.9,0.000,0.7644,1
3394,414,110.4,665.9,142.3,774.0,0.000,0.7561,1
3394,164,1123.0,715.4,1215.1,934.9,0.000,0.8089,1
3394,456,1784.4,662.5,1841.4,866.7,0.000,0.7589,1
3394,246,336.7,687.4,414.4,873.4,0.000,0.8158,1
3394,472,1673.4,675.2,1775.6,925.9,0.000,0.7784,1
3394,491,747.6,733.1,776.8,804.5,0.000,0.5764,1
3394,284,286.3,687.8,342.8,851.6,0.000,0.8056,1
3394,262,1022.3,716.6,1121.5,922.7,0.000,0.7891,1
3394,347,1531.4,714.9,1590.2,885.1,0.000,0.7151,1
3395,444,151.4,658.3,187.7,785.1,0.000,0.7645,1
3395,414,110.2,665.7,142.2,773.7,0.000,0.7562,1
3395,164,1128.2,716.0,1219.6,935.2,0.000,0.8084,1
3395,456,1784.0,662.2,1841.0,866.7,0.000,0.7592,1
3395,246,331.7,686.3,407.2,872.0,0.000,0.8149,1
3395,472,1673.7,676.2,1775.1,925.5,0.000,0.7780,1
3395,491,747.3,732.7,776.5,804.4,0.000,0.5764,1
3395,541,943.5,719.3,971.6,758.3,0.000,0.3682,0
3395,540,1631.1,706.6,1664.0,847.0,0.000,0.6808,1
3395,284,283.9,686.7,340.6,853.1,0.000,0.8056,1
3395,262,1019.2,717.1,1118.1,922.0,0.000,0.7891,1
3395,347,1523.7,718.0,1583.8,886.7,0.000,0.7151,1
3395,278,189.8,669.8,247.5,833.3,0.000,0.8026,1
3396,444,151.8,658.0,188.4,785.2,0.000,0.7646,1
3396,414,109.9,665.7,141.8,773.3,0.000,0.7561,1
3396,164,1135.7,722.9,1225.2,935.4,0.000,0.8085,1
3396,456,1784.6,663.8,1841.2,867.2,0.000,0.7592,1
3396,246,326.6,685.9,400.2,871.5,0.000,0.8144,1
3396,472,1673.8,676.9,1774.8,925.3,0.000,0.7777,1
3396,491,747.1,733.0,776.2,804.4,0.000,0.5765,1
3396,541,943.4,719.5,971.4,758.2,0.000,0.3686,0
3396,540,1630.4,706.3,1663.6,847.4,0.000,0.6809,1
3396,284,282.2,683.3,338.7,850.6,0.000,0.8056,1
3396,262,1014.8,715.7,1113.1,921.3,0.000,0.7891,1
3396,347,1516.8,719.1,1578.9,886.5,0.000,0.7151,1
3396,278,188.0,668.1,247.8,833.4,0.000,0.8026,1
3397,444,152.3,658.3,189.1,785.5,0.000,0.7647,1
3397,414,109.4,664.5,141.7,773.4,0.000,0.7563,1
3397,164,1139.5,722.1,1230.6,935.0,0.000,0.8081,1
3397,456,1784.8,663.5,1841.6,867.0,0.000,0.7592,1
3397,246,322.6,685.6,394.9,872.0,0.000,0.8144,1
3397,472,1674.1,677.1,1776.0,928.9,0.000,0.7789,1
3397,491,747.5,733.1,776.3,804.3,0.000,0.5764,1
3397,541,943.5,719.3,971.5,758.1,0.000,0.3691,0
3397,540,1630.2,705.8,1663.5,847.3,0.000,0.6811,1
3397,284,277.1,685.4,330.7,847.7,0.000,0.8056,1
3397,262,1010.2,715.3,1106.3,920.6,0.000,0.7891,1
3397,347,1512.2,719.2,1577.1,887.8,0.000,0.7151,1
3397,278,186.5,670.0,247.2,833.8,0.000,0.8026,1
3398,444,152.1,658.0,189.0,785.7,0.000,0.7648,1
3398,414,109.6,665.5,141.4,773.0,0.000,0.7562,1
3398,164,1141.3,724.9,1232.6,934.6,0.000,0.8079,1
3398,456,1785.3,664.6,1842.0,867.2,0.000,0.7590,1
3398,246,317.7,685.8,389.4,872.2,0.000,0.8146,1
3398,472,1674.0,678.2,1775.2,928.4,0.000,0.7791,1
3398,491,748.4,733.3,777.0,804.5,0.000,0.5764,1
3398,541,943.4,719.3,971.5,758.1,0.000,0.3696,0
3398,540,1630.5,705.3,1664.2,847.2,0.000,0.6813,1
3398,284,272.4,682.2,326.1,846.5,0.000,0.7985,1
3398,262,1003.1,713.7,1097.2,920.8,0.000,0.7891,1
3398,347,1510.7,718.8,1578.0,887.7,0.000,0.7151,1
3398,278,183.8,668.6,245.6,832.5,0.000,0.8026,1
3399,444,152.2,657.9,189.1,786.0,0.000,0.7651,1
3399,414,109.6,665.3,141.2,772.6,0.000,0.7560,1
3399,164,1143.3,729.4,1233.7,934.0,0.000,0.8078,1
3399,456,1785.9,666.7,1842.6,867.1,0.000,0.7584,1
3399,246,311.8,685.3,383.7,872.4,0.000,0.8149,1
3399,472,1675.2,677.1,1777.0,930.6,0.000,0.7802,1
3399,491,748.6,733.1,777.2,804.6,0.000,0.5764,1
3399,541,943.5,719.6,971.3,758.1,0.000,0.3699,0
3399,540,1630.7,705.1,1664.7,847.3,0.000,0.6816,1
3399,284,267.0,679.8,321.0,846.3,0.000,0.7984,1
3399,262,995.7,712.9,1086.7,920.4,0.000,0.7891,1
3399,347,1508.6,720.3,1577.2,888.2,0.000,0.7151,1
3399,278,181.7,665.9,244.8,830.9,0.000,0.8026,1
3400,444,152.1,658.0,188.9,786.4,0.000,0.7653,1
3400,414,109.1,664.0,141.1,772.8,0.000,0.7562,1
3400,164,1143.8,720.7,1238.1,933.9,0.000,0.8071,1
3400,456,1784.7,666.7,1841.7,867.3,0.000,0.7582,1
3400,246,304.9,685.2,377.9,872.3,0.000,0.8154,1
3400,472,1676.4,676.2,1777.9,930.7,0.000,0.7807,1
3400,491,749.0,732.8,777.5,803.9,0.000,0.5760,1
3400,541,943.5,720.0,971.2,758.2,0.000,0.3701,0
3400,540,1630.5,705.3,1664.8,847.6,0.000,0.6819,1
3400,284,260.8,681.6,314.2,844.6,0.000,0.7978,1
3400,262,988.8,712.8,1076.9,921.1,0.000,0.7891,1
3400,347,1506.7,722.8,1575.9,889.0,0.000,0.7151,1
3400,278,177.2,664.6,239.1,828.5,0.000,0.8026,1
3401,444,151.5,658.1,188.5,787.6,0.000,0.7660,1
3401,414,108.8,663.1,141.2,773.1,0.000,0.7565,1
3401,164,1146.9,715.1,1242.9,934.0,0.000,0.8061,1
3401,456,1783.6,667.3,1840.7,867.7,0.000,0.7579,1
3401,246,299.8,686.1,374.1,872.5,0.000,0.8158,1
3401,472,1677.5,677.6,1778.0,930.8,0.000,0.7810,1
3401,491,749.3,732.8,777.7,803.3,0.000,0.5754,1
3401,541,943.4,720.0,971.3,758.5,0.000,0.3703,0
3401,540,1630.3,705.5,1664.5,847.4,0.000,0.6819,1
3401,262,985.2,713.4,1070.1,921.0,0.000,0.7891,1
3401,347,1504.2,725.5,1573.4,890.3,0.000,0.7151,1
3401,278,176.0,666.9,235.7,826.3,0.000,0.8026,1
3402,444,151.7,658.7,188.3,787.6,0.000,0.7662,1
3402,414,108.8,662.2,141.4,772.8,0.000,0.7566,1
3402,164,1152.4,713.0,1247.0,931.4,0.000,0.8036,1
3402,456,1782.7,667.6,1839.8,867.9,0.000,0.7576,1
3402,246,297.2,686.8,372.4,871.8,0.000,0.8158,1
3402,472,1676.9,678.2,1775.9,927.8,0.000,0.7801,1
3402,491,748.7,732.5,776.8,803.1,0.000,0.5749,1
3402,541,943.4,719.9,971.3,758.3,0.000,0.3704,0
3402,540,1630.3,706.2,1664.4,847.3,0.000,0.6817,1
3402,262,978.0,714.0,1061.6,921.0,0.000,0.7891,1
3402,347,1501.3,724.0,1570.6,889.7,0.000,0.7151,1
3402,278,175.0,671.3,231.9,824.3,0.000,0.8026,1
3402,269,219.6,669.9,258.5,826.9,0.000,0.7855,1
3402,284,251.4,677.5,305.2,841.2,0.000,0.7978,1
3403,444,149.5,657.5,185.8,786.0,0.000,0.7662,1
3403,414,108.8,662.6,141.4,773.1,0.000,0.7568,1
3403,164,1160.4,712.5,1252.1,928.6,0.000,0.8002,1
3403,456,1782.5,666.0,1840.2,868.4,0.000,0.7579,1
3403,246,295.0,686.9,371.5,871.0,0.000,0.8157,1
3403,472,1676.9,676.9,1776.9,929.8,0.000,0.7806,1
3403,491,748.2,732.5,775.9,802.6,0.000,0.5742,1
3403,541,943.7,719.8,971.3,757.7,0.000,0.3703,0
3403,540,1630.1,706.6,1664.1,847.1,0.000,0.6813,1
3403,262,969.0,713.9,1053.7,921.5,0.000,0.8058,1
3403,347,1498.2,724.8,1566.0,888.9,0.000,0.7151,1
3403,278,172.4,672.0,227.6,822.2,0.000,0.8026,1
3403,269,216.4,670.5,256.6,828.6,0.000,0.7855,1
3403,284,248.6,678.2,302.9,842.3,0.000,0.7978,1
3404,444,149.2,656.8,183.4,777.3,0.000,0.7634,1
3404,414,109.2,662.9,141.8,773.2,0.000,0.7569,1
3404,164,1169.8,712.1,1258.3,926.6,0.000,0.7967,1
3404,456,1783.5,665.6,1841.5,868.3,0.000,0.7580,1
3404,246,292.7,685.9,370.8,870.7,0.000,0.8157,1
3404,472,1676.7,679.2,1775.1,927.4,0.000,0.7797,1
3404,540,1629.9,706.6,1663.9,847.0,0.000,0.6810,1
3404,262,961.4,714.9,1047.8,921.7,0.000,0.8070,1
3404,347,1492.6,724.1,1559.5,889.8,0.000,0.7151,1
3404,278,169.6,670.3,224.5,821.3,0.000,0.8026,1
3404,284,247.8,678.3,302.7,842.5,0.000,0.7978,1
3405,414,109.2,662.6,142.1,773.3,0.000,0.7571,1
3405,164,1177.2,711.6,1263.5,926.4,0.000,0.7941,1
3405,456,1783.7,664.6,1842.4,868.3,0.000,0.7583,1
3405,246,291.3,685.1,370.2,869.2,0.000,0.8153,1
3405,472,1676.0,679.9,1774.0,926.2,0.000,0.7789,1
3405,540,1629.8,706.6,1663.7,846.9,0.000,0.6807,1
3405,262,956.2,716.7,1044.6,921.2,0.000,0.8079,1
3405,278,168.6,668.9,222.9,820.3,0.000,0.8026,1
3405,284,248.0,679.5,303.5,842.7,0.000,0.7978,1
3406,414,109.3,662.8,142.4,773.8,0.000,0.7573,1
3406,164,1185.2,712.5,1269.2,927.3,0.000,0.7926,1
3406,456,1782.5,664.1,1841.6,868.9,0.000,0.7586,1
3406,246,291.0,684.0,369.3,866.8,0.000,0.8144,1
3406,472,1676.7,680.5,1774.0,924.8,0.000,0.7780,1
3406,540,1629.7,706.6,1663.6,847.1,0.000,0.6806,1
3406,262,952.2,717.6,1042.7,921.1,0.000,0.8087,1
3406,278,166.5,667.3,220.7,820.1,0.000,0.8026,1
3406,284,248.3,679.9,305.7,844.8,0.000,0.7978,1
3406,347,1477.1,720.4,1544.8,890.8,0.000,0.7151,1
3407,414,109.1,663.8,141.9,773.6,0.000,0.7572,1
3407,164,1191.3,713.1,1273.6,927.8,0.000,0.7914,1
3407,456,1781.6,665.2,1840.7,868.6,0.000,0.7584,1
3407,246,285.9,680.9,364.0,864.4,0.000,0.8136,1
3407,472,1676.6,685.9,1773.3,928.0,0.000,0.7787,1
3407,540,1629.7,706.4,1663.7,847.0,0.000,0.6806,1
3407,262,949.4,718.1,1042.7,921.1,0.000,0.8094,1
3407,278,163.9,667.1,217.7,820.6,0.000,0.8026,1
3407,284,247.7,680.3,304.3,843.7,0.000,0.7978,1
3407,347,1470.4,720.2,1538.1,892.7,0.000,0.7151,1
3408,414,108.8,663.9,141.6,773.7,0.000,0.7573,1
3408,164,1195.9,714.4,1276.8,928.3,0.000,0.7909,1
3408,456,1781.8,665.5,1840.8,867.8,0.000,0.7582,1
3408,246,281.9,678.7,358.5,861.0,0.000,0.8123,1
3408,472,1678.5,688.9,1772.9,924.2,0.000,0.7773,1
3408,540,1629.6,706.0,1663.7,847.1,0.000,0.6807,1
3408,262,945.4,717.8,1041.3,920.7,0.000,0.8098,1
3408,278,162.5,666.4,215.8,820.7,0.000,0.8026,1
3408,284,246.7,682.6,302.7,844.0,0.000,0.7978,1
3408,347,1466.0,719.2,1534.1,893.9,0.000,0.7151,1
3408,269,206.2,666.9,246.7,825.6,0.000,0.7855,1
3409,414,108.7,663.9,141.5,773.7,0.000,0.7573,1
3409,164,1202.4,714.4,1283.6,928.0,0.000,0.7901,1
3409,456,1782.5,665.8,1841.3,867.3,0.000,0.7579,1
3409,246,278.5,676.9,353.0,859.2,0.000,0.8112,1
3409,472,1678.7,688.6,1773.3,923.6,0.000,0.7767,1
3409,540,1629.4,705.9,1663.5,846.9,0.000,0.6808,1
3409,262,941.1,717.2,1039.0,920.6,0.000,0.8103,1
3409,284,247.1,682.9,303.6,845.9,0.000,0.7978,1
3409,347,1458.9,719.1,1527.5,894.4,0.000,0.7151,1
3409,269,203.6,667.7,243.1,823.2,0.000,0.7855,1
3410,414,108.7,662.4,141.8,773.5,0.000,0.7575,1
3410,164,1209.1,714.5,1291.9,927.5,0.000,0.7893,1
3410,456,1781.5,664.7,1840.8,867.9,0.000,0.7581,1
3410,246,276.3,674.4,348.7,857.2,0.000,0.8101,1
3410,540,1629.5,705.4,1663.8,846.9,0.000,0.6810,1
3410,262,937.2,714.8,1036.9,920.5,0.000,0.8106,1
3410,284,243.8,678.9,300.9,845.1,0.000,0.7978,1
3410,347,1454.2,721.3,1522.8,894.6,0.000,0.7151,1
3410,269,201.1,669.1,239.8,821.6,0.000,0.7855,1
3411,414,108.9,662.2,142.2,773.8,0.000,0.7577,1
3411,164,1214.2,714.2,1299.5,927.4,0.000,0.7886,1
3411,456,1781.6,663.5,1840.9,867.8,0.000,0.7584,1
3411,540,1629.4,705.2,1663.7,847.0,0.000,0.6813,1
3411,262,933.6,715.4,1032.4,919.8,0.000,0.8107,1
3411,347,1448.3,724.1,1517.5,895.4,0.000,0.7151,1
3411,278,156.8,655.2,213.9,821.4,0.000,0.8026,1
3411,472,1675.8,681.0,1774.6,926.5,0.000,0.7767,1
3412,414,109.3,662.9,142.5,773.3,0.000,0.7575,1
3412,164,1216.0,713.1,1304.2,927.0,0.000,0.7879,1
3412,456,1781.5,663.0,1840.7,867.8,0.000,0.7587,1
3412,540,1629.3,705.2,1663.7,847.0,0.000,0.6815,1
3412,262,929.6,713.8,1028.0,919.5,0.000,0.8107,1
3412,347,1443.3,723.4,1514.5,896.0,0.000,0.7151,1
3412,278,156.5,656.2,211.5,818.2,0.000,0.8026,1
3412,472,1674.4,679.1,1774.5,927.4,0.000,0.7767,1
3412,246,272.0,674.8,342.3,856.0,0.000,0.8101,1
3413,414,109.1,661.1,143.1,774.0,0.000,0.7580,1
3413,164,1217.9,714.7,1307.8,927.0,0.000,0.7875,1
3413,456,1781.4,663.4,1840.4,867.8,0.000,0.7588,1
3413,540,1629.4,705.3,1663.6,846.9,0.000,0.6815,1
3413,262,925.2,716.0,1020.8,919.6,0.000,0.8111,1
3413,347,1438.2,723.2,1512.2,897.1,0.000,0.7151,1
3413,278,155.2,654.8,211.2,819.3,0.000,0.8026,1
3413,472,1675.0,679.7,1773.8,923.8,0.000,0.7767,1
3413,246,270.0,675.2,339.0,856.1,0.000,0.8101,1
3413,284,232.9,676.6,289.1,843.9,0.000,0.7978,1
3414,414,108.6,661.4,142.7,774.5,0.000,0.7584,1
3414,164,1218.8,717.1,1309.6,926.8,0.000,0.7873,1
3414,456,1780.7,663.8,1839.5,867.6,0.000,0.7587,1
3414,540,1630.1,705.6,1664.3,846.8,0.000,0.6814,1
3414,262,919.0,716.0,1012.0,919.8,0.000,0.8117,1
3414,347,1435.9,723.9,1511.3,897.9,0.000,0.7151,1
3414,472,1674.6,682.3,1773.8,926.9,0.000,0.7767,1
3414,246,262.3,676.7,329.4,856.7,0.000,0.8101,1
3414,284,230.1,677.2,286.0,845.8,0.000,0.7978,1
3415,164,1220.6,716.5,1312.7,926.7,0.000,0.7870,1
3415,456,1779.6,663.8,1838.7,868.0,0.000,0.7589,1
3415,540,1630.7,705.8,1664.7,846.3,0.000,0.6811,1
3415,262,912.8,718.4,1002.2,920.5,0.000,0.8128,1
3415,347,1432.7,726.3,1508.6,898.1,0.000,0.7151,1
3415,472,1674.4,685.4,1773.6,929.5,0.000,0.7767,1
3415,246,256.2,675.7,323.0,858.0,0.000,0.8101,1
3415,284,229.0,677.2,282.7,841.9,0.000,0.7978,1
3415,269,193.3,663.7,231.3,817.7,0.000,0.7855,1
3415,278,151.4,655.9,206.0,817.7,0.000,0.8026,1
3416,164,1224.1,717.0,1316.4,927.0,0.000,0.7870,1
3416,456,1780.3,663.8,1839.4,868.4,0.000,0.7590,1
3416,540,1630.2,706.5,1664.1,846.5,0.000,0.6808,1
3416,262,906.5,716.8,993.6,920.2,0.000,0.8136,1
3416,347,1425.3,722.9,1503.9,898.1,0.000,0.7151,1
3416,472,1674.2,685.3,1773.6,929.1,0.000,0.7767,1
3416,284,227.3,676.4,280.0,840.6,0.000,0.7978,1
3416,278,152.0,666.6,202.7,816.3,0.000,0.8026,1
3417,164,1229.4,715.8,1321.3,926.6,0.000,0.7866,1
3417,456,1780.6,664.2,1839.5,868.5,0.000,0.7590,1
3417,540,1629.8,706.1,1663.8,846.8,0.000,0.6809,1
3417,262,901.9,713.9,987.3,920.1,0.000,0.8143,1
3417,347,1422.2,720.8,1501.5,898.2,0.000,0.7151,1
3417,472,1675.0,685.4,1773.9,927.7,0.000,0.7767,1
3417,284,225.0,676.0,276.1,838.0,0.000,0.7978,1
3417,278,149.9,658.8,202.6,816.2,0.000,0.8026,1
3417,414,108.8,663.3,142.3,773.9,0.000,0.7584,1
3417,269,190.8,666.8,227.1,817.0,0.000,0.7855,1
3418,164,1235.4,714.3,1326.2,926.6,0.000,0.7862,1
3418,456,1781.6,663.6,1840.4,868.5,0.000,0.7591,1
3418,540,1630.0,706.1,1663.9,846.8,0.000,0.6808,1
3418,262,898.2,716.9,981.1,920.4,0.000,0.8151,1
3418,347,1421.0,719.1,1499.3,897.9,0.000,0.7151,1
3418,472,1674.4,685.2,1774.3,929.7,0.000,0.7767,1
3418,284,222.5,676.6,272.3,836.6,0.000,0.7978,1
3418,278,148.6,656.0,201.0,814.7,0.000,0.8026,1
3418,414,109.1,664.2,142.3,773.8,0.000,0.7584,1
3418,269,190.6,668.7,227.2,819.5,0.000,0.7855,1
3418,246,244.5,678.6,310.6,857.0,0.000,0.8101,1
3419,164,1243.1,712.5,1332.2,926.8,0.000,0.7857,1
3419,456,1782.0,664.1,1840.5,868.7,0.000,0.7591,1
3419,540,1630.1,706.0,1663.9,846.8,0.000,0.6809,1
3419,262,891.8,718.5,974.1,920.4,0.000,0.8159,1
3419,347,1415.0,716.9,1492.4,897.7,0.000,0.7151,1
3419,472,1674.0,683.2,1774.4,928.8,0.000,0.7767,1
3419,284,220.6,677.1,269.4,836.0,0.000,0.7978,1
3419,278,147.6,655.6,199.6,815.1,0.000,0.8026,1
3419,414,108.6,663.9,141.9,773.9,0.000,0.7584,1
3419,246,241.1,678.5,308.0,856.3,0.000,0.8101,1
3420,164,1252.0,715.2,1336.9,925.4,0.000,0.7847,1
3420,456,1782.7,664.9,1840.5,867.9,0.000,0.7587,1
3420,540,1630.1,706.5,1663.8,846.7,0.000,0.6807,1
3420,262,883.4,720.1,966.7,920.4,0.000,0.8169,1
3420,347,1412.9,715.7,1488.8,897.7,0.000,0.7151,1
3420,472,1675.0,682.5,1775.0,927.4,0.000,0.7767,1
3420,284,216.8,675.1,264.1,830.3,0.000,0.7978,1
3420,278,147.1,660.6,197.0,814.6,0.000,0.8026,1
3420,414,108.2,666.8,140.7,774.0,0.000,0.7584,1
3420,246,238.8,674.9,307.1,855.7,0.000,0.8101,1
3421,164,1260.7,718.0,1341.6,924.5,0.000,0.7838,1
3421,456,1783.4,666.2,1840.4,867.6,0.000,0.7582,1
3421,540,1630.8,706.9,1664.2,846.0,0.000,0.6802,1
3421,262,875.1,720.1,961.1,920.4,0.000,0.8179,1
3421,347,1410.8,714.4,1484.9,897.2,0.000,0.7327,1
3421,472,1674.7,683.3,1774.3,926.4,0.000,0.7767,1
3421,284,214.0,675.1,260.9,831.0,0.000,0.7978,1
3421,278,145.8,659.2,195.8,814.4,0.000,0.8026,1
3421,414,107.6,667.9,139.8,773.8,0.000,0.7584,1
3421,246,238.7,672.9,308.1,855.5,0.000,0.8101,1
3422,164,1266.0,718.4,1344.9,925.1,0.000,0.7836,1
3422,456,1783.7,666.0,1840.5,867.5,0.000,0.7580,1
3422,540,1630.8,707.8,1664.0,846.0,0.000,0.6796,1
3422,262,868.7,718.4,958.6,920.7,0.000,0.8189,1
3422,472,1673.1,682.6,1773.5,927.1,0.000,0.7767,1
3422,284,212.1,672.7,259.2,831.6,0.000,0.7978,1
3422,278,144.5,660.8,193.6,813.0,0.000,0.8026,1
3422,414,107.9,668.2,140.1,774.4,0.000,0.7584,1
3422,246,237.0,672.4,306.0,854.5,0.000,0.8101,1
3422,269,186.3,667.2,223.2,816.9,0.000,0.7855,1
3423,164,1271.3,718.8,1348.8,925.2,0.000,0.7834,1
3423,456,1782.2,665.6,1839.3,867.6,0.000,0.7580,1
3423,540,1630.9,708.8,1663.8,846.3,0.000,0.6790,1
3423,262,863.0,719.1,955.9,921.4,0.000,0.8202,1
3423,472,1672.9,684.6,1773.2,927.9,0.000,0.7767,1
3423,284,210.4,669.4,258.0,832.7,0.000,0.7978,1
3423,278,144.2,666.8,191.4,812.3,0.000,0.8026,1
3423,414,108.3,667.4,141.2,774.9,0.000,0.7584,1
3423,246,234.0,671.7,301.3,851.5,0.000,0.8101,1
3423,269,184.3,668.9,220.5,815.7,0.000,0.7855,1
3423,541,942.0,719.6,970.8,759.1,0.000,0.3703,0
3423,347,1399.1,715.1,1472.2,897.7,0.000,0.7327,1
3424,164,1277.2,720.1,1354.3,925.9,0.000,0.7838,1
3424,456,1780.4,666.4,1837.9,868.1,0.000,0.7578,1
3424,540,1631.0,709.6,1663.7,846.1,0.000,0.6782,1
3424,262,859.3,718.2,955.4,921.1,0.000,0.8209,1
3424,472,1673.2,686.0,1773.0,927.6,0.000,0.7767,1
3424,284,208.1,667.8,255.4,833.4,0.000,0.7978,1
3424,278,142.5,665.2,190.3,811.5,0.000,0.8026,1
3424,414,108.5,664.9,142.7,775.8,0.000,0.7584,1
3424,269,183.7,669.1,220.6,817.5,0.000,0.7855,1
3424,541,942.2,719.5,970.9,758.9,0.000,0.3703,0
3424,347,1390.2,716.5,1463.5,898.6,0.000,0.7327,1
3425,164,1283.2,718.9,1361.7,925.5,0.000,0.7836,1
3425,456,1781.6,665.5,1839.2,868.1,0.000,0.7579,1
3425,540,1631.2,710.3,1663.7,846.1,0.000,0.6774,1
3425,262,855.5,719.0,953.9,920.9,0.000,0.8214,1
3425,472,1673.6,686.7,1773.2,927.1,0.000,0.7767,1
3425,284,206.2,668.5,252.9,834.3,0.000,0.7978,1
3425,278,140.5,670.3,186.5,809.2,0.000,0.8026,1
3425,414,109.4,664.6,144.0,775.5,0.000,0.7584,1
3425,269,182.6,668.9,219.6,816.3,0.000,0.7855,1
3425,541,942.3,719.7,971.0,758.8,0.000,0.3703,0
3425,347,1382.3,717.3,1456.3,897.3,0.000,0.7327,1
3426,164,1286.7,718.5,1367.1,926.2,0.000,0.7839,1
3426,456,1781.6,664.7,1839.4,868.1,0.000,0.7581,1
3426,540,1631.1,710.1,1663.8,846.4,0.000,0.6770,1
3426,262,851.1,719.5,951.1,921.2,0.000,0.8221,1
3426,472,1672.9,687.8,1773.5,928.8,0.000,0.7791,1
3426,278,138.7,669.4,185.5,809.1,0.000,0.8026,1
3426,414,110.0,664.1,145.1,775.7,0.000,0.7584,1
3426,269,180.5,666.0,217.2,812.4,0.000,0.7855,1
3426,541,942.3,719.8,970.9,758.7,0.000,0.3703,0
3426,347,1376.4,718.6,1452.0,897.3,0.000,0.7327,1
3427,164,1288.5,719.8,1369.9,925.8,0.000,0.7840,1
3427,456,1781.4,666.2,1839.1,868.7,0.000,0.7579,1
3427,540,1630.7,709.1,1663.7,846.6,0.000,0.6769,1
3427,262,846.3,717.9,947.7,921.1,0.000,0.8227,1
3427,472,1674.7,690.5,1775.0,930.1,0.000,0.7799,1
3427,278,135.6,666.3,183.6,809.3,0.000,0.8026,1
3427,269,177.5,664.2,215.5,814.6,0.000,0.7855,1
3427,541,942.3,719.7,971.1,758.7,0.000,0.3703,0
3427,347,1373.2,720.8,1450.6,898.6,0.000,0.7327,1
3427,284,201.4,667.6,246.7,832.5,0.000,0.7978,1
3428,164,1289.6,721.3,1371.7,925.5,0.000,0.7839,1
3428,456,1781.6,667.8,1839.2,868.8,0.000,0.7575,1
3428,540,1630.7,708.2,1663.8,846.6,0.000,0.6771,1
3428,262,841.6,716.4,943.0,920.5,0.000,0.8229,1
3428,472,1674.8,689.8,1775.6,930.0,0.000,0.7802,1
3428,278,133.8,665.1,182.1,809.0,0.000,0.8026,1
3428,541,942.5,719.6,971.2,758.6,0.000,0.3703,0
3428,347,1375.6,721.7,1453.4,898.5,0.000,0.7327,1
3428,284,201.3,670.1,244.6,830.4,0.000,0.7978,1
3428,414,109.1,665.2,143.6,774.7,0.000,0.7584,1
3429,164,1291.9,725.8,1373.6,926.0,0.000,0.7846,1
3429,456,1781.2,668.4,1838.9,869.7,0.000,0.7573,1
3429,540,1630.9,707.4,1664.1,846.5,0.000,0.6773,1
3429,262,837.7,716.5,937.6,920.2,0.000,0.8231,1
3429,472,1674.6,684.2,1777.3,929.5,0.000,0.7802,1
3429,554,301.7,678.6,336.8,832.1,0.000,0.7807,1
3429,278,132.5,666.3,179.7,805.8,0.000,0.8026,1
3429,541,942.7,719.9,971.3,758.6,0.000,0.3703,0
3429,347,1376.8,723.1,1454.3,897.8,0.000,0.7327,1
3429,284,198.7,666.9,242.9,835.4,0.000,0.7978,1
3429,414,108.7,663.9,143.4,774.6,0.000,0.7584,1
3429,269,169.4,665.9,207.2,814.0,0.000,0.7855,1
3430,164,1295.3,726.4,1377.1,926.5,0.000,0.7853,1
3430,456,1782.5,668.6,1840.1,869.5,0.000,0.7570,1
3430,540,1631.0,707.3,1664.1,846.5,0.000,0.6775,1
3430,262,832.8,717.6,930.1,920.1,0.000,0.8235,1
3430,472,1672.9,686.5,1774.9,929.8,0.000,0.7804,1
3430,554,301.1,678.2,336.7,832.0,0.000,0.7807,1
3430,278,130.3,659.3,179.6,806.1,0.000,0.7876,1
3430,541,942.9,720.0,971.4,758.5,0.000,0.3703,0
3430,347,1375.5,721.1,1453.7,897.4,0.000,0.7327,1
3430,269,166.7,665.4,204.7,812.9,0.000,0.7855,1
3431,164,1299.9,721.2,1382.4,925.0,0.000,0.7846,1
3431,456,1786.1,669.2,1842.3,868.1,0.000,0.7563,1
3431,540,1631.1,707.7,1664.0,846.6,0.000,0.6775,1
3431,262,825.4,715.1,921.0,920.2,0.000,0.8240,1
3431,472,1672.6,683.9,1775.5,930.1,0.000,0.7806,1
3431,554,300.7,677.8,336.9,832.2,0.000,0.7809,1
3431,278,129.6,658.9,178.9,805.9,0.000,0.7878,1
3431,541,943.1,720.3,971.4,758.5,0.000,0.3703,0
3431,347,1374.4,721.1,1452.3,897.6,0.000,0.7327,1
3431,269,167.4,666.6,205.1,812.4,0.000,0.7855,1
3431,246,199.0,667.0,263.1,840.6,0.000,0.8101,1
3432,164,1307.0,719.0,1387.9,922.4,0.000,0.7827,1
3432,456,1785.0,668.0,1841.1,867.4,0.000,0.7561,1
3432,540,1630.9,706.4,1664.1,846.7,0.000,0.6780,1
3432,262,818.1,713.3,911.1,920.4,0.000,0.8246,1
3432,472,1672.7,684.2,1775.0,929.7,0.000,0.7805,1
3432,554,300.9,677.8,337.2,832.1,0.000,0.7809,1
3432,278,129.6,655.7,179.4,804.2,0.000,0.7877,1
3432,541,943.2,721.0,970.7,758.2,0.000,0.3703,0
3432,347,1369.1,716.8,1448.0,897.9,0.000,0.7327,1
3432,269,167.3,665.5,204.9,811.0,0.000,0.7855,1
3432,246,194.1,664.9,258.4,840.0,0.000,0.8101,1
3432,284,190.2,668.5,232.0,830.7,0.000,0.7978,1
3432,414,106.9,663.4,142.0,777.0,0.000,0.7584,1
3433,164,1315.0,717.4,1394.5,920.9,0.000,0.7807,1
3433,456,1784.0,665.1,1840.6,867.2,0.000,0.7567,1
3433,540,1631.3,706.2,1664.3,846.2,0.000,0.6782,1
3433,262,812.4,712.2,901.8,920.1,0.000,0.8249,1
3433,472,1674.9,685.6,1775.8,928.3,0.000,0.7799,1
3433,554,301.0,677.7,337.5,831.8,0.000,0.7808,1
3433,278,128.5,657.0,177.8,804.5,0.000,0.7877,1
3433,541,943.4,721.2,970.8,758.1,0.000,0.3703,0
3433,347,1365.5,722.9,1441.5,897.8,0.000,0.7327,1
3433,269,165.1,667.2,202.2,810.0,0.000,0.7855,1
3433,246,190.3,664.1,256.0,842.3,0.000,0.8101,1
3434,164,1330.8,713.9,1413.2,920.1,0.000,0.7786,1
3434,456,1783.4,664.3,1840.1,867.1,0.000,0.7571,1
3434,540,1631.4,706.4,1664.4,846.2,0.000,0.6783,1
3434,262,808.4,711.4,895.3,920.3,0.000,0.8253,1
3434,472,1675.6,687.1,1774.9,925.8,0.000,0.7787,1
3434,554,300.9,678.1,337.5,831.5,0.000,0.7806,1
3434,278,126.8,663.8,173.5,804.5,0.000,0.7870,1
3434,541,943.4,721.0,970.8,757.9,0.000,0.3703,0
3434,269,162.0,668.3,199.4,810.0,0.000,0.7855,1
3434,246,188.6,667.3,254.5,844.4,0.000,0.8101,1
3435,164,1330.7,711.0,1413.2,919.6,0.000,0.7767,1
3435,456,1783.6,664.8,1840.3,867.2,0.000,0.7573,1
3435,540,1631.2,705.8,1664.3,846.5,0.000,0.6788,1
3435,262,800.0,708.2,887.5,920.4,0.000,0.8258,1
3435,472,1675.0,688.5,1773.1,924.1,0.000,0.7776,1
3435,554,300.7,678.4,337.5,831.5,0.000,0.7805,1
3435,278,125.4,660.2,173.0,804.5,0.000,0.7871,1
3435,541,943.5,720.8,971.1,757.9,0.000,0.3703,0
3435,269,158.5,660.4,198.4,810.8,0.000,0.7855,1
3435,246,187.4,668.3,253.9,844.9,0.000,0.8101,1
3436,164,1334.2,708.2,1416.7,921.0,0.000,0.7758,1
3436,456,1783.7,664.1,1840.7,867.4,0.000,0.7577,1
3436,540,1631.0,705.4,1664.3,846.5,0.000,0.6793,1
3436,262,792.2,710.2,879.8,920.7,0.000,0.8264,1
3436,472,1673.5,687.4,1772.3,924.7,0.000,0.7772,1
3436,554,300.6,678.4,337.7,831.6,0.000,0.7804,1
3436,278,125.6,660.5,173.1,804.4,0.000,0.7870,1
3436,541,943.6,720.6,971.3,757.8,0.000,0.3703,0
3436,269,158.4,657.5,199.0,811.3,0.000,0.7855,1
3436,246,186.1,669.0,253.4,845.3,0.000,0.8101,1
3437,164,1338.4,712.5,1418.3,921.4,0.000,0.7754,1
3437,456,1783.4,663.5,1840.5,867.5,0.000,0.7581,1
3437,540,1630.8,705.7,1664.1,846.7,0.000,0.6796,1
3437,262,782.7,709.8,872.7,920.4,0.000,0.8269,1
3437,472,1674.3,684.8,1774.0,923.8,0.000,0.7767,1
3437,554,300.7,678.5,338.0,831.6,0.000,0.7804,1
3437,278,123.8,663.0,169.8,803.4,0.000,0.7864,1
3437,541,943.7,720.7,971.4,757.8,0.000,0.3703,0
3437,246,185.4,667.3,253.8,845.2,0.000,0.8101,1
3438,164,1343.5,714.0,1423.4,921.3,0.000,0.7748,1
3438,456,1783.1,663.7,1840.0,866.9,0.000,0.7582,1
3438,540,1630.7,705.2,1664.1,846.7,0.000,0.6801,1
3438,262,777.4,712.3,869.0,920.5,0.000,0.8275,1
3438,554,300.4,678.7,338.0,831.8,0.000,0.7804,1
3438,278,122.0,661.8,168.3,803.8,0.000,0.7864,1
3438,541,943.7,720.5,971.5,757.9,0.000,0.3667,0
3438,246,184.6,665.0,253.9,844.7,0.000,0.8101,1
3438,269,156.2,655.9,196.0,807.3,0.000,0.7855,1
3439,164,1352.1,717.4,1432.2,921.1,0.000,0.7745,1
3439,456,1782.7,663.5,1839.5,866.9,0.000,0.7584,1
3439,540,1630.7,705.4,1664.1,846.7,0.000,0.6804,1
3439,262,773.3,712.5,867.5,920.6,0.000,0.8281,1
3439,554,300.3,678.9,338.0,831.6,0.000,0.7803,1
3439,278,120.5,661.2,166.6,803.0,0.000,0.7863,1
3439,541,943.7,720.1,971.6,757.9,0.000,0.3665,0
3439,246,183.2,664.8,251.3,842.2,0.000,0.8101,1
3439,269,156.4,656.5,195.2,805.0,0.000,0.7855,1
3440,164,1357.6,720.7,1438.9,921.4,0.000,0.7747,1
3440,456,1782.7,663.5,1839.6,867.3,0.000,0.7586,1
3440,540,1630.5,705.4,1663.9,846.7,0.000,0.6807,1
3440,262,771.6,716.5,866.9,920.8,0.000,0.8288,1
3440,554,299.9,678.1,338.0,831.8,0.000,0.7804,1
3440,278,118.0,661.8,163.5,802.3,0.000,0.7861,1
3440,541,943.7,720.2,971.6,758.0,0.000,0.3663,0
3440,557,252.4,683.0,289.4,818.5,0.000,0.7744,1
3440,246,181.0,664.9,246.4,837.1,0.000,0.8101,1
3440,269,155.7,655.9,194.4,804.3,0.000,0.7855,1
3440,347,1308.2,723.1,1386.1,905.4,0.000,0.7327,1
3440,472,1674.3,692.4,1772.5,926.6,0.000,0.7767,1
3441,164,1360.1,722.2,1443.2,921.3,0.000,0.7749,1
3441,456,1782.7,663.0,1839.7,867.3,0.000,0.7589,1
3441,540,1630.3,705.3,1663.8,846.8,0.000,0.6811,1
3441,262,768.3,716.7,865.9,921.1,0.000,0.8295,1
3441,554,299.6,678.2,338.1,832.0,0.000,0.7805,1
3441,278,116.6,662.7,161.8,802.8,0.000,0.7861,1
3441,541,943.7,720.3,971.6,758.0,0.000,0.3662,0
3441,557,252.3,683.0,289.3,817.9,0.000,0.7739,1
3441,269,154.8,655.5,193.0,803.3,0.000,0.7855,1
3441,347,1303.0,722.6,1382.1,908.0,0.000,0.7327,1
3441,472,1673.9,690.4,1773.2,925.8,0.000,0.7767,1
3442,164,1361.3,723.0,1446.5,921.9,0.000,0.7757,1
3442,456,1782.8,663.1,1839.8,867.6,0.000,0.7591,1
3442,540,1630.4,705.4,1663.8,846.9,0.000,0.6813,1
3442,262,764.7,718.0,863.4,921.1,0.000,0.8302,1
3442,554,299.3,679.2,337.9,832.1,0.000,0.7805,1
3442,278,115.2,663.8,159.9,802.3,0.000,0.7858,1
3442,541,943.7,720.2,971.6,758.1,0.000,0.3662,0
3442,557,252.1,683.2,289.1,817.6,0.000,0.7735,1
3442,269,153.5,655.1,191.3,803.2,0.000,0.7855,1
3442,347,1299.6,722.0,1380.0,909.3,0.000,0.7327,1
3442,472,1673.3,692.2,1772.5,926.8,0.000,0.7767,1
3443,164,1361.2,723.5,1448.1,921.6,0.000,0.7760,1
3443,456,1783.7,662.9,1840.5,867.7,0.000,0.7593,1
3443,540,1630.8,705.6,1664.0,846.5,0.000,0.6813,1
3443,262,760.8,719.0,859.7,920.7,0.000,0.8307,1
3443,554,297.1,679.1,336.4,831.7,0.000,0.7805,1
3443,278,112.6,659.5,158.4,802.0,0.000,0.7862,1
3443,541,943.5,719.9,971.7,758.2,0.000,0.3663,0
3443,557,251.8,683.0,289.1,817.7,0.000,0.7733,1
3443,269,151.8,654.8,189.7,805.1,0.000,0.7855,1
3443,347,1296.2,721.3,1377.0,908.3,0.000,0.7327,1
3443,472,1672.8,691.3,1772.7,927.1,0.000,0.7767,1
3444,164,1362.7,724.2,1450.3,921.3,0.000,0.7763,1
3444,456,1784.8,663.1,1841.0,867.2,0.000,0.7593,1
3444,540,1630.8,705.6,1664.1,846.6,0.000,0.6814,1
3444,262,757.2,721.1,854.9,920.4,0.000,0.8312,1
3444,554,296.7,679.2,336.4,831.3,0.000,0.7804,1
3444,278,111.1,662.1,156.0,802.1,0.000,0.7862,1
3444,541,943.5,719.9,971.7,758.1,0.000,0.3665,0
3444,557,252.5,683.1,290.1,818.0,0.000,0.7732,1
3444,269,151.3,654.6,189.2,807.0,0.000,0.7855,1
3444,347,1295.9,721.7,1376.6,907.7,0.000,0.7327,1
3444,472,1673.9,693.4,1772.4,926.0,0.000,0.7767,1
3445,164,1369.1,724.1,1456.2,920.5,0.000,0.7760,1
3445,456,1785.0,663.3,1840.9,866.8,0.000,0.7592,1
3445,540,1630.7,706.4,1663.9,846.8,0.000,0.6812,1
3445,262,751.2,715.1,850.5,920.4,0.000,0.8313,1
3445,554,297.9,679.3,337.7,831.0,0.000,0.7802,1
3445,278,110.0,659.0,155.6,801.8,0.000,0.7865,1
3445,541,943.5,720.0,971.6,758.2,0.000,0.3666,0
3445,557,252.3,683.1,289.9,817.7,0.000,0.7730,1
3445,269,150.5,654.8,188.0,807.5,0.000,0.7855,1
3445,347,1293.5,719.8,1376.9,910.4,0.000,0.7327,1
3445,472,1664.7,725.8,1745.7,922.5,0.000,0.7767,1
3446,164,1373.8,723.2,1460.0,919.3,0.000,0.7751,1
3446,456,1786.5,663.2,1841.7,865.6,0.000,0.7590,1
3446,540,1630.7,706.6,1663.8,846.8,0.000,0.6810,1
3446,262,746.5,714.0,844.4,920.1,0.000,0.8315,1
3446,554,298.7,679.1,338.6,830.8,0.000,0.7800,1
3446,278,109.7,657.1,155.2,800.1,0.000,0.7864,1
3446,541,943.5,720.1,971.6,758.2,0.000,0.3668,0
3446,557,252.3,683.0,290.0,817.5,0.000,0.7728,1
3446,269,149.2,655.3,185.8,805.8,0.000,0.7855,1
3446,347,1293.3,717.6,1376.7,908.7,0.000,0.7327,1
3446,472,1659.3,725.5,1737.3,920.9,0.000,0.7767,1
3447,164,1379.4,721.6,1464.4,917.8,0.000,0.7737,1
3447,456,1787.5,662.7,1842.4,865.1,0.000,0.7591,1
3447,540,1630.9,706.7,1664.0,846.8,0.000,0.6809,1
3447,262,737.6,712.2,833.0,920.2,0.000,0.8318,1
3447,554,299.0,678.9,339.0,830.9,0.000,0.7799,1
3447,278,109.4,656.4,155.1,800.3,0.000,0.7866,1
3447,541,943.5,720.1,971.6,758.2,0.000,0.3669,0
3447,557,252.3,682.8,290.1,817.4,0.000,0.7727,1
3447,269,148.5,655.9,184.2,804.6,0.000,0.7855,1
3447,347,1291.1,717.7,1373.3,908.0,0.000,0.7327,1
3448,164,1387.3,721.5,1470.7,918.7,0.000,0.7734,1
3448,456,1788.4,663.1,1842.8,864.3,0.000,0.7589,1
3448,540,1631.1,707.1,1664.1,846.9,0.000,0.6807,1
3448,262,731.2,708.6,824.6,919.7,0.000,0.8316,1
3448,554,298.1,679.0,338.2,831.0,0.000,0.7798,1
3448,278,108.5,655.5,154.3,800.0,0.000,0.7867,1
3448,541,943.5,720.3,971.5,758.1,0.000,0.3671,0
3448,557,252.5,682.9,290.3,817.4,0.000,0.7725,1
3448,269,148.1,655.3,183.4,804.2,0.000,0.7855,1
3448,347,1284.3,714.6,1366.5,907.9,0.000,0.7327,1
3449,164,1395.6,721.2,1476.8,918.3,0.000,0.7727,1
3449,456,1788.4,664.3,1842.4,865.0,0.000,0.7588,1
3449,540,1631.1,707.4,1664.0,847.0,0.000,0.6804,1
3449,262,725.1,708.8,815.1,920.1,0.000,0.8320,1
3449,554,298.6,678.5,338.7,830.8,0.000,0.7798,1
3449,278,108.2,657.0,152.2,796.2,0.000,0.7855,1
3449,541,943.5,720.4,971.4,758.2,0.000,0.3672,0
3449,557,252.1,682.9,290.0,817.3,0.000,0.7725,1
3449,347,1279.9,713.3,1360.1,907.4,0.000,0.7327,1
3450,164,1402.5,720.9,1482.2,919.1,0.000,0.7725,1
3450,456,1788.7,664.0,1842.8,865.9,0.000,0.7590,1
3450,540,1631.8,708.6,1664.3,846.6,0.000,0.6797,1
3450,262,720.1,706.2,808.6,920.4,0.000,0.8322,1
3450,554,299.6,678.8,339.2,830.4,0.000,0.7795,1
3450,278,107.1,657.7,151.2,798.4,0.000,0.7855,1
3450,541,943.5,720.2,971.6,758.3,0.000,0.3674,0
3450,557,251.4,682.9,289.2,816.6,0.000,0.7722,1
3450,347,1276.3,711.5,1354.3,907.0,0.000,0.7327,1
3450,246,148.8,653.9,213.4,829.2,0.000,0.8101,1
3451,164,1408.7,720.7,1486.8,919.2,0.000,0.7724,1
3451,456,1788.0,663.7,1842.3,866.6,0.000,0.7593,1
3451,540,1632.0,708.5,1664.5,846.5,0.000,0.6792,1
3451,262,717.5,708.2,803.6,920.8,0.000,0.8327,1
3451,554,300.5,679.3,339.6,830.1,0.000,0.7792,1
3451,278,106.0,656.6,150.3,799.1,0.000,0.7858,1
3451,541,943.5,719.9,971.7,758.3,0.000,0.3676,0
3451,557,252.3,682.8,290.0,816.4,0.000,0.7719,1
3451,347,1273.1,711.5,1348.9,907.0,0.000,0.7327,1
3451,246,148.6,653.9,211.3,828.8,0.000,0.8101,1
3452,164,1414.4,722.3,1491.0,920.0,0.000,0.7727,1
3452,456,1787.0,663.2,1841.5,866.9,0.000,0.7596,1
3452,540,1631.9,708.9,1664.3,846.5,0.000,0.6786,1
3452,262,710.9,706.6,797.2,920.2,0.000,0.8328,1
3452,554,301.1,679.9,339.9,830.4,0.000,0.7790,1
3452,278,105.4,657.6,149.2,799.4,0.000,0.7859,1
3452,541,943.5,720.0,971.5,758.3,0.000,0.3678,0
3452,557,252.1,682.8,289.7,816.4,0.000,0.7718,1
3452,347,1269.7,715.2,1342.9,907.3,0.000,0.7327,1
3453,164,1419.7,727.5,1494.1,920.7,0.000,0.7734,1
3453,456,1787.0,662.8,1841.6,867.2,0.000,0.7599,1
3453,540,1631.3,708.7,1663.8,846.7,0.000,0.6784,1
3453,262,703.5,708.0,790.4,919.9,0.000,0.8330,1
3453,554,301.6,680.2,340.2,831.0,0.000,0.7790,1
3453,278,105.4,657.5,148.8,798.5,0.000,0.7857,1
3453,541,943.5,720.0,971.6,758.3,0.000,0.3680,0
3453,557,251.6,682.6,289.4,816.6,0.000,0.7717,1
3453,347,1261.7,716.3,1334.2,907.7,0.000,0.7327,1
3454,164,1424.3,730.6,1498.1,920.8,0.000,0.7742,1
3454,456,1786.7,662.9,1841.4,867.7,0.000,0.7600,1
3454,540,1631.3,708.8,1663.7,846.6,0.000,0.6780,1
3454,262,696.7,709.2,785.4,920.1,0.000,0.8335,1
3454,554,302.1,680.1,340.4,831.4,0.000,0.7791,1
3454,278,104.9,658.0,147.9,798.2,0.000,0.7855,1
3454,541,943.5,719.6,971.8,758.4,0.000,0.3684,0
3454,557,251.7,682.4,289.4,816.7,0.000,0.7718,1
3454,347,1252.4,715.8,1326.2,907.8,0.000,0.7327,1
3455,164,1427.2,730.9,1501.6,920.4,0.000,0.7746,1
3455,456,1786.4,663.2,1840.8,867.9,0.000,0.7601,1
3455,540,1630.9,708.7,1663.5,846.4,0.000,0.6777,1
3455,262,690.7,710.4,781.4,919.7,0.000,0.8338,1
3455,554,302.4,680.8,340.5,832.7,0.000,0.7794,1
3455,278,104.9,657.8,147.1,796.3,0.000,0.7849,1
3455,541,943.5,719.4,971.9,758.4,0.000,0.3687,0
3455,557,251.8,682.7,289.3,816.5,0.000,0.7717,1
3455,347,1244.0,717.2,1319.3,907.8,0.000,0.7544,1
3456,164,1429.6,728.5,1505.6,919.8,0.000,0.7745,1
3456,456,1785.4,662.4,1840.2,868.5,0.000,0.7604,1
3456,540,1630.7,707.0,1663.7,846.2,0.000,0.6779,1
3456,262,686.1,710.5,779.4,919.3,0.000,0.8340,1
3456,554,302.0,680.8,340.0,833.4,0.000,0.7799,1
3456,278,104.7,658.0,146.3,795.2,0.000,0.7842,1
3456,541,943.6,719.3,972.0,758.3,0.000,0.3692,0
3456,557,251.9,682.8,289.3,816.3,0.000,0.7715,1
3456,572,221.0,677.3,250.3,800.2,0.000,0.7614,1
3456,347,1236.7,717.7,1314.5,907.6,0.000,0.7547,1
3456,472,1649.7,699.3,1735.6,929.6,0.000,0.7767,1
3457,164,1431.7,727.2,1508.5,919.6,0.000,0.7744,1
3457,456,1785.4,662.5,1840.1,869.2,0.000,0.7606,1
3457,540,1630.9,706.4,1663.8,845.7,0.000,0.6780,1
3457,262,682.6,712.8,777.7,919.4,0.000,0.8345,1
3457,554,302.0,681.0,340.0,834.6,0.000,0.7805,1
3457,278,104.7,658.7,145.0,793.0,0.000,0.7830,1
3457,541,943.8,719.6,971.8,758.3,0.000,0.3694,0
3457,557,251.8,682.7,289.3,816.3,0.000,0.7715,1
3457,572,220.5,676.0,250.4,800.3,0.000,0.7616,1
3457,347,1232.3,719.6,1312.2,907.5,0.000,0.7550,1
3457,472,1650.4,696.9,1733.1,930.0,0.000,0.7767,1
3458,164,1434.1,727.6,1511.5,919.8,0.000,0.7746,1
3458,456,1786.1,662.1,1840.5,869.1,0.000,0.7607,1
3458,540,1630.6,706.0,1663.8,845.8,0.000,0.6783,1
3458,262,679.3,714.0,775.6,919.3,0.000,0.8349,1
3458,554,302.1,680.8,340.0,835.7,0.000,0.7813,1
3458,278,104.1,659.5,143.9,793.5,0.000,0.7824,1
3458,541,943.9,719.7,971.8,758.3,0.000,0.3695,0
3458,557,252.0,682.8,289.5,816.5,0.000,0.7715,1
3458,572,220.3,674.3,250.8,800.0,0.000,0.7619,1
3458,347,1229.2,720.5,1311.7,908.0,0.000,0.7557,1
3458,472,1651.9,696.9,1731.0,929.4,0.000,0.7767,1
3459,164,1437.1,725.3,1515.0,919.9,0.000,0.7745,1
3459,456,1785.9,662.3,1840.1,868.8,0.000,0.7607,1
3459,540,1631.5,705.8,1664.8,845.7,0.000,0.6785,1
3459,262,675.7,714.7,772.7,919.2,0.000,0.8353,1
3459,554,302.5,680.8,340.3,836.8,0.000,0.7821,1
3459,278,103.9,658.9,143.4,793.5,0.000,0.7820,1
3459,541,943.8,719.6,971.7,758.4,0.000,0.3697,0
3459,557,251.7,683.2,289.2,816.6,0.000,0.7715,1
3459,572,220.4,676.3,250.5,799.9,0.000,0.7617,1
3459,347,1225.5,721.1,1310.3,908.2,0.000,0.7564,1
3459,472,1654.8,698.1,1730.5,928.3,0.000,0.7767,1
3460,164,1443.7,724.3,1519.4,915.7,0.000,0.7719,1
3460,456,1785.6,662.8,1839.7,869.3,0.000,0.7606,1
3460,540,1631.5,705.3,1664.9,845.5,0.000,0.6789,1
3460,262,670.9,714.1,767.2,916.9,0.000,0.8346,1
3460,554,302.8,680.7,340.2,836.9,0.000,0.7827,1
3460,278,104.3,658.6,143.2,793.3,0.000,0.7816,1
3460,541,943.9,719.8,971.6,758.3,0.000,0.3698,0
3460,557,251.2,683.2,288.8,816.8,0.000,0.7715,1
3460,572,220.0,678.0,250.1,800.0,0.000,0.7614,1
3460,347,1222.3,720.5,1309.1,908.9,0.000,0.7574,1
3460,472,1656.7,695.5,1730.7,927.4,0.000,0.7767,1
3461,164,1451.3,720.4,1526.2,913.2,0.000,0.7688,1
3461,456,1785.6,661.9,1839.7,869.5,0.000,0.7608,1
3461,540,1631.6,704.2,1665.2,845.4,0.000,0.6797,1
3461,262,666.2,711.8,761.7,914.7,0.000,0.8332,1
3461,554,303.1,680.5,340.0,836.5,0.000,0.7830,1
3461,541,943.9,719.9,971.6,758.4,0.000,0.3698,0
3461,557,251.1,683.4,288.7,817.0,0.000,0.7716,1
3461,572,216.4,675.6,247.9,800.1,0.000,0.7619,1
3461,347,1218.4,717.6,1307.1,909.0,0.000,0.7580,1
3462,164,1457.6,718.3,1531.0,911.5,0.000,0.7658,1
3462,456,1785.6,661.2,1839.7,869.5,0.000,0.7610,1
3462,540,1631.6,704.2,1664.8,844.7,0.000,0.6800,1
3462,262,660.3,712.4,753.7,914.0,0.000,0.8326,1
3462,554,303.3,681.1,340.0,836.9,0.000,0.7833,1
3462,541,943.8,719.9,971.6,758.4,0.000,0.3699,0
3462,557,251.3,683.3,289.3,817.4,0.000,0.7718,1
3462,572,215.5,678.4,247.3,800.2,0.000,0.7617,1
3462,347,1214.8,716.2,1303.8,908.9,0.000,0.7583,1
3462,278,102.2,659.4,139.4,791.8,0.000,0.7816,1
3463,164,1462.6,715.7,1535.8,911.7,0.000,0.7637,1
3463,456,1785.4,662.1,1839.1,869.2,0.000,0.7608,1
3463,540,1632.0,704.3,1664.9,844.4,0.000,0.6803,1
3463,262,652.9,714.5,743.5,913.8,0.000,0.8324,1
3463,554,303.7,681.6,340.0,837.1,0.000,0.7835,1
3463,541,944.0,719.9,971.5,758.3,0.000,0.3699,0
3463,557,252.0,683.3,290.1,817.4,0.000,0.7719,1
3463,572,214.6,680.3,246.6,800.1,0.000,0.7615,1
3463,347,1209.9,714.7,1298.0,908.8,0.000,0.7584,1
3463,278,101.7,658.6,137.8,791.1,0.000,0.7816,1
3464,164,1468.9,716.4,1540.3,911.2,0.000,0.7618,1
3464,540,1631.3,704.1,1664.2,844.8,0.000,0.6808,1
3464,262,645.1,709.8,735.0,913.5,0.000,0.8320,1
3464,554,303.9,682.3,339.8,837.0,0.000,0.7835,1
3464,541,944.0,719.6,971.6,758.2,0.000,0.3700,0
3464,557,252.6,683.1,290.8,817.2,0.000,0.7718,1
3464,572,215.1,678.2,248.3,799.9,0.000,0.7614,1
3464,347,1204.6,715.5,1290.2,909.6,0.000,0.7590,1
3464,278,101.8,657.8,137.2,791.1,0.000,0.7816,1
3465,164,1473.6,717.7,1543.4,910.7,0.000,0.7600,1
3465,540,1631.4,705.0,1664.3,845.8,0.000,0.6812,1
3465,262,637.5,707.8,725.8,914.1,0.000,0.8323,1
3465,554,304.2,682.7,339.9,836.7,0.000,0.7834,1
3465,541,944.2,719.3,971.9,758.1,0.000,0.3701,0
3465,557,252.2,683.4,290.8,817.4,0.000,0.7719,1
3465,572,213.9,678.6,247.2,799.5,0.000,0.7613,1
3465,347,1199.7,716.5,1282.3,909.9,0.000,0.7595,1
3465,278,101.4,658.8,135.6,791.0,0.000,0.7816,1
3466,164,1478.4,715.8,1548.9,911.1,0.000,0.7589,1
3466,540,1630.8,707.3,1663.2,846.0,0.000,0.6807,1
3466,262,634.3,710.8,719.2,914.7,0.000,0.8329,1
3466,554,304.4,682.8,340.0,836.8,0.000,0.7834,1
3466,541,944.4,719.5,971.9,758.0,0.000,0.3702,0
3466,557,252.5,683.2,291.5,817.5,0.000,0.7720,1
3466,572,214.1,679.4,247.4,799.5,0.000,0.7611,1
3466,347,1191.5,716.3,1271.7,910.8,0.000,0.7604,1
3466,278,100.5,660.3,133.4,791.5,0.000,0.7816,1
3467,164,1484.4,715.2,1556.2,911.1,0.000,0.7580,1
3467,540,1628.5,709.3,1660.5,845.4,0.000,0.6795,1
3467,262,630.2,709.3,714.1,914.2,0.000,0.8329,1
3467,554,304.5,682.0,340.2,837.4,0.000,0.7837,1
3467,541,944.5,719.5,971.9,758.0,0.000,0.3702,0
3467,557,252.5,683.0,291.7,817.6,0.000,0.7721,1
3467,572,213.2,678.2,247.2,799.3,0.000,0.7610,1
3467,347,1183.7,716.4,1262.0,911.2,0.000,0.7613,1
3467,278,100.9,660.4,133.0,792.1,0.000,0.7816,1
3468,164,1487.9,714.7,1561.7,910.8,0.000,0.7572,1
3468,540,1624.7,706.6,1657.4,845.4,0.000,0.6797,1
3468,262,622.0,708.3,706.3,913.6,0.000,0.8329,1
3468,554,304.4,681.6,340.1,837.8,0.000,0.7840,1
3468,541,944.6,719.5,971.9,757.9,0.000,0.3702,0
3468,557,252.1,682.9,291.6,817.6,0.000,0.7722,1
3468,572,213.6,680.3,247.1,798.7,0.000,0.7606,1
3468,347,1176.3,717.4,1253.6,911.6,0.000,0.7622,1
3468,550,134.1,657.8,175.4,812.4,0.000,0.7952,1
3469,164,1489.8,715.8,1565.1,910.2,0.000,0.7563,1
3469,262,613.7,706.6,700.2,913.2,0.000,0.8329,1
3469,554,304.4,681.4,340.1,837.8,0.000,0.7842,1
3469,541,944.7,719.5,971.9,758.0,0.000,0.3702,0
3469,557,251.7,683.1,291.5,817.5,0.000,0.7722,1
3469,572,214.3,680.5,247.6,798.7,0.000,0.7602,1
3469,347,1168.2,718.7,1245.8,911.7,0.000,0.7631,1
3469,550,133.0,659.3,174.2,813.1,0.000,0.7950,1
3470,164,1490.3,716.6,1566.7,909.5,0.000,0.7554,1
3470,262,606.8,705.8,695.9,913.1,0.000,0.8331,1
3470,554,304.9,681.2,340.4,837.9,0.000,0.7844,1
3470,541,944.8,719.7,971.7,757.8,0.000,0.3700,0
3470,557,251.3,683.0,291.5,817.6,0.000,0.7723,1
3470,572,214.3,680.9,247.6,799.1,0.000,0.7601,1
3470,347,1160.2,718.5,1239.9,911.6,0.000,0.7638,1
3470,550,131.9,659.2,173.2,813.1,0.000,0.7949,1
3470,563,283.9,683.6,326.9,839.7,0.000,0.7872,1
3471,164,1491.1,715.4,1569.1,909.2,0.000,0.7547,1
3471,262,602.4,706.7,693.5,912.9,0.000,0.8332,1
3471,554,305.2,681.0,340.6,838.5,0.000,0.7847,1
3471,541,944.8,719.9,971.5,757.7,0.000,0.3697,0
3471,557,251.5,683.0,291.8,817.7,0.000,0.7723,1
3471,572,213.1,681.4,246.4,799.3,0.000,0.7601,1
3471,347,1154.1,718.8,1236.1,911.1,0.000,0.7641,1
3471,550,131.0,659.5,172.4,813.8,0.000,0.7951,1
3471,563,283.7,683.3,326.9,840.2,0.000,0.7877,1
3472,164,1493.9,720.1,1571.1,909.2,0.000,0.7544,1
3472,262,598.9,706.1,692.7,913.0,0.000,0.8334,1
3472,554,306.0,681.5,340.8,838.2,0.000,0.7847,1
3472,541,944.7,720.1,971.4,757.8,0.000,0.3694,0
3472,557,251.9,683.0,292.2,817.8,0.000,0.7724,1
3472,572,212.1,682.5,245.4,799.6,0.000,0.7602,1
3472,347,1150.1,719.2,1234.7,911.1,0.000,0.7646,1
3472,550,129.3,658.0,170.7,812.7,0.000,0.7950,1
3472,563,283.6,683.0,326.9,840.1,0.000,0.7881,1
3472,485,160.6,654.4,197.1,809.8,0.000,0.7889,1
3473,164,1497.4,722.5,1573.3,907.5,0.000,0.7532,1
3473,262,595.9,705.5,692.1,913.1,0.000,0.8336,1
3473,554,303.6,681.4,338.9,839.2,0.000,0.7852,1
3473,541,944.4,719.5,971.6,758.0,0.000,0.3694,0
3473,557,251.5,683.0,291.7,817.9,0.000,0.7725,1
3473,572,211.5,683.6,244.6,799.4,0.000,0.7601,1
3473,347,1145.5,720.5,1232.2,911.1,0.000,0.7650,1
3473,550,126.7,656.8,167.7,811.2,0.000,0.7948,1
3473,563,284.1,683.2,327.9,840.7,0.000,0.7885,1
3473,485,158.6,654.1,194.9,808.1,0.000,0.7887,1
3474,164,1501.9,724.5,1575.6,904.5,0.000,0.7509,1
3474,262,592.4,705.1,690.3,912.5,0.000,0.8335,1
3474,554,305.0,681.6,339.9,838.3,0.000,0.7851,1
3474,541,944.5,719.7,971.6,758.0,0.000,0.3694,0
3474,557,251.5,682.8,291.8,817.8,0.000,0.7726,1
3474,572,211.5,684.3,244.5,799.3,0.000,0.7600,1
3474,347,1141.4,720.4,1230.9,911.5,0.000,0.7657,1
3474,550,125.7,657.9,166.0,810.2,0.000,0.7944,1
3474,563,284.0,683.3,327.9,840.9,0.000,0.7888,1
3474,485,156.5,654.9,192.4,808.1,0.000,0.7887,1
3475,164,1508.3,722.0,1581.4,902.7,0.000,0.7485,1
3475,262,588.4,705.6,686.7,912.3,0.000,0.8336,1
3475,554,304.5,681.6,339.3,838.3,0.000,0.7851,1
3475,541,944.6,719.4,971.7,758.0,0.000,0.3694,0
3475,557,251.7,682.9,292.0,817.9,0.000,0.7726,1
3475,572,211.7,684.5,244.8,798.5,0.000,0.7596,1
3475,347,1136.9,719.2,1228.4,911.6,0.000,0.7663,1
3475,550,123.5,656.2,163.9,808.6,0.000,0.7940,1
3475,563,283.9,683.3,328.0,840.2,0.000,0.7888,1
3475,485,154.3,656.7,189.7,807.9,0.000,0.7885,1
3476,164,1515.3,721.3,1586.8,901.8,0.000,0.7466,1
3476,262,585.7,707.0,683.5,912.4,0.000,0.8338,1
3476,554,304.4,681.5,339.2,838.1,0.000,0.7851,1
3476,541,944.5,719.2,971.7,757.9,0.000,0.3696,0
3476,557,251.7,683.2,291.9,817.6,0.000,0.7725,1
3476,572,211.2,683.4,244.9,798.3,0.000,0.7593,1
3476,347,1132.8,718.5,1225.6,911.8,0.000,0.7668,1
3476,550,122.7,654.0,162.1,802.5,0.000,0.7921,1
3476,563,283.4,683.2,327.3,839.2,0.000,0.7885,1
3476,485,154.3,658.4,189.2,806.8,0.000,0.7879,1
3477,164,1523.1,719.9,1593.7,902.9,0.000,0.7460,1
3477,262,582.1,706.7,678.9,911.9,0.000,0.8338,1
3477,554,303.9,681.5,338.7,838.0,0.000,0.7851,1
3477,541,944.7,719.2,971.8,758.0,0.000,0.3698,0
3477,557,251.6,683.4,292.0,817.8,0.000,0.7725,1
3477,572,211.0,683.0,244.9,797.8,0.000,0.7590,1
3477,347,1127.0,715.8,1220.4,911.8,0.000,0.7672,1
3477,550,120.8,651.4,161.0,801.8,0.000,0.7913,1
3477,563,284.1,683.2,328.4,838.6,0.000,0.7882,1
3477,485,156.6,662.5,191.0,806.7,0.000,0.7869,1
3477,583,750.6,733.9,774.2,801.8,0.000,0.5670,1
3478,164,1529.2,725.6,1596.9,903.6,0.000,0.7461,1
3478,262,577.9,705.4,673.7,911.9,0.000,0.8339,1
3478,554,304.2,681.6,338.9,837.7,0.000,0.7849,1
3478,557,251.7,683.3,292.0,817.8,0.000,0.7725,1
3478,572,210.1,683.0,244.3,798.2,0.000,0.7591,1
3478,347,1122.0,716.9,1213.5,912.0,0.000,0.7677,1
3478,550,119.5,654.0,158.1,797.4,0.000,0.7891,1
3478,563,283.5,683.4,327.8,838.2,0.000,0.7879,1
3478,485,151.0,658.1,187.3,806.7,0.000,0.7871,1
3478,583,750.5,733.9,774.5,802.3,0.000,0.5674,1
3478,540,1632.4,705.3,1665.6,846.7,0.000,0.6797,1
3479,164,1533.4,720.9,1601.0,902.5,0.000,0.7453,1
3479,262,572.3,704.6,666.1,911.3,0.000,0.8339,1
3479,554,304.5,681.9,339.1,837.4,0.000,0.7847,1
3479,557,251.8,683.1,292.1,817.7,0.000,0.7725,1
3479,572,209.8,683.0,244.1,798.3,0.000,0.7590,1
3479,347,1116.4,713.0,1206.7,912.0,0.000,0.7682,1
3479,550,116.7,656.9,155.8,800.8,0.000,0.7887,1
3479,563,282.7,684.2,326.7,838.3,0.000,0.7877,1
3479,485,148.7,655.0,185.8,808.5,0.000,0.7880,1
3479,583,749.8,734.1,773.6,802.0,0.000,0.5675,1
3479,540,1632.8,705.2,1665.8,845.4,0.000,0.6797,1
3480,164,1539.0,721.1,1605.9,903.4,0.000,0.7454,1
3480,262,565.0,704.9,656.1,911.2,0.000,0.8341,1
3480,554,304.4,681.5,339.2,838.1,0.000,0.7849,1
3480,557,251.5,682.9,291.8,817.7,0.000,0.7725,1
3480,572,209.7,683.1,243.8,797.4,0.000,0.7587,1
3480,347,1110.1,713.7,1196.8,912.2,0.000,0.7689,1
3480,550,114.1,656.4,154.8,805.3,0.000,0.7898,1
3480,563,281.4,685.0,324.4,836.9,0.000,0.7871,1
3480,485,147.6,653.4,184.4,807.5,0.000,0.7884,1
3480,583,750.6,734.1,774.8,801.4,0.000,0.5673,1
3480,540,1633.0,705.8,1665.9,845.0,0.000,0.6797,1
3481,164,1543.7,719.0,1610.6,903.1,0.000,0.7453,1
3481,262,557.2,704.7,645.5,911.4,0.000,0.8345,1
3481,554,304.6,681.4,339.4,838.3,0.000,0.7850,1
3481,557,251.5,682.7,291.7,817.5,0.000,0.7725,1
3481,572,210.0,683.3,244.0,796.8,0.000,0.7582,1
3481,347,1105.3,714.5,1188.3,912.2,0.000,0.7696,1
3481,550,112.6,654.6,154.2,807.4,0.000,0.7910,1
3481,563,280.9,685.6,323.5,836.8,0.000,0.7868,1
3481,485,146.7,651.7,183.3,806.3,0.000,0.7886,1
3481,583,749.6,734.3,773.9,801.3,0.000,0.5671,1
3481,540,1632.1,706.1,1665.3,845.5,0.000,0.6797,1
3481,541,945.4,719.5,971.8,757.3,0.000,0.3698,0
3482,164,1549.5,717.3,1617.3,902.8,0.000,0.7452,1
3482,262,550.3,703.2,636.9,911.4,0.000,0.8349,1
3482,554,304.7,681.3,339.5,838.5,0.000,0.7851,1
3482,557,251.6,682.8,291.8,817.9,0.000,0.7726,1
3482,572,209.8,681.7,244.5,797.3,0.000,0.7582,1
3482,347,1099.3,713.7,1180.2,911.8,0.000,0.7701,1
3482,550,111.2,652.0,153.5,807.4,0.000,0.7920,1
3482,563,280.5,685.7,322.8,836.7,0.000,0.7865,1
3482,485,145.6,650.8,182.0,804.9,0.000,0.7884,1
3482,583,748.8,734.3,773.4,802.2,0.000,0.5676,1
3482,574,1762.1,689.3,1808.4,875.0,0.000,0.7387,1
3482,540,1631.2,706.2,1664.8,846.0,0.000,0.6797,1
3482,541,945.6,719.7,971.9,757.5,0.000,0.3698,0
3483,164,1551.3,715.2,1620.3,902.9,0.000,0.7454,1
3483,262,546.5,704.9,630.6,911.4,0.000,0.8353,1
3483,554,304.8,681.4,339.5,838.3,0.000,0.7851,1
3483,557,251.4,683.0,291.4,818.0,0.000,0.7727,1
3483,572,209.9,681.6,244.9,797.6,0.000,0.7583,1
3483,347,1091.0,714.4,1171.3,912.0,0.000,0.7712,1
3483,550,110.8,652.8,152.6,807.1,0.000,0.7925,1
3483,563,280.5,685.5,322.5,835.7,0.000,0.7859,1
3483,485,145.0,650.2,180.9,802.7,0.000,0.7878,1
3483,583,748.4,734.2,773.1,802.5,0.000,0.5680,1
3483,574,1762.5,689.6,1808.5,874.9,0.000,0.7387,1
3483,540,1631.9,706.3,1665.2,845.6,0.000,0.6797,1
3484,164,1552.7,712.1,1622.6,902.2,0.000,0.7452,1
3484,262,542.7,703.0,626.4,911.2,0.000,0.8355,1
3484,554,304.8,681.6,339.5,838.6,0.000,0.7852,1
3484,557,251.2,683.1,291.2,818.1,0.000,0.7727,1
3484,572,210.1,681.1,245.6,797.7,0.000,0.7584,1
3484,347,1081.5,714.2,1163.1,912.3,0.000,0.7725,1
3484,550,110.6,653.3,152.1,807.5,0.000,0.7930,1
3484,563,280.2,685.6,321.9,835.1,0.000,0.7855,1
3484,485,144.0,650.4,179.8,801.8,0.000,0.7872,1
3484,583,748.4,734.1,773.2,802.6,0.000,0.5684,1
3484,574,1762.8,689.5,1808.7,874.8,0.000,0.7388,1
3484,540,1631.5,706.0,1664.9,845.5,0.000,0.6797,1
3485,164,1554.1,713.2,1624.0,902.0,0.000,0.7451,1
3485,262,537.8,702.9,621.7,911.5,0.000,0.8360,1
3485,554,304.8,681.8,339.4,838.8,0.000,0.7853,1
3485,557,250.9,683.0,290.9,818.1,0.000,0.7728,1
3485,572,210.2,680.4,245.9,797.1,0.000,0.7582,1
3485,347,1072.5,714.2,1156.4,912.5,0.000,0.7740,1
3485,550,109.0,652.9,150.7,808.0,0.000,0.7936,1
3485,563,280.2,685.6,322.1,836.4,0.000,0.7856,1
3485,485,143.9,650.9,179.1,799.5,0.000,0.7862,1
3485,583,748.6,734.2,773.1,801.9,0.000,0.5684,1
3485,574,1763.0,690.0,1808.8,874.9,0.000,0.7387,1
3485,540,1632.2,705.8,1665.4,845.1,0.000,0.6797,1
3485,541,945.5,720.0,971.9,757.8,0.000,0.3698,0
3486,164,1554.7,710.5,1624.3,898.5,0.000,0.7432,1
3486,262,531.7,705.9,615.6,911.0,0.000,0.8363,1
3486,554,304.8,681.4,339.3,838.3,0.000,0.7852,1
3486,557,250.6,683.2,290.3,817.7,0.000,0.7727,1
3486,572,210.0,681.0,245.9,797.2,0.000,0.7581,1
3486,347,1066.0,714.8,1152.5,912.4,0.000,0.7752,1
3486,550,108.2,653.7,149.1,806.1,0.000,0.7934,1
3486,563,280.1,685.0,321.8,835.6,0.000,0.7854,1
3486,485,142.1,652.1,177.5,799.9,0.000,0.7857,1
3486,583,749.2,734.3,774.3,802.8,0.000,0.5689,1
3486,574,1763.1,690.0,1808.9,874.8,0.000,0.7386,1
3486,540,1632.4,705.9,1665.6,845.5,0.000,0.6797,1
3486,541,945.6,720.2,971.7,757.6,0.000,0.3698,0
3487,164,1556.8,711.5,1624.6,894.0,0.000,0.7399,1
3487,262,526.1,704.7,612.1,910.0,0.000,0.8363,1
3487,554,304.9,681.1,339.5,838.1,0.000,0.7852,1
3487,557,250.4,683.1,289.9,817.6,0.000,0.7727,1
3487,572,210.2,680.6,246.6,797.7,0.000,0.7583,1
3487,347,1061.6,715.2,1150.8,912.3,0.000,0.7763,1
3487,550,107.3,653.0,147.5,803.8,0.000,0.7929,1
3487,563,279.8,684.7,321.5,835.8,0.000,0.7854,1
3487,485,140.8,652.4,176.7,800.9,0.000,0.7856,1
3487,583,749.3,734.2,774.5,802.4,0.000,0.5691,1
3487,574,1763.6,690.6,1809.3,875.1,0.000,0.7386,1
3487,540,1632.5,705.6,1665.5,845.3,0.000,0.6797,1
3487,541,945.6,720.2,971.7,757.6,0.000,0.3698,0
3488,164,1556.3,709.4,1624.9,892.2,0.000,0.7374,1
3488,262,521.5,705.9,609.5,910.0,0.000,0.8366,1
3488,554,304.7,681.6,339.2,837.9,0.000,0.7851,1
3488,557,250.2,683.3,289.5,817.7,0.000,0.7727,1
3488,572,209.7,681.0,245.9,797.4,0.000,0.7582,1
3488,347,1059.1,716.0,1150.5,912.4,0.000,0.7773,1
3488,550,106.6,655.5,145.6,802.5,0.000,0.7920,1
3488,563,279.8,685.3,321.3,835.4,0.000,0.7852,1
3488,485,140.4,653.1,176.4,800.3,0.000,0.7852,1
3488,583,748.9,733.9,774.0,801.7,0.000,0.5689,1
3488,574,1764.0,690.9,1809.6,874.7,0.000,0.7383,1
3488,540,1632.5,705.6,1665.5,845.4,0.000,0.6797,1
3488,541,945.4,719.9,971.7,757.5,0.000,0.3698,0
3489,164,1563.2,707.1,1631.6,891.5,0.000,0.7357,1
3489,262,518.2,707.8,607.9,909.9,0.000,0.8368,1
3489,554,304.5,681.8,339.1,837.8,0.000,0.7849,1
3489,557,249.9,683.0,289.0,817.9,0.000,0.7728,1
3489,572,209.2,679.6,245.7,796.7,0.000,0.7581,1
3489,347,1055.8,715.9,1149.7,912.5,0.000,0.7782,1
3489,550,106.3,656.6,144.1,800.5,0.000,0.7908,1
3489,563,279.7,685.5,321.2,835.9,0.000,0.7852,1
3489,485,139.9,653.4,176.1,799.4,0.000,0.7846,1
3489,583,748.0,733.5,773.0,801.5,0.000,0.5687,1
3489,574,1764.4,691.4,1810.1,875.0,0.000,0.7382,1
3489,540,1632.5,705.8,1665.5,846.3,0.000,0.6797,1
3489,541,945.3,719.8,971.9,757.8,0.000,0.3698,0
3490,164,1569.0,707.2,1636.1,890.3,0.000,0.7340,1
3490,262,515.6,709.1,606.8,910.2,0.000,0.8372,1
3490,554,304.6,682.1,339.0,837.5,0.000,0.7847,1
3490,557,250.0,682.8,288.9,818.1,0.000,0.7730,1
3490,572,208.9,679.5,245.5,796.8,0.000,0.7581,1
3490,347,1052.5,715.3,1148.3,912.5,0.000,0.7790,1
3490,550,106.5,656.6,143.8,799.3,0.000,0.7897,1
3490,563,279.8,686.2,321.5,837.6,0.000,0.7856,1
3490,485,140.0,654.1,176.4,799.4,0.000,0.7842,1
3490,583,748.0,733.2,773.1,801.6,0.000,0.5687,1
3490,574,1764.7,691.9,1810.4,874.9,0.000,0.7379,1
3490,540,1632.3,705.4,1665.5,846.8,0.000,0.6797,1
3490,541,945.4,719.7,972.0,757.8,0.000,0.3698,0
3491,164,1575.7,706.8,1640.3,886.6,0.000,0.7310,1
3491,262,513.3,709.1,605.8,909.8,0.000,0.8373,1
3491,554,304.3,682.0,338.8,837.3,0.000,0.7846,1
3491,557,250.0,682.8,288.8,818.4,0.000,0.7732,1
3491,572,208.0,678.0,245.2,797.1,0.000,0.7585,1
3491,347,1047.8,714.7,1144.7,912.6,0.000,0.7798,1
3491,550,106.3,656.4,143.4,798.7,0.000,0.7888,1
3491,563,279.9,686.6,321.3,837.8,0.000,0.7859,1
3491,485,140.6,654.5,177.3,798.5,0.000,0.7835,1
3491,583,747.7,733.0,773.0,802.2,0.000,0.5689,1
3491,574,1765.1,692.7,1810.9,875.1,0.000,0.7377,1
3491,540,1632.7,705.7,1665.8,846.6,0.000,0.6797,1
3491,541,945.2,719.8,972.0,758.1,0.000,0.3698,0
3492,164,1579.5,709.6,1642.1,886.4,0.000,0.7292,1
3492,262,509.3,706.9,602.7,908.7,0.000,0.8371,1
3492,554,304.0,682.3,338.5,837.2,0.000,0.7844,1
3492,557,250.0,683.3,288.6,818.5,0.000,0.7732,1
3492,572,207.8,676.8,245.4,797.2,0.000,0.7589,1
3492,347,1043.6,715.3,1139.9,912.2,0.000,0.7804,1
3492,550,105.8,656.9,142.2,797.9,0.000,0.7879,1
3492,563,280.0,686.7,321.2,838.0,0.000,0.7861,1
3492,485,139.6,654.5,176.9,798.1,0.000,0.7829,1
3492,583,747.6,733.0,772.8,802.2,0.000,0.5690,1
3492,574,1765.2,693.3,1811.2,875.4,0.000,0.7376,1
3492,540,1632.4,706.4,1665.5,846.1,0.000,0.6797,1
3492,541,945.0,720.0,971.9,758.4,0.000,0.3698,0
3493,164,1582.9,710.8,1644.0,885.7,0.000,0.7276,1
3493,262,504.7,705.8,597.3,906.5,0.000,0.8362,1
3493,554,303.6,682.7,338.1,837.2,0.000,0.7843,1
3493,557,250.0,683.7,288.3,818.6,0.000,0.7733,1
3493,572,208.8,677.3,246.6,797.6,0.000,0.7592,1
3493,347,1038.5,715.1,1133.3,911.9,0.000,0.7810,1
3493,550,103.1,656.1,139.1,797.5,0.000,0.7875,1
3493,563,280.0,686.4,321.2,838.4,0.000,0.7864,1
3493,485,141.3,655.7,178.0,795.7,0.000,0.7816,1
3493,583,747.7,732.9,772.8,802.5,0.000,0.5694,1
3493,574,1765.0,694.1,1811.0,875.5,0.000,0.7373,1
3493,540,1633.4,706.7,1666.1,845.3,0.000,0.6805,1
3493,581,1796.0,670.0,1839.2,867.6,0.000,0.7567,1
3493,541,944.6,719.9,971.7,758.5,0.000,0.3698,0
3494,164,1587.2,710.6,1647.2,884.9,0.000,0.7262,1
3494,262,500.1,704.7,591.5,904.9,0.000,0.8352,1
3494,554,303.0,683.1,337.6,837.7,0.000,0.7844,1
3494,557,250.0,683.7,288.2,818.7,0.000,0.7734,1
3494,572,209.2,678.5,247.0,798.2,0.000,0.7594,1
3494,347,1033.6,714.1,1126.3,912.0,0.000,0.7816,1
3494,550,102.3,655.2,138.0,797.7,0.000,0.7873,1
3494,563,280.0,686.5,321.2,839.2,0.000,0.7868,1
3494,485,142.1,655.8,178.8,795.6,0.000,0.7807,1
3494,583,747.7,732.8,772.4,802.0,0.000,0.5694,1
3494,574,1764.9,694.0,1811.0,874.9,0.000,0.7369,1
3494,540,1634.5,707.3,1666.2,841.8,0.000,0.6788,1
3494,581,1795.9,672.1,1838.9,867.7,0.000,0.7558,1
3494,541,944.2,720.0,971.4,758.4,0.000,0.3698,0
3495,164,1589.8,710.3,1648.9,884.7,0.000,0.7253,1
3495,262,494.0,705.5,582.9,903.9,0.000,0.8345,1
3495,554,303.0,683.0,337.7,837.8,0.000,0.7844,1
3495,557,250.1,683.5,288.2,818.8,0.000,0.7735,1
3495,572,209.1,679.6,246.5,797.6,0.000,0.7591,1
3495,347,1028.2,712.1,1118.8,911.8,0.000,0.7821,1
3495,550,102.0,654.9,136.9,796.8,0.000,0.7869,1
3495,563,279.8,686.0,321.2,839.9,0.000,0.7874,1
3495,485,141.9,655.9,178.9,797.1,0.000,0.7805,1
3495,583,747.7,732.7,772.5,802.5,0.000,0.5697,1
3495,574,1765.0,693.4,1811.5,874.7,0.000,0.7367,1
3495,540,1636.4,706.8,1666.4,834.9,0.000,0.6761,1
3495,581,1796.1,669.7,1839.8,868.3,0.000,0.7560,1
3495,541,944.2,720.1,971.4,758.4,0.000,0.3698,0
3496,164,1592.9,709.9,1653.0,887.9,0.000,0.7266,1
3496,262,486.1,703.3,573.6,903.6,0.000,0.8340,1
3496,554,303.3,682.6,338.4,838.2,0.000,0.7846,1
3496,557,250.3,683.1,288.5,818.6,0.000,0.7736,1
3496,572,209.2,680.9,246.0,797.0,0.000,0.7587,1
3496,347,1026.1,711.1,1116.1,912.2,0.000,0.7828,1
3496,550,101.4,654.6,135.8,796.5,0.000,0.7867,1
3496,563,279.8,685.9,320.5,837.9,0.000,0.7871,1
3496,485,141.2,654.9,178.3,796.0,0.000,0.7801,1
3496,583,747.7,732.6,772.0,801.3,0.000,0.5693,1
3496,574,1765.1,694.0,1811.6,874.7,0.000,0.7365,1
3496,540,1636.4,707.9,1667.0,841.5,0.000,0.6765,1
3496,581,1796.6,669.3,1840.2,867.8,0.000,0.7558,1
3496,541,944.3,720.2,971.4,758.3,0.000,0.3698,0
3497,164,1596.4,710.0,1657.8,889.9,0.000,0.7282,1
3497,262,477.6,699.3,564.0,903.3,0.000,0.8335,1
3497,554,303.1,682.6,338.5,838.1,0.000,0.7847,1
3497,557,250.9,682.8,289.2,818.4,0.000,0.7735,1
3497,572,209.2,682.2,245.5,796.6,0.000,0.7582,1
3497,347,1021.9,711.7,1110.8,911.7,0.000,0.7831,1
3497,550,101.5,656.4,134.9,796.3,0.000,0.7862,1
3497,485,141.7,654.4,178.6,793.6,0.000,0.7790,1
3497,583,747.2,732.7,771.6,801.9,0.000,0.5694,1
3497,574,1765.4,694.5,1811.9,874.4,0.000,0.7361,1
3497,581,1796.9,668.8,1840.4,867.3,0.000,0.7558,1
3498,164,1598.2,705.8,1662.3,892.2,0.000,0.7309,1
3498,262,470.5,695.9,555.4,903.0,0.000,0.8331,1
3498,554,302.0,682.5,337.6,838.2,0.000,0.7848,1
3498,557,250.9,683.0,289.1,818.4,0.000,0.7735,1
3498,572,209.1,682.6,245.3,796.4,0.000,0.7577,1
3498,347,1013.6,711.6,1103.3,912.5,0.000,0.7843,1
3498,485,145.9,653.9,181.3,788.4,0.000,0.7765,1
3498,583,746.6,732.9,771.0,802.0,0.000,0.5695,1
3498,574,1765.1,694.0,1812.0,874.9,0.000,0.7361,1
3498,581,1796.7,668.4,1840.3,867.1,0.000,0.7558,1
3499,164,1599.0,703.6,1664.1,892.3,0.000,0.7327,1
3499,262,466.7,695.0,549.9,903.1,0.000,0.8329,1
3499,554,301.5,682.5,337.2,838.3,0.000,0.7850,1
3499,557,251.1,683.0,289.3,818.6,0.000,0.7736,1
3499,572,208.9,680.9,245.7,796.7,0.000,0.7577,1
3499,347,1002.0,711.2,1093.5,912.2,0.000,0.7854,1
3499,485,146.8,654.6,181.0,784.1,0.000,0.7737,1
3499,583,745.8,732.8,770.2,802.0,0.000,0.5696,1
3499,563,279.3,685.4,320.4,840.3,0.000,0.7871,1
3499,550,102.0,658.2,134.7,796.8,0.000,0.7862,1
3500,164,1600.5,702.9,1666.1,891.7,0.000,0.7337,1
3500,262,462.6,695.8,544.5,903.3,0.000,0.8330,1
3500,554,301.3,682.3,337.1,838.5,0.000,0.7852,1
3500,557,251.4,683.0,289.6,818.5,0.000,0.7735,1
3500,572,208.6,680.0,245.7,796.2,0.000,0.7576,1
3500,347,990.0,711.7,1083.7,912.3,0.000,0.7869,1
3500,485,147.4,655.7,181.1,783.3,0.000,0.7715,1
3500,583,745.6,732.7,769.5,800.7,0.000,0.5689,1
3500,563,279.8,685.1,321.0,841.0,0.000,0.7871,1
3500,550,109.5,658.1,142.9,796.2,0.000,0.7862,1
3501,164,1603.5,703.0,1668.9,891.7,0.000,0.7344,1
3501,262,455.5,697.0,537.5,903.2,0.000,0.8332,1
3501,554,300.6,681.8,336.6,838.8,0.000,0.7855,1
3501,557,251.7,682.9,290.0,818.4,0.000,0.7735,1
3501,572,208.1,678.5,245.3,795.7,0.000,0.7576,1
3501,347,978.3,714.0,1073.0,912.4,0.000,0.7887,1
3501,485,147.6,656.3,180.9,782.7,0.000,0.7696,1
3501,583,745.2,732.8,768.5,798.9,0.000,0.5674,1
3501,550,112.0,659.5,145.9,797.1,0.000,0.7862,1
3502,164,1606.3,702.6,1671.0,889.8,0.000,0.7341,1
3502,262,448.0,697.4,531.5,903.2,0.000,0.8336,1
3502,554,300.7,681.8,336.6,838.9,0.000,0.7856,1
3502,557,251.5,682.7,290.0,818.6,0.000,0.7736,1
3502,572,207.5,676.6,245.2,795.6,0.000,0.7579,1
3502,347,971.6,715.6,1067.8,912.4,0.000,0.7903,1
3502,485,148.1,657.3,181.2,782.9,0.000,0.7681,1
3502,598,18.3,608.8,69.3,839.7,0.000,0.8375,1
3502,550,113.6,659.9,147.7,796.2,0.000,0.7862,1
3502,581,1787.4,667.6,1834.1,871.0,0.000,0.7558,1
3502,563,279.5,685.5,320.3,840.7,0.000,0.7871,1
3503,164,1609.8,701.9,1673.6,886.8,0.000,0.7327,1
3503,262,441.4,698.3,527.1,903.1,0.000,0.8339,1
3503,554,300.2,681.9,336.4,839.4,0.000,0.7860,1
3503,557,251.3,682.5,290.0,818.8,0.000,0.7737,1
3503,572,207.7,676.5,245.6,795.9,0.000,0.7581,1
3503,347,967.5,717.1,1065.2,912.3,0.000,0.7915,1
3503,485,147.8,656.7,181.2,783.7,0.000,0.7673,1
3503,598,18.2,610.0,70.5,839.9,0.000,0.8372,1
3503,550,113.1,657.7,147.9,794.8,0.000,0.7862,1
3503,581,1785.9,666.7,1834.9,871.6,0.000,0.7558,1
3503,563,281.0,684.1,322.2,840.6,0.000,0.7871,1
3504,164,1616.3,701.1,1678.7,884.0,0.000,0.7307,1
3504,262,437.6,699.8,525.0,902.8,0.000,0.8342,1
3504,554,301.0,681.8,337.1,838.3,0.000,0.7857,1
3504,557,251.2,682.5,290.0,818.7,0.000,0.7737,1
3504,572,208.5,678.0,246.0,796.1,0.000,0.7580,1
3504,347,964.0,718.3,1063.2,912.4,0.000,0.7927,1
3504,485,147.3,656.3,180.9,783.8,0.000,0.7668,1
3504,598,18.8,612.6,71.9,840.7,0.000,0.8370,1
3504,588,1464.7,719.9,1530.5,891.8,0.000,0.7240,1
3504,550,112.4,657.6,147.4,793.0,0.000,0.7862,1
3504,581,1783.6,665.0,1834.3,871.7,0.000,0.7558,1
3505,164,1622.9,701.5,1681.7,875.9,0.000,0.7254,1
3505,262,435.5,702.6,524.0,901.8,0.000,0.8342,1
3505,554,302.3,681.8,338.7,837.5,0.000,0.7854,1
3505,557,250.8,682.7,289.7,818.6,0.000,0.7737,1
3505,572,208.9,679.3,246.3,796.4,0.000,0.7579,1
3505,347,960.5,717.9,1061.4,912.7,0.000,0.7940,1
3505,485,147.1,657.0,180.6,784.3,0.000,0.7665,1
3505,598,18.6,614.2,72.5,841.2,0.000,0.8369,1
3505,588,1461.0,719.7,1528.5,892.7,0.000,0.7247,1
3505,550,111.5,658.6,146.4,791.6,0.000,0.7862,1
3505,581,1782.8,666.7,1834.6,871.9,0.000,0.7558,1
3505,563,280.2,685.4,320.4,838.4,0.000,0.7871,1
3506,164,1628.7,701.3,1682.7,860.8,0.000,0.7150,1
3506,262,433.3,704.5,523.3,902.0,0.000,0.8346,1
3506,554,302.9,682.1,339.7,837.5,0.000,0.7851,1
3506,557,250.7,682.8,289.5,818.8,0.000,0.7738,1
3506,572,209.1,678.6,247.0,796.6,0.000,0.7580,1
3506,347,956.7,716.3,1059.0,912.9,0.000,0.7951,1
3506,485,146.5,656.9,180.5,785.6,0.000,0.7666,1
3506,598,20.1,614.9,74.6,840.3,0.000,0.8365,1
3506,588,1457.3,720.5,1524.7,893.3,0.000,0.7254,1
3506,550,109.8,658.4,145.6,791.9,0.000,0.7862,1
3506,563,279.6,685.7,319.6,838.7,0.000,0.7871,1
3507,164,1632.4,701.9,1684.1,852.6,0.000,0.7065,1
3507,262,429.4,703.5,521.6,902.1,0.000,0.8348,1
3507,554,301.7,681.6,339.1,838.8,0.000,0.7855,1
3507,557,250.5,682.7,289.3,818.7,0.000,0.7738,1
3507,572,209.0,677.7,247.3,796.4,0.000,0.7581,1
3507,347,952.3,715.6,1054.1,912.3,0.000,0.7958,1
3507,485,146.0,656.1,180.4,785.8,0.000,0.7668,1
3507,598,20.8,615.8,75.7,839.8,0.000,0.8361,1
3507,588,1452.6,719.6,1519.3,893.4,0.000,0.7258,1
3507,550,108.9,657.8,145.4,792.2,0.000,0.7862,1
3507,581,1783.9,665.4,1837.4,872.1,0.000,0.7558,1
3508,164,1635.5,702.5,1686.0,848.3,0.000,0.6999,1
3508,262,426.0,702.9,518.7,900.7,0.000,0.8345,1
3508,554,301.2,681.8,338.8,838.8,0.000,0.7856,1
3508,557,250.6,682.7,289.3,818.3,0.000,0.7737,1
3508,572,208.8,679.1,246.8,796.6,0.000,0.7580,1
3508,347,947.7,714.6,1048.4,912.3,0.000,0.7965,1
3508,485,145.7,655.9,180.6,786.9,0.000,0.7673,1
3508,598,21.2,616.6,76.6,839.4,0.000,0.8357,1
3508,588,1446.1,719.1,1510.5,892.6,0.000,0.7255,1
3508,550,107.9,657.2,145.0,792.3,0.000,0.7862,1
3508,574,1765.5,692.9,1812.5,876.2,0.000,0.7361,1
3509,164,1639.0,703.5,1689.0,847.7,0.000,0.6955,1
3509,262,421.5,701.6,514.3,899.9,0.000,0.8342,1
3509,554,301.1,681.5,338.9,838.4,0.000,0.7856,1
3509,557,250.8,682.7,289.4,818.2,0.000,0.7736,1
3509,572,208.5,677.5,247.0,796.4,0.000,0.7581,1
3509,485,145.8,655.5,180.9,786.9,0.000,0.7677,1
3509,598,22.2,617.7,77.9,838.7,0.000,0.8352,1
3509,588,1440.8,719.2,1502.9,893.6,0.000,0.7260,1
3509,550,108.0,658.7,145.0,792.6,0.000,0.7862,1
3510,164,1643.9,704.6,1693.1,846.3,0.000,0.6920,1
3510,262,416.0,700.8,508.0,899.1,0.000,0.8338,1
3510,554,300.7,681.7,338.9,839.1,0.000,0.7858,1
3510,557,250.9,682.6,289.6,818.5,0.000,0.7736,1
3510,572,208.1,674.9,247.5,796.8,0.000,0.7588,1
3510,485,146.5,654.9,181.3,784.0,0.000,0.7670,1
3510,598,23.5,617.0,79.3,835.9,0.000,0.8343,1
3510,588,1435.3,719.2,1495.9,894.5,0.000,0.7267,1
3510,550,108.8,660.1,145.2,790.5,0.000,0.7862,1
3510,540,1628.5,704.6,1659.6,844.7,0.000,0.6765,1
3510,563,281.2,682.1,322.3,839.7,0.000,0.7871,1
3511,164,1647.0,705.2,1694.9,842.9,0.000,0.6885,1
3511,262,409.6,699.1,500.7,898.6,0.000,0.8335,1
3511,554,300.9,681.0,339.5,838.8,0.000,0.7859,1
3511,557,251.2,682.6,289.9,818.8,0.000,0.7737,1
3511,572,208.0,674.5,247.6,797.1,0.000,0.7593,1
3511,485,146.2,654.9,181.3,784.6,0.000,0.7669,1
3511,598,26.0,616.1,81.6,833.1,0.000,0.8331,1
3511,588,1428.9,718.5,1488.9,895.7,0.000,0.7277,1
3511,550,108.3,661.1,144.3,790.0,0.000,0.7862,1
3511,540,1628.8,704.4,1659.3,844.5,0.000,0.6765,1
3512,262,402.0,696.1,492.4,898.7,0.000,0.8334,1
3512,554,300.4,681.0,339.4,839.7,0.000,0.7863,1
3512,557,251.2,682.7,289.9,818.9,0.000,0.7738,1
3512,572,207.9,674.4,247.6,797.2,0.000,0.7598,1
3512,485,145.2,656.5,179.9,783.9,0.000,0.7664,1
3512,598,28.3,614.1,83.5,829.9,0.000,0.8318,1
3512,588,1420.1,719.4,1480.7,896.6,0.000,0.7287,1
3512,550,108.5,661.6,144.5,789.9,0.000,0.7862,1
3512,540,1630.2,704.4,1660.4,844.5,0.000,0.6765,1
3512,581,1787.0,664.3,1841.8,870.6,0.000,0.7558,1
3512,563,281.6,681.7,322.8,840.2,0.000,0.7871,1
3513,262,394.8,696.1,482.7,898.4,0.000,0.8334,1
3513,554,299.9,680.6,339.2,839.4,0.000,0.7864,1
3513,557,251.4,682.8,289.9,819.1,0.000,0.7739,1
3513,572,207.7,674.5,247.5,797.4,0.000,0.7601,1
3513,485,146.7,655.9,181.1,783.5,0.000,0.7660,1
3513,598,30.2,612.2,85.4,829.6,0.000,0.8310,1
3513,588,1411.6,720.2,1473.8,896.7,0.000,0.7293,1
3513,550,108.4,661.4,144.7,790.1,0.000,0.7862,1
3513,540,1631.2,705.4,1661.1,844.4,0.000,0.6765,1
3513,574,1773.1,682.3,1824.3,873.1,0.000,0.7361,1
3513,164,1652.2,706.2,1697.2,836.0,0.000,0.6885,1
3514,262,392.0,698.5,476.6,897.6,0.000,0.8333,1
3514,554,299.8,680.4,339.1,839.0,0.000,0.7865,1
3514,557,251.5,682.8,289.9,819.0,0.000,0.7739,1
3514,572,208.0,675.7,247.3,797.2,0.000,0.7601,1
3514,485,147.4,657.0,180.7,782.4,0.000,0.7652,1
3514,598,31.5,611.8,86.4,830.3,0.000,0.8306,1
3514,588,1405.4,720.9,1470.0,897.8,0.000,0.7303,1
3514,550,108.8,662.8,144.7,789.4,0.000,0.7764,1
3514,540,1632.1,706.4,1661.9,844.1,0.000,0.6765,1
3514,574,1765.9,689.0,1814.8,874.2,0.000,0.7361,1
3515,262,386.3,700.8,468.1,898.6,0.000,0.8340,1
3515,554,299.4,680.4,338.7,839.1,0.000,0.7866,1
3515,557,251.9,682.8,290.1,818.5,0.000,0.7737,1
3515,572,208.2,676.7,247.3,797.5,0.000,0.7601,1
3515,485,148.4,656.8,181.4,782.4,0.000,0.7647,1
3515,598,33.6,611.8,87.7,830.2,0.000,0.8302,1
3515,588,1400.2,722.5,1466.6,898.7,0.000,0.7317,1
3515,550,108.4,662.0,144.2,789.0,0.000,0.7759,1
3515,540,1632.6,706.6,1662.5,844.2,0.000,0.6765,1
3515,581,1785.9,671.1,1841.3,871.5,0.000,0.7558,1
3516,262,382.0,697.3,463.4,898.8,0.000,0.8343,1
3516,554,299.3,681.3,338.5,839.4,0.000,0.7866,1
3516,557,252.1,682.8,290.2,818.2,0.000,0.7736,1
3516,572,208.5,677.2,247.5,797.6,0.000,0.7600,1
3516,485,148.5,656.3,181.7,782.2,0.000,0.7643,1
3516,588,1395.0,722.8,1463.6,899.7,0.000,0.7333,1
3516,550,108.3,661.2,144.0,788.0,0.000,0.7754,1
3516,540,1632.6,706.9,1662.7,844.5,0.000,0.6765,1
3516,581,1786.1,677.5,1840.9,872.2,0.000,0.7558,1
3516,347,885.0,716.6,985.8,911.8,0.000,0.7965,1
3516,164,1657.4,708.2,1699.0,825.7,0.000,0.6885,1
3517,262,376.1,694.6,458.0,898.8,0.000,0.8345,1
3517,554,299.6,682.5,338.5,838.8,0.000,0.7863,1
3517,557,251.9,682.9,290.0,818.3,0.000,0.7735,1
3517,572,208.4,677.8,247.3,797.4,0.000,0.7598,1
3517,485,148.2,656.5,181.6,782.5,0.000,0.7641,1
3517,588,1390.0,722.7,1461.2,902.4,0.000,0.7362,1
3517,550,107.9,659.3,144.0,788.0,0.000,0.7753,1
3517,540,1633.1,706.4,1663.4,844.7,0.000,0.6765,1
3517,581,1785.8,680.9,1840.1,872.1,0.000,0.7558,1
3517,347,880.2,719.6,981.6,911.9,0.000,0.7965,1
3517,563,280.1,683.5,320.9,841.6,0.000,0.7871,1
3518,262,370.4,695.4,452.4,898.7,0.000,0.8349,1
3518,554,298.2,684.2,337.2,839.0,0.000,0.7862,1
3518,557,251.8,682.8,289.9,818.2,0.000,0.7734,1
3518,572,208.2,678.6,246.9,797.4,0.000,0.7596,1
3518,485,147.3,655.9,181.4,783.0,0.000,0.7642,1
3518,588,1384.5,722.3,1457.0,903.7,0.000,0.7388,1
3518,550,107.3,658.9,143.1,788.5,0.000,0.7754,1
3518,540,1633.0,706.5,1663.5,845.0,0.000,0.6765,1
3518,581,1789.4,677.9,1843.1,869.7,0.000,0.7558,1
3518,347,876.3,719.1,980.0,912.0,0.000,0.7965,1
3519,262,364.3,695.4,447.4,898.2,0.000,0.8350,1
3519,554,297.6,684.9,336.8,838.5,0.000,0.7858,1
3519,557,252.0,682.6,290.3,818.3,0.000,0.7734,1
3519,572,208.0,679.3,246.5,797.5,0.000,0.7593,1
3519,485,147.3,655.5,181.5,782.5,0.000,0.7642,1
3519,588,1379.9,722.1,1452.1,904.0,0.000,0.7408,1
3519,550,107.9,660.5,142.7,788.4,0.000,0.7752,1
3519,540,1633.1,706.3,1663.9,845.6,0.000,0.6765,1
3519,581,1789.6,680.2,1842.2,869.7,0.000,0.7558,1
3519,347,871.8,719.1,977.1,912.0,0.000,0.7965,1
3520,262,359.9,695.8,444.6,898.0,0.000,0.8352,1
3520,554,297.3,685.3,336.7,838.3,0.000,0.7856,1
3520,557,251.9,682.5,290.5,818.4,0.000,0.7734,1
3520,572,208.4,679.3,246.7,796.6,0.000,0.7589,1
3520,485,148.0,655.5,182.1,781.9,0.000,0.7639,1
3520,588,1375.0,722.3,1445.7,904.6,0.000,0.7425,1
3520,550,109.3,663.3,143.2,787.9,0.000,0.7745,1
3520,569,1695.8,675.8,1782.1,888.5,0.000,0.7496,1
3520,540,1632.8,706.2,1663.8,846.1,0.000,0.6765,1
3520,581,1788.3,676.4,1841.7,869.9,0.000,0.7558,1
3520,347,868.7,717.7,975.8,912.0,0.000,0.7965,1
3520,164,1656.1,698.7,1729.0,913.0,0.000,0.6885,1
3521,262,357.2,698.3,442.5,897.5,0.000,0.8354,1
3521,557,252.8,682.6,291.3,818.1,0.000,0.7732,1
3521,572,208.7,679.4,247.1,796.6,0.000,0.7586,1
3521,485,148.9,655.9,182.5,781.8,0.000,0.7636,1
3521,588,1368.2,720.6,1437.0,904.3,0.000,0.7435,1
3521,550,110.1,665.7,143.3,787.6,0.000,0.7737,1
3521,540,1632.9,706.0,1664.0,846.2,0.000,0.6765,1
3521,581,1786.8,670.3,1841.7,870.1,0.000,0.7558,1
3521,347,865.5,717.1,973.3,912.5,0.000,0.7965,1
3521,164,1657.9,696.2,1731.8,922.0,0.000,0.6885,1
3521,563,283.9,682.8,325.5,841.6,0.000,0.7871,1
3522,262,353.5,697.6,440.9,897.5,0.000,0.8355,1
3522,557,252.7,682.8,291.1,818.0,0.000,0.7731,1
3522,572,208.7,678.9,247.1,796.3,0.000,0.7583,1
3522,485,148.9,656.4,182.4,782.0,0.000,0.7634,1
3522,588,1361.3,719.8,1427.7,902.8,0.000,0.7433,1
3522,550,111.0,664.3,144.7,787.5,0.000,0.7733,1
3522,540,1633.1,705.9,1664.4,846.1,0.000,0.6765,1
3522,581,1787.1,668.9,1841.9,869.5,0.000,0.7558,1
3522,347,863.2,722.9,966.8,911.5,0.000,0.7965,1
3522,164,1660.2,693.6,1733.5,925.7,0.000,0.6885,1
3522,554,296.9,684.2,336.4,837.1,0.000,0.7856,1
3523,262,350.2,695.8,439.0,896.4,0.000,0.8352,1
3523,557,253.8,682.6,292.2,818.1,0.000,0.7730,1
3523,572,208.7,679.5,246.9,796.0,0.000,0.7580,1
3523,485,149.2,657.0,182.4,782.0,0.000,0.7631,1
3523,588,1352.7,719.6,1418.2,901.7,0.000,0.7428,1
3523,550,111.3,665.4,144.8,786.7,0.000,0.7725,1
3523,540,1632.9,705.8,1664.4,846.1,0.000,0.6765,1
3523,581,1786.2,667.0,1841.3,869.1,0.000,0.7558,1
3523,347,858.1,721.4,960.1,910.6,0.000,0.7965,1
3523,554,297.0,684.0,336.5,837.0,0.000,0.7856,1
3523,541,942.9,717.9,971.7,758.7,0.000,0.3698,0
3523,569,1685.0,673.9,1779.6,908.0,0.000,0.7496,1
3524,262,346.4,694.9,435.4,894.8,0.000,0.8345,1
3524,557,254.2,682.5,292.7,818.5,0.000,0.7731,1
3524,572,208.7,677.6,247.9,797.6,0.000,0.7586,1
3524,485,150.1,657.8,182.7,781.7,0.000,0.7627,1
3524,588,1345.3,719.9,1410.9,901.3,0.000,0.7423,1
3524,550,112.1,667.1,144.7,785.8,0.000,0.7715,1
3524,540,1632.9,705.7,1664.4,846.1,0.000,0.6765,1
3524,581,1785.2,667.7,1840.4,869.5,0.000,0.7558,1
3524,347,852.7,718.4,953.1,910.3,0.000,0.7965,1
3524,554,297.3,682.6,337.1,838.0,0.000,0.7856,1
3524,541,942.9,717.8,971.6,758.5,0.000,0.3698,0
3524,569,1684.7,677.3,1778.8,910.5,0.000,0.7496,1
3525,262,342.3,693.3,429.9,891.2,0.000,0.8327,1
3525,557,255.0,682.1,293.1,817.6,0.000,0.7728,1
3525,572,208.6,676.6,247.9,797.5,0.000,0.7590,1
3525,485,150.5,658.0,182.9,782.1,0.000,0.7625,1
3525,588,1335.7,720.2,1403.4,902.6,0.000,0.7431,1
3525,550,112.2,668.1,144.3,784.8,0.000,0.7704,1
3525,540,1632.8,705.4,1664.6,846.1,0.000,0.6810,1
3525,581,1784.9,667.7,1840.1,868.8,0.000,0.7558,1
3525,347,845.7,714.6,943.8,909.9,0.000,0.7965,1
3525,554,297.6,681.3,337.6,838.9,0.000,0.7856,1
3525,541,942.9,717.6,971.6,758.6,0.000,0.3698,0
3526,262,338.0,693.3,423.7,889.3,0.000,0.8312,1
3526,557,255.2,681.6,293.0,817.4,0.000,0.7727,1
3526,572,208.5,676.0,247.8,797.8,0.000,0.7595,1
3526,485,150.7,657.5,182.9,782.8,0.000,0.7627,1
3526,588,1326.4,719.2,1397.4,903.3,0.000,0.7439,1
3526,550,112.4,666.7,144.3,783.7,0.000,0.7695,1
3526,540,1632.9,705.2,1664.8,846.2,0.000,0.6812,1
3526,581,1784.6,667.2,1840.2,868.5,0.000,0.7558,1
3526,554,298.2,681.3,338.3,840.1,0.000,0.7856,1
3526,541,943.3,717.9,971.5,758.5,0.000,0.3698,0
3526,563,281.8,681.6,322.1,838.2,0.000,0.7871,1
3527,262,332.4,691.0,416.4,887.7,0.000,0.8297,1
3527,557,255.4,681.4,292.8,817.5,0.000,0.7726,1
3527,572,208.7,676.4,248.0,798.5,0.000,0.7600,1
3527,485,151.1,657.6,183.3,784.1,0.000,0.7632,1
3527,588,1320.4,720.4,1393.7,903.2,0.000,0.7444,1
3527,550,114.0,668.8,144.6,780.5,0.000,0.7674,1
3527,540,1633.0,705.6,1664.8,845.9,0.000,0.6811,1
3527,581,1785.1,667.7,1840.3,867.2,0.000,0.7558,1
3527,554,299.0,681.6,339.3,841.0,0.000,0.7856,1
3527,541,943.4,717.9,971.6,758.6,0.000,0.3698,0
3527,563,280.8,681.5,320.5,837.3,0.000,0.7871,1
3527,569,1685.4,674.2,1778.2,905.4,0.000,0.7496,1
3528,262,327.4,691.9,408.7,887.0,0.000,0.8287,1
3528,557,255.0,681.8,292.0,817.6,0.000,0.7726,1
3528,572,208.1,677.6,246.9,798.7,0.000,0.7602,1
3528,485,151.5,657.9,183.5,784.4,0.000,0.7635,1
3528,588,1315.2,720.5,1391.3,903.8,0.000,0.7453,1
3528,550,114.4,668.9,144.6,778.7,0.000,0.7655,1
3528,540,1632.6,706.2,1664.5,846.6,0.000,0.6811,1
3528,581,1785.9,668.6,1840.8,867.0,0.000,0.7558,1
3528,554,299.6,681.6,339.8,840.1,0.000,0.7856,1
3528,541,943.4,718.2,971.5,758.5,0.000,0.3698,0
3528,569,1680.8,675.0,1777.3,916.1,0.000,0.7496,1
3529,262,321.6,689.3,400.7,886.3,0.000,0.8280,1
3529,557,255.0,682.6,292.1,819.1,0.000,0.7729,1
3529,572,208.6,680.1,246.2,798.0,0.000,0.7598,1
3529,485,153.3,657.9,185.6,785.1,0.000,0.7638,1
3529,588,1310.2,721.8,1387.9,903.9,0.000,0.7461,1
3529,550,115.4,670.4,144.7,776.0,0.000,0.7631,1
3529,540,1632.8,706.2,1664.7,846.5,0.000,0.6810,1
3529,581,1785.4,669.3,1840.0,866.3,0.000,0.7558,1
3529,554,299.8,681.7,339.5,838.7,0.000,0.7856,1
3529,569,1686.2,674.9,1777.5,904.2,0.000,0.7496,1
3529,347,813.5,715.3,910.1,910.6,0.000,0.7965,1
3529,563,280.2,683.3,319.2,836.0,0.000,0.7871,1
3530,262,317.6,691.3,393.3,886.0,0.000,0.8275,1
3530,557,254.8,682.9,291.8,819.3,0.000,0.7732,1
3530,572,208.7,679.2,246.3,797.7,0.000,0.7596,1
3530,485,154.1,657.2,186.9,785.7,0.000,0.7643,1
3530,588,1306.4,720.2,1386.3,904.6,0.000,0.7470,1
3530,550,115.6,669.6,145.1,774.7,0.000,0.7612,1
3530,540,1632.6,706.2,1664.6,846.5,0.000,0.6809,1
3530,581,1785.5,669.0,1840.5,866.7,0.000,0.7545,1
3530,554,299.3,683.2,338.2,838.1,0.000,0.7856,1
3530,569,1683.2,677.6,1776.9,913.8,0.000,0.7496,1
3530,347,806.7,715.1,904.1,910.3,0.000,0.7965,1
3531,262,313.0,691.7,386.7,886.1,0.000,0.8274,1
3531,557,254.3,683.0,291.2,819.5,0.000,0.7734,1
3531,572,209.5,677.8,247.9,797.7,0.000,0.7596,1
3531,485,153.9,655.9,187.0,785.7,0.000,0.7648,1
3531,588,1300.6,719.3,1381.0,904.6,0.000,0.7476,1
3531,550,114.9,669.5,144.9,774.6,0.000,0.7598,1
3531,540,1632.6,706.2,1664.6,846.4,0.000,0.6808,1
3531,581,1786.7,669.3,1841.7,866.7,0.000,0.7545,1
3531,554,299.2,684.1,337.4,838.3,0.000,0.7856,1
3531,569,1686.3,683.2,1775.7,908.4,0.000,0.7496,1
3531,347,798.5,716.6,896.7,909.5,0.000,0.7965,1
3531,541,943.9,719.0,971.1,758.2,0.000,0.3698,0
3531,563,280.9,682.9,320.0,837.2,0.000,0.7871,1
3532,262,305.5,688.9,379.4,885.8,0.000,0.8274,1
3532,557,254.1,683.0,291.1,818.8,0.000,0.7734,1
3532,572,209.4,677.8,247.9,797.9,0.000,0.7597,1
3532,485,153.6,654.7,187.2,785.8,0.000,0.7653,1
3532,588,1295.7,718.6,1375.4,904.9,0.000,0.7482,1
3532,550,114.2,669.2,144.8,774.9,0.000,0.7588,1
3532,540,1632.6,706.5,1664.6,846.2,0.000,0.6806,1
3532,581,1786.6,669.4,1842.1,867.5,0.000,0.7547,1
3532,554,298.3,683.7,336.2,838.6,0.000,0.7856,1
3532,569,1684.1,683.7,1776.5,917.4,0.000,0.7496,1
3532,347,792.0,716.7,892.1,908.7,0.000,0.7965,1
3532,541,944.2,718.7,971.4,758.1,0.000,0.3698,0
3532,563,281.3,683.1,320.0,837.2,0.000,0.7871,1
3533,262,298.8,688.4,373.1,884.8,0.000,0.8274,1
3533,557,251.9,683.1,289.4,818.7,0.000,0.7735,1
3533,572,209.2,678.9,247.2,797.8,0.000,0.7595,1
3533,485,153.3,654.1,187.7,786.7,0.000,0.7661,1
3533,588,1290.6,716.6,1368.1,903.9,0.000,0.7478,1
3533,550,113.9,669.0,144.9,774.6,0.000,0.7580,1
3533,540,1632.7,706.6,1664.7,846.1,0.000,0.6804,1
3533,581,1784.9,669.1,1841.0,868.6,0.000,0.7552,1
3533,569,1687.4,682.6,1776.0,905.7,0.000,0.7496,1
3533,347,788.1,716.4,890.2,908.6,0.000,0.7965,1
3533,541,944.3,718.6,971.5,758.1,0.000,0.3698,0
3533,563,281.1,682.6,319.4,836.8,0.000,0.7871,1
3534,262,292.8,687.6,368.7,884.9,0.000,0.8276,1
3534,557,251.7,683.3,289.3,818.5,0.000,0.7734,1
3534,572,209.2,679.7,247.1,798.3,0.000,0.7596,1
3534,485,152.6,654.5,187.3,786.9,0.000,0.7666,1
3534,588,1285.1,715.8,1360.2,904.8,0.000,0.7482,1
3534,550,113.7,669.0,144.9,774.3,0.000,0.7573,1
3534,540,1632.5,706.1,1664.8,846.5,0.000,0.6806,1
3534,581,1784.0,667.8,1840.3,868.3,0.000,0.7557,1
3534,569,1686.1,684.5,1776.0,911.0,0.000,0.7496,1
3534,347,785.0,717.0,888.7,908.5,0.000,0.7965,1
3534,541,944.6,718.7,971.6,758.0,0.000,0.3698,0
3534,563,280.9,683.1,318.5,835.0,0.000,0.7871,1
3535,262,288.5,685.5,366.5,884.8,0.000,0.8279,1
3535,557,250.8,683.7,288.4,818.3,0.000,0.7733,1
3535,572,209.1,678.5,247.3,798.5,0.000,0.7598,1
3535,485,153.0,655.3,188.2,787.9,0.000,0.7672,1
3535,588,1278.6,715.4,1352.1,906.0,0.000,0.7492,1
3535,550,113.6,668.5,145.3,774.4,0.000,0.7568,1
3535,540,1632.5,705.7,1665.3,846.9,0.000,0.6809,1
3535,581,1783.8,669.2,1839.6,868.1,0.000,0.7555,1
3535,569,1686.8,687.1,1774.8,908.2,0.000,0.7496,1
3535,347,781.6,717.6,886.7,908.7,0.000,0.7965,1
3535,541,944.7,718.5,971.7,757.9,0.000,0.3698,0
3535,563,279.8,683.5,316.7,832.6,0.000,0.7871,1
3536,262,286.6,685.4,365.9,884.3,0.000,0.8279,1
3536,557,252.0,683.6,289.5,818.5,0.000,0.7733,1
3536,572,208.8,677.8,247.2,798.5,0.000,0.7600,1
3536,485,153.5,656.7,188.9,788.7,0.000,0.7676,1
3536,588,1271.9,717.3,1343.3,907.1,0.000,0.7503,1
3536,550,114.2,668.1,146.4,774.5,0.000,0.7565,1
3536,540,1632.3,705.9,1665.3,847.0,0.000,0.6811,1
3536,581,1783.9,669.8,1839.6,868.2,0.000,0.7554,1
3536,569,1688.6,689.4,1775.6,907.1,0.000,0.7496,1
3536,347,777.0,717.5,883.2,909.3,0.000,0.7965,1
3536,541,944.7,718.1,971.9,758.0,0.000,0.3698,0
3536,563,280.0,687.4,315.8,832.2,0.000,0.7871,1
3537,262,285.0,684.1,366.0,884.6,0.000,0.8281,1
3537,557,254.0,683.2,291.4,817.8,0.000,0.7730,1
3537,572,208.9,676.2,247.8,798.4,0.000,0.7604,1
3537,485,153.8,657.0,189.8,788.8,0.000,0.7679,1
3537,588,1261.8,715.7,1333.9,907.7,0.000,0.7515,1
3537,550,114.1,668.9,146.2,774.2,0.000,0.7560,1
3537,540,1632.2,705.9,1665.5,847.0,0.000,0.6812,1
3537,581,1783.2,669.2,1839.3,868.6,0.000,0.7555,1
3537,569,1686.1,687.7,1777.1,916.1,0.000,0.7496,1
3537,347,773.6,717.7,879.5,909.2,0.000,0.7965,1
3537,541,944.7,718.0,971.9,758.0,0.000,0.3698,0
3538,262,282.2,684.5,364.1,884.5,0.000,0.8283,1
3538,557,255.9,682.3,293.7,818.4,0.000,0.7730,1
3538,572,209.2,677.9,247.7,798.4,0.000,0.7603,1
3538,485,154.0,658.7,190.4,789.3,0.000,0.7681,1
3538,588,1253.2,718.0,1326.0,908.0,0.000,0.7527,1
3538,550,114.2,669.1,146.1,774.3,0.000,0.7557,1
3538,540,1632.3,705.7,1665.8,846.9,0.000,0.6813,1
3538,581,1781.4,666.8,1838.3,869.4,0.000,0.7562,1
3538,569,1685.4,689.9,1776.2,917.1,0.000,0.7496,1
3538,347,768.9,716.8,873.6,909.2,0.000,0.7965,1
3538,541,944.8,717.8,972.0,757.9,0.000,0.3698,0
3539,262,279.9,682.6,363.0,883.7,0.000,0.8282,1
3539,557,256.2,682.6,293.8,817.8,0.000,0.7727,1
3539,572,211.0,679.3,248.5,798.2,0.000,0.7600,1
3539,485,153.9,659.5,190.7,789.3,0.000,0.7681,1
3539,588,1245.3,718.3,1320.3,908.2,0.000,0.7537,1
3539,550,112.9,664.3,146.2,774.3,0.000,0.7562,1
3539,540,1632.1,706.0,1665.8,846.9,0.000,0.6813,1
3539,581,1781.2,664.6,1838.7,869.5,0.000,0.7571,1
3539,569,1685.6,689.2,1776.2,915.7,0.000,0.7496,1
3539,541,944.8,717.7,972.1,758.0,0.000,0.3698,0
3540,262,277.5,682.0,360.2,882.3,0.000,0.8279,1
3540,557,256.0,683.6,292.9,816.7,0.000,0.7721,1
3540,572,210.3,678.9,247.9,797.9,0.000,0.7598,1
3540,485,154.8,659.1,192.0,789.4,0.000,0.7681,1
3540,588,1237.9,718.8,1315.7,909.3,0.000,0.7553,1
3540,550,114.2,663.8,147.0,773.2,0.000,0.7560,1
3540,540,1632.1,706.3,1666.0,847.1,0.000,0.6812,1
3540,581,1780.9,665.9,1838.3,869.4,0.000,0.7571,1
3540,569,1684.1,687.0,1777.0,919.6,0.000,0.7496,1
3540,541,944.9,718.1,971.5,757.4,0.000,0.3698,0
3541,262,274.9,680.9,356.0,878.7,0.000,0.8267,1
3541,557,255.4,684.0,292.0,816.7,0.000,0.7717,1
3541,572,211.8,681.5,248.7,797.8,0.000,0.7592,1
3541,485,155.3,659.8,192.5,789.5,0.000,0.7681,1
3541,588,1232.8,719.2,1313.3,910.5,0.000,0.7571,1
3541,550,113.8,663.3,146.7,773.7,0.000,0.7562,1
3541,540,1632.0,706.5,1666.0,847.2,0.000,0.6812,1
3541,581,1782.0,672.1,1838.2,869.6,0.000,0.7558,1
3541,569,1683.6,687.2,1776.9,920.8,0.000,0.7496,1
3541,541,944.9,718.2,971.2,757.1,0.000,0.3698,0
3542,262,271.0,679.3,350.9,876.1,0.000,0.8257,1
3542,557,254.1,683.4,290.8,816.8,0.000,0.7717,1
3542,572,211.8,681.4,248.9,797.8,0.000,0.7590,1
3542,485,155.1,659.0,192.9,789.5,0.000,0.7682,1
3542,588,1227.1,719.1,1309.2,910.9,0.000,0.7586,1
3542,550,114.5,662.8,147.2,773.6,0.000,0.7564,1
3542,540,1631.8,706.5,1666.0,847.3,0.000,0.6811,1
3542,581,1781.3,673.0,1837.4,869.7,0.000,0.7551,1
3542,569,1681.9,686.9,1776.1,921.7,0.000,0.7729,1
3542,541,944.9,718.3,971.2,757.1,0.000,0.3698,0
3543,262,266.2,679.3,344.3,875.1,0.000,0.8249,1
3543,557,253.3,685.4,289.5,817.2,0.000,0.7715,1
3543,572,211.7,681.3,249.0,797.7,0.000,0.7587,1
3543,485,155.7,658.3,193.8,789.1,0.000,0.7681,1
3543,588,1223.3,719.5,1306.2,911.2,0.000,0.7598,1
3543,550,112.3,654.7,147.4,774.4,0.000,0.7580,1
3543,540,1631.9,706.7,1666.3,847.4,0.000,0.6811,1
3543,581,1781.0,672.3,1837.3,869.3,0.000,0.7546,1
3543,569,1681.5,686.6,1776.1,921.3,0.000,0.7733,1
3543,541,944.8,718.3,971.2,757.1,0.000,0.3698,0
3544,262,261.8,679.5,337.5,874.5,0.000,0.8244,1
3544,557,252.9,689.1,287.9,816.9,0.000,0.7710,1
3544,572,212.1,683.6,248.9,797.3,0.000,0.7582,1
3544,485,155.1,658.0,193.6,788.7,0.000,0.7681,1
3544,588,1218.5,716.4,1302.4,911.1,0.000,0.7604,1
3544,550,110.7,651.7,146.7,775.7,0.000,0.7599,1
3544,540,1631.8,706.9,1666.4,847.5,0.000,0.6810,1
3544,581,1780.2,670.3,1837.3,869.3,0.000,0.7547,1
3544,569,1681.8,684.4,1777.1,921.0,0.000,0.7735,1
3544,541,944.7,718.0,971.2,757.1,0.000,0.3698,0
3544,554,307.1,684.2,344.7,833.3,0.000,0.7856,1
3545,262,258.4,679.3,331.3,872.8,0.000,0.8237,1
3545,572,212.2,684.2,249.1,797.5,0.000,0.7578,1
3545,485,156.1,658.1,194.5,788.3,0.000,0.7678,1
3545,588,1212.5,715.2,1295.2,911.3,0.000,0.7611,1
3545,550,109.3,654.6,146.7,784.3,0.000,0.7637,1
3545,540,1631.7,707.0,1666.5,847.7,0.000,0.6810,1
3545,581,1780.3,670.8,1837.6,869.7,0.000,0.7546,1
3545,569,1681.5,682.3,1777.7,920.9,0.000,0.7736,1
3545,541,944.7,717.7,971.3,757.1,0.000,0.3698,0
3545,554,304.2,680.1,343.6,836.9,0.000,0.7856,1
3546,262,253.7,677.4,325.3,873.8,0.000,0.8238,1
3546,572,212.2,686.8,249.0,797.9,0.000,0.7576,1
3546,485,156.5,656.7,195.5,788.1,0.000,0.7678,1
3546,588,1205.1,712.4,1286.1,911.4,0.000,0.7614,1
3546,550,105.6,652.4,148.7,805.0,0.000,0.7735,1
3546,540,1631.7,707.1,1666.6,847.9,0.000,0.6810,1
3546,581,1780.5,666.1,1839.4,870.0,0.000,0.7557,1
3546,569,1681.8,680.3,1778.1,919.4,0.000,0.7730,1
3546,541,944.7,717.8,971.3,757.1,0.000,0.3761,0
3546,554,302.5,679.7,342.1,836.6,0.000,0.7856,1
3547,262,252.8,679.5,320.7,871.4,0.000,0.8230,1
3547,572,212.1,685.5,249.9,798.7,0.000,0.7578,1
3547,485,154.2,656.1,194.3,788.5,0.000,0.7680,1
3547,588,1197.3,714.2,1274.9,911.5,0.000,0.7619,1
3547,550,105.0,640.8,150.1,803.1,0.000,0.7793,1
3547,540,1631.4,706.9,1666.4,847.9,0.000,0.6810,1
3547,581,1781.0,669.6,1838.9,869.6,0.000,0.7553,1
3547,569,1680.8,679.0,1778.8,923.2,0.000,0.7743,1
3547,541,944.6,717.8,971.3,757.1,0.000,0.3762,0
3547,554,299.0,680.0,339.3,838.4,0.000,0.7856,1
3547,347,703.0,712.8,810.2,909.0,0.000,0.7965,1
3548,262,250.4,680.8,316.4,871.9,0.000,0.8229,1
3548,572,211.6,682.4,251.0,799.4,0.000,0.7584,1
3548,485,153.3,654.8,194.4,789.0,0.000,0.7685,1
3548,588,1190.6,715.5,1265.8,911.3,0.000,0.7621,1
3548,550,104.7,635.7,151.4,805.5,0.000,0.7847,1
3548,540,1631.4,707.1,1666.5,848.1,0.000,0.6810,1
3548,581,1780.5,668.0,1839.0,869.7,0.000,0.7556,1
3548,569,1680.4,678.8,1778.3,923.0,0.000,0.7746,1
3548,541,944.5,717.7,971.3,757.1,0.000,0.3764,0
3548,554,297.2,679.3,338.1,838.1,0.000,0.7856,1
3548,347,698.8,713.9,806.0,908.9,0.000,0.7965,1
3549,262,247.5,678.3,312.9,872.0,0.000,0.8230,1
3549,572,213.4,682.4,253.9,800.4,0.000,0.7590,1
3549,485,151.5,653.7,193.2,789.0,0.000,0.7690,1
3549,588,1182.0,713.3,1257.8,911.5,0.000,0.7624,1
3549,550,105.3,632.3,152.1,805.0,0.000,0.7883,1
3549,540,1631.4,707.4,1666.5,847.9,0.000,0.6808,1
3549,581,1780.1,665.0,1839.8,869.7,0.000,0.7564,1
3549,569,1684.7,679.7,1778.1,912.7,0.000,0.7709,1
3549,541,944.5,717.9,971.3,757.3,0.000,0.3766,0
3549,554,295.0,680.5,336.2,838.2,0.000,0.7856,1
3549,347,695.6,715.1,803.1,908.9,0.000,0.7965,1
3550,262,244.0,676.2,309.4,872.3,0.000,0.8232,1
3550,572,213.7,679.0,256.1,801.4,0.000,0.7600,1
3550,485,152.0,653.1,194.0,788.9,0.000,0.7693,1
3550,588,1170.0,714.1,1247.9,911.5,0.000,0.7629,1
3550,550,107.2,632.2,151.5,796.1,0.000,0.7882,1
3550,540,1631.5,707.3,1666.6,847.6,0.000,0.6806,1
3550,581,1780.8,664.0,1841.5,870.0,0.000,0.7571,1
3550,541,944.4,718.0,971.2,757.4,0.000,0.3766,0
3550,554,294.2,681.1,336.4,838.4,0.000,0.7856,1
3550,347,691.8,714.3,800.4,909.1,0.000,0.7965,1
3551,262,241.3,674.8,306.5,871.6,0.000,0.8233,1
3551,485,151.6,653.0,194.0,788.8,0.000,0.7696,1
3551,588,1159.9,715.7,1240.7,911.2,0.000,0.7633,1
3551,550,107.4,632.1,150.8,792.7,0.000,0.7879,1
3551,540,1631.4,707.6,1666.6,847.8,0.000,0.6804,1
3551,581,1780.1,663.4,1841.2,870.5,0.000,0.7578,1
3551,541,944.4,718.0,971.3,757.5,0.000,0.3767,0
3551,554,299.9,682.6,340.4,835.7,0.000,0.7856,1
3551,347,688.2,711.6,797.6,909.1,0.000,0.7965,1
3551,563,285.4,682.8,324.9,838.1,0.000,0.7871,1
3551,569,1690.6,685.0,1776.6,898.2,0.000,0.7709,1
3552,262,239.6,677.5,304.1,871.3,0.000,0.8232,1
3552,485,150.5,654.1,193.1,788.4,0.000,0.7695,1
3552,588,1152.1,716.9,1236.8,911.2,0.000,0.7638,1
3552,550,108.7,633.7,150.5,787.9,0.000,0.7862,1
3552,540,1631.2,707.7,1666.5,848.0,0.000,0.6803,1
3552,581,1781.0,665.8,1841.9,870.8,0.000,0.7577,1
3552,541,944.4,717.8,971.4,757.5,0.000,0.3769,0
3552,554,301.6,683.4,341.3,835.3,0.000,0.7856,1
3552,347,685.1,712.4,791.7,907.8,0.000,0.7965,1
3552,563,282.9,685.0,321.8,835.4,0.000,0.7871,1
3552,569,1686.0,683.5,1776.7,907.8,0.000,0.7709,1
3552,572,216.7,682.2,257.2,801.0,0.000,0.7600,1
3553,262,237.7,677.9,302.2,870.0,0.000,0.8229,1
3553,485,151.3,654.8,193.6,787.6,0.000,0.7691,1
3553,588,1145.7,718.8,1234.5,911.3,0.000,0.7644,1
3553,550,106.9,634.4,151.2,799.3,0.000,0.7890,1
3553,540,1631.2,707.6,1666.6,848.0,0.000,0.6802,1
3553,581,1780.6,664.3,1842.2,870.9,0.000,0.7582,1
3553,541,944.3,717.5,971.5,757.6,0.000,0.3772,0
3553,554,302.1,683.7,341.6,836.4,0.000,0.7856,1
3553,347,681.8,714.5,784.4,906.6,0.000,0.7965,1
3553,563,280.3,685.1,319.7,836.1,0.000,0.7871,1
3553,569,1689.6,684.8,1776.8,899.2,0.000,0.7709,1
3553,572,217.3,684.3,256.4,801.1,0.000,0.7600,1
3554,262,236.5,679.6,300.5,867.8,0.000,0.8220,1
3554,485,151.3,655.2,193.5,788.2,0.000,0.7691,1
3554,588,1141.2,719.8,1234.0,911.5,0.000,0.7651,1
3554,550,107.8,635.9,150.0,793.1,0.000,0.7879,1
3554,540,1631.3,707.4,1666.9,847.9,0.000,0.6801,1
3554,581,1781.6,665.9,1843.1,871.1,0.000,0.7580,1
3554,541,944.4,717.5,971.4,757.4,0.000,0.3774,0
3554,554,302.3,683.7,341.5,836.9,0.000,0.7856,1
3554,347,677.1,713.7,776.9,906.8,0.000,0.7965,1
3554,563,277.1,685.4,317.5,838.1,0.000,0.7871,1
3554,569,1691.9,690.8,1775.4,893.0,0.000,0.7709,1
3554,572,215.6,683.6,254.6,800.7,0.000,0.7600,1
3555,262,235.1,682.2,298.9,867.6,0.000,0.8214,1
3555,485,151.0,655.6,193.1,788.9,0.000,0.7692,1
3555,588,1132.9,719.7,1228.0,911.1,0.000,0.7656,1
3555,550,107.9,637.0,150.9,798.3,0.000,0.7892,1
3555,540,1631.4,707.5,1667.1,848.0,0.000,0.6801,1
3555,581,1781.5,667.1,1842.8,871.0,0.000,0.7577,1
3555,541,944.4,717.6,971.4,757.5,0.000,0.3775,0
3555,554,302.0,683.2,341.0,837.0,0.000,0.7856,1
3555,347,671.4,712.4,767.5,906.2,0.000,0.7965,1
3555,563,273.2,685.3,314.1,838.4,0.000,0.7871,1
3555,569,1692.6,691.4,1774.9,888.2,0.000,0.7709,1
3555,572,213.7,685.3,251.9,799.8,0.000,0.7600,1
3556,262,232.5,680.5,296.7,865.4,0.000,0.8205,1
3556,485,151.1,655.8,193.1,789.1,0.000,0.7693,1
3556,588,1126.7,716.9,1223.9,910.8,0.000,0.7658,1
3556,550,105.3,639.4,150.7,812.5,0.000,0.7940,1
3556,540,1631.3,707.6,1667.1,847.8,0.000,0.6799,1
3556,581,1780.1,667.2,1841.5,870.9,0.000,0.7575,1
3556,541,944.3,717.8,971.3,757.6,0.000,0.3777,0
3556,554,302.2,683.1,340.9,837.1,0.000,0.7856,1
3556,563,272.5,684.3,314.4,838.0,0.000,0.7871,1
3556,572,210.3,682.3,249.1,798.7,0.000,0.7600,1
3557,262,228.2,677.3,293.4,864.2,0.000,0.8200,1
3557,485,150.6,655.9,192.4,789.2,0.000,0.7694,1
3557,588,1119.9,713.4,1218.3,910.8,0.000,0.7661,1
3557,550,104.9,640.5,150.7,817.6,0.000,0.7977,1
3557,540,1631.2,707.5,1667.0,847.9,0.000,0.6799,1
3557,581,1778.8,666.7,1840.2,870.9,0.000,0.7575,1
3557,541,944.3,717.9,971.1,757.5,0.000,0.3778,0
3557,554,302.7,682.6,341.1,836.8,0.000,0.7856,1
3557,563,271.2,683.3,314.6,837.8,0.000,0.7871,1
3557,569,1689.2,683.8,1777.3,894.0,0.000,0.7709,1
3558,262,225.3,676.9,289.5,861.4,0.000,0.8189,1
3558,485,148.7,656.3,190.6,789.7,0.000,0.7697,1
3558,588,1113.3,713.7,1209.7,910.7,0.000,0.7664,1
3558,550,105.1,640.3,151.1,820.0,0.000,0.8007,1
3558,540,1631.2,707.3,1667.1,848.0,0.000,0.6800,1
3558,581,1778.2,666.5,1839.1,870.7,0.000,0.7574,1
3558,541,944.2,717.8,971.2,757.5,0.000,0.3779,0
3558,554,303.3,682.6,341.3,835.9,0.000,0.7856,1
3558,563,270.1,683.2,314.8,837.9,0.000,0.7871,1
3558,569,1687.9,685.5,1777.1,897.6,0.000,0.7709,1
3559,262,221.7,674.1,285.4,858.4,0.000,0.8176,1
3559,485,146.3,654.2,189.5,790.7,0.000,0.7706,1
3559,588,1106.1,711.4,1200.0,910.8,0.000,0.7669,1
3559,550,105.3,640.0,151.0,820.5,0.000,0.8029,1
3559,540,1631.2,707.2,1667.2,847.9,0.000,0.6800,1
3559,581,1777.5,664.0,1838.5,870.5,0.000,0.7580,1
3559,541,944.2,717.9,971.2,757.5,0.000,0.3779,0
3559,554,303.5,682.7,341.3,836.2,0.000,0.7832,1
3559,563,276.1,683.9,320.2,838.1,0.000,0.7871,1
3559,569,1686.7,685.2,1777.4,900.5,0.000,0.7709,1
3559,347,643.6,710.4,738.4,905.4,0.000,0.7965,1
3560,262,217.1,673.4,278.7,854.4,0.000,0.8159,1
3560,485,146.1,653.0,189.7,791.5,0.000,0.7715,1
3560,588,1099.3,712.2,1189.0,911.0,0.000,0.7676,1
3560,550,104.9,636.3,151.0,820.6,0.000,0.8048,1
3560,540,1631.3,707.5,1667.4,847.9,0.000,0.6799,1
3560,581,1778.2,670.4,1837.0,870.1,0.000,0.7566,1
3560,541,944.2,717.9,971.3,757.6,0.000,0.3779,0
3560,554,303.2,682.6,340.9,836.7,0.000,0.7833,1
3560,563,277.7,683.9,321.6,838.8,0.000,0.7871,1
3560,569,1686.5,686.5,1775.9,897.8,0.000,0.7709,1
3560,347,634.7,706.6,730.7,905.1,0.000,0.7965,1
3560,557,256.0,685.4,294.0,823.5,0.000,0.7710,1
3561,262,212.5,668.9,273.5,852.5,0.000,0.8149,1
3561,485,145.1,652.3,188.7,791.3,0.000,0.7722,1
3561,588,1092.1,712.4,1178.6,911.5,0.000,0.7689,1
3561,550,105.0,635.7,150.8,820.4,0.000,0.8061,1
3561,540,1631.3,707.5,1667.4,848.0,0.000,0.6799,1
3561,581,1778.4,669.4,1836.9,869.8,0.000,0.7562,1
3561,541,944.3,718.1,971.3,757.7,0.000,0.3778,0
3561,554,303.2,682.5,340.8,836.9,0.000,0.7834,1
3561,563,275.2,682.8,319.6,837.6,0.000,0.7871,1
3561,569,1685.1,687.6,1775.4,900.0,0.000,0.7709,1
3561,347,627.6,708.9,723.2,904.2,0.000,0.7965,1
3561,557,256.6,684.2,296.5,823.6,0.000,0.7710,1
3562,262,209.3,668.4,269.5,853.3,0.000,0.8145,1
3562,485,143.1,650.1,187.3,791.7,0.000,0.7733,1
3562,588,1083.4,713.3,1167.6,911.4,0.000,0.7701,1
3562,550,105.9,635.9,150.3,817.2,0.000,0.8060,1
3562,540,1631.3,707.6,1667.5,847.9,0.000,0.6798,1
3562,581,1778.8,669.0,1837.1,869.6,0.000,0.7560,1
3562,541,944.5,718.3,971.3,757.5,0.000,0.3776,0
3562,554,303.2,682.8,340.7,837.2,0.000,0.7836,1
3562,563,274.4,682.8,319.6,839.6,0.000,0.7871,1
3562,569,1684.9,687.2,1775.8,900.2,0.000,0.7709,1
3562,347,622.9,711.6,718.9,904.0,0.000,0.7965,1
3562,557,255.8,682.8,297.1,822.0,0.000,0.7710,1
3563,485,142.4,649.2,186.4,791.7,0.000,0.7741,1
3563,588,1073.4,714.3,1157.8,912.6,0.000,0.7724,1
3563,550,106.6,635.7,150.5,815.7,0.000,0.8058,1
3563,540,1631.2,708.0,1667.4,848.0,0.000,0.6797,1
3563,581,1779.2,667.4,1837.3,869.6,0.000,0.7562,1
3563,541,944.6,718.2,971.3,757.4,0.000,0.3773,0
3563,554,303.4,683.0,340.8,837.7,0.000,0.7837,1
3563,563,272.4,683.1,318.3,840.4,0.000,0.7871,1
3563,347,619.8,713.6,716.7,903.8,0.000,0.7965,1
3563,557,255.6,683.4,297.9,820.6,0.000,0.7710,1
3564,485,141.5,648.8,185.4,792.7,0.000,0.7751,1
3564,588,1062.1,714.9,1148.5,912.7,0.000,0.7745,1
3564,550,106.6,635.7,149.9,814.6,0.000,0.8055,1
3564,540,1631.1,707.9,1667.3,848.0,0.000,0.6796,1
3564,581,1780.1,670.0,1837.1,869.5,0.000,0.7556,1
3564,541,944.6,718.1,971.4,757.4,0.000,0.3771,0
3564,554,303.6,683.3,340.8,837.3,0.000,0.7837,1
3564,563,272.7,683.2,318.8,840.2,0.000,0.7871,1
3564,347,616.6,712.5,715.4,903.3,0.000,0.7965,1
3564,262,205.1,667.8,264.3,853.6,0.000,0.8145,1
3564,569,1690.0,688.6,1776.4,890.4,0.000,0.7709,1
3565,485,140.6,651.1,182.4,790.7,0.000,0.7749,1
3565,588,1053.0,716.2,1142.5,913.1,0.000,0.7767,1
3565,550,106.6,636.7,149.2,814.2,0.000,0.8051,1
3565,540,1631.0,707.6,1667.3,848.0,0.000,0.6797,1
3565,581,1780.0,669.6,1836.8,869.7,0.000,0.7554,1
3565,541,944.6,718.1,971.5,757.5,0.000,0.3770,0
3565,554,303.7,683.2,340.7,837.2,0.000,0.7837,1
3565,563,271.2,683.3,317.7,839.4,0.000,0.7871,1
3565,347,614.1,715.0,713.0,902.4,0.000,0.7965,1
3565,262,203.0,667.4,261.7,853.6,0.000,0.8145,1
3565,569,1690.7,688.4,1777.0,889.5,0.000,0.7709,1
3566,485,140.9,650.6,182.4,790.9,0.000,0.7750,1
3566,588,1045.4,717.7,1138.0,913.5,0.000,0.7789,1
3566,550,106.7,636.6,149.0,814.7,0.000,0.8051,1
3566,540,1630.9,708.0,1667.2,848.0,0.000,0.6795,1
3566,581,1780.0,671.9,1836.1,869.9,0.000,0.7548,1
3566,541,944.7,718.1,971.6,757.6,0.000,0.3769,0
3566,554,303.9,683.3,340.9,837.3,0.000,0.7837,1
3566,563,270.2,683.4,317.5,838.8,0.000,0.7896,1
3566,347,609.7,711.8,711.0,902.5,0.000,0.7965,1
3566,262,198.0,667.0,257.4,854.6,0.000,0.8145,1
3566,569,1684.9,687.3,1778.1,905.9,0.000,0.7709,1
3566,557,255.9,680.8,296.6,817.5,0.000,0.7710,1
3567,485,140.7,651.5,181.6,791.1,0.000,0.7751,1
3567,588,1040.3,718.8,1136.1,913.9,0.000,0.7809,1
3567,550,106.4,635.3,148.6,814.5,0.000,0.8051,1
3567,540,1630.9,707.9,1667.2,847.9,0.000,0.6795,1
3567,581,1780.1,675.4,1835.3,869.9,0.000,0.7536,1
3567,541,944.7,718.1,971.6,757.6,0.000,0.3768,0
3567,554,304.0,683.1,340.9,837.4,0.000,0.7838,1
3567,563,269.9,683.6,317.7,838.5,0.000,0.7894,1
3567,347,605.0,707.9,708.2,903.0,0.000,0.7965,1
3567,262,192.6,666.2,253.5,854.4,0.000,0.8145,1
3567,569,1682.2,685.5,1778.5,912.7,0.000,0.7709,1
3567,557,257.0,681.1,296.4,817.2,0.000,0.7710,1
3568,485,139.0,651.2,179.2,790.9,0.000,0.7752,1
3568,588,1033.2,718.8,1131.8,914.0,0.000,0.7828,1
3568,550,106.3,635.1,147.9,813.9,0.000,0.8050,1
3568,540,1630.9,708.1,1667.2,848.0,0.000,0.6794,1
3568,581,1780.8,679.1,1835.0,869.9,0.000,0.7519,1
3568,541,944.6,717.7,971.7,757.6,0.000,0.3769,0
3568,554,304.0,682.7,340.9,837.1,0.000,0.7837,1
3568,563,273.8,684.1,320.9,837.2,0.000,0.7887,1
3568,347,601.2,705.4,704.3,902.2,0.000,0.7965,1
3568,262,189.9,667.2,251.7,854.1,0.000,0.8145,1
3568,569,1686.4,685.1,1778.3,901.9,0.000,0.7709,1
3568,557,257.3,682.3,295.9,819.7,0.000,0.7710,1
3569,485,137.8,650.5,177.3,790.3,0.000,0.7752,1
3569,588,1027.2,718.6,1127.5,914.3,0.000,0.7846,1
3569,550,106.1,635.9,146.8,812.7,0.000,0.8045,1
3569,540,1630.9,707.9,1667.3,848.0,0.000,0.6794,1
3569,581,1780.8,681.6,1834.3,869.8,0.000,0.7502,1
3569,541,944.5,717.6,971.8,757.7,0.000,0.3771,0
3569,554,303.7,682.9,340.3,836.8,0.000,0.7836,1
3569,563,276.4,684.4,322.9,837.1,0.000,0.7882,1
3569,262,187.4,666.1,250.8,853.7,0.000,0.8145,1
3569,569,1684.4,684.7,1778.2,906.6,0.000,0.7709,1
3569,557,257.2,682.7,295.0,820.0,0.000,0.7710,1
3570,485,137.3,650.9,176.2,789.7,0.000,0.7751,1
3570,588,1022.3,718.3,1123.1,914.4,0.000,0.7861,1
3570,550,106.5,640.3,145.0,808.5,0.000,0.8027,1
3570,540,1630.7,707.9,1667.0,847.9,0.000,0.6793,1
3570,581,1781.2,683.0,1834.5,870.1,0.000,0.7489,1
3570,541,944.5,718.0,971.5,757.8,0.000,0.3770,0
3570,554,303.4,682.4,340.1,837.3,0.000,0.7838,1
3570,563,276.9,684.2,323.2,838.1,0.000,0.7881,1
3570,262,184.5,665.5,249.4,853.3,0.000,0.8145,1
3570,569,1684.9,686.1,1776.5,902.1,0.000,0.7709,1
3570,557,257.3,682.4,294.7,819.3,0.000,0.7710,1
3571,485,136.7,651.5,175.2,790.4,0.000,0.7752,1
3571,588,1015.8,716.4,1116.5,914.6,0.000,0.7875,1
3571,550,107.1,639.4,145.4,807.8,0.000,0.8017,1
3571,540,1630.4,707.9,1666.5,847.8,0.000,0.6792,1
3571,581,1781.3,683.4,1834.6,870.2,0.000,0.7479,1
3571,541,944.5,718.2,971.4,757.8,0.000,0.3770,0
3571,554,303.3,682.2,340.0,837.8,0.000,0.7840,1
3571,563,277.4,684.0,323.2,838.1,0.000,0.7880,1
3571,262,182.8,665.0,248.9,852.9,0.000,0.8145,1
3571,569,1681.3,684.1,1776.4,908.7,0.000,0.7709,1
3571,557,256.6,682.3,293.5,818.6,0.000,0.7710,1
3572,485,136.2,651.3,174.3,790.4,0.000,0.7753,1
3572,588,1008.4,714.8,1107.2,914.9,0.000,0.7890,1
3572,550,106.7,639.5,145.2,809.8,0.000,0.8015,1
3572,540,1630.4,707.6,1666.6,847.7,0.000,0.6792,1
3572,581,1780.8,682.7,1834.5,870.5,0.000,0.7474,1
3572,541,944.6,718.3,971.4,757.7,0.000,0.3769,0
3572,554,303.4,682.2,339.9,837.7,0.000,0.7842,1
3572,563,277.8,684.1,323.0,837.4,0.000,0.7877,1
3572,262,181.4,665.9,248.3,852.1,0.000,0.8145,1
3572,569,1686.0,691.7,1773.8,896.2,0.000,0.7709,1
3572,557,255.4,682.0,292.1,818.2,0.000,0.7710,1
3573,485,136.2,650.9,174.5,791.9,0.000,0.7759,1
3573,588,1000.5,713.8,1095.6,914.7,0.000,0.7902,1
3573,550,106.6,642.2,144.5,810.7,0.000,0.8013,1
3573,540,1630.4,707.5,1666.5,847.7,0.000,0.6792,1
3573,581,1780.8,681.4,1834.9,870.5,0.000,0.7472,1
3573,541,944.5,718.2,971.4,757.8,0.000,0.3768,0
3573,554,303.7,681.6,340.2,838.0,0.000,0.7844,1
3573,262,180.8,665.2,247.6,847.8,0.000,0.8145,1
3573,569,1688.4,692.8,1773.1,887.5,0.000,0.7709,1
3573,557,255.4,682.1,291.6,817.8,0.000,0.7710,1
3574,485,136.0,651.1,173.9,792.3,0.000,0.7764,1
3574,588,990.5,712.2,1083.0,914.9,0.000,0.7917,1
3574,550,107.1,642.1,144.9,810.8,0.000,0.8011,1
3574,540,1630.6,707.2,1666.7,847.6,0.000,0.6793,1
3574,581,1782.9,682.7,1836.0,868.6,0.000,0.7459,1
3574,541,944.6,718.5,971.3,757.7,0.000,0.3765,0
3574,554,303.8,681.5,340.2,838.3,0.000,0.7846,1
3574,262,177.8,664.3,246.1,848.5,0.000,0.8145,1
3574,569,1686.7,694.1,1772.5,889.1,0.000,0.7709,1
3574,557,255.5,682.2,291.3,817.7,0.000,0.7710,1
3574,572,212.1,679.1,251.9,800.7,0.000,0.7600,1
3574,347,566.8,708.3,661.8,900.0,0.000,0.7965,1
3574,563,278.2,683.1,322.9,837.3,0.000,0.7877,1
3575,485,135.6,649.7,173.7,792.5,0.000,0.7770,1
3575,588,983.0,712.1,1073.1,914.9,0.000,0.7931,1
3575,550,106.7,641.5,144.5,811.3,0.000,0.8012,1
3575,540,1630.5,707.0,1666.7,847.7,0.000,0.6794,1
3575,581,1784.3,682.6,1836.9,867.5,0.000,0.7450,1
3575,541,944.6,718.8,971.1,757.8,0.000,0.3761,0
3575,554,304.5,681.5,341.0,838.2,0.000,0.7847,1
3575,262,175.2,667.4,241.8,845.8,0.000,0.8145,1
3575,569,1687.1,695.6,1771.9,885.8,0.000,0.7709,1
3575,557,255.4,682.6,290.6,817.1,0.000,0.7710,1
3575,572,210.3,678.3,250.3,801.3,0.000,0.7600,1
3575,563,278.8,683.1,322.9,837.2,0.000,0.7877,1
3576,588,973.6,712.9,1062.9,915.0,0.000,0.7946,1
3576,550,107.2,641.2,145.5,812.4,0.000,0.8015,1
3576,540,1630.3,706.7,1666.4,847.8,0.000,0.6797,1
3576,581,1785.1,682.9,1837.3,867.3,0.000,0.7444,1
3576,541,944.6,719.3,970.9,757.9,0.000,0.3756,0
3576,554,304.8,681.6,341.7,838.5,0.000,0.7849,1
3576,262,172.5,667.7,237.7,842.2,0.000,0.8145,1
3576,569,1685.4,692.7,1773.1,888.0,0.000,0.7709,1
3576,557,255.4,682.9,290.1,816.9,0.000,0.7710,1
3576,572,208.9,678.7,248.7,801.5,0.000,0.7600,1
3576,563,279.3,683.5,322.7,837.2,0.000,0.7877,1
3576,347,554.2,706.1,649.4,900.2,0.000,0.7965,1
3577,588,962.7,714.4,1052.9,914.9,0.000,0.7962,1
3577,550,108.0,640.0,146.7,812.2,0.000,0.8016,1
3577,540,1630.4,707.0,1666.4,847.6,0.000,0.6797,1
3577,581,1785.2,683.3,1836.9,866.9,0.000,0.7437,1
3577,541,944.7,719.5,970.8,757.7,0.000,0.3749,0
3577,554,304.5,681.5,341.3,838.1,0.000,0.7848,1
3577,262,168.4,664.4,233.0,839.2,0.000,0.8145,1
3577,569,1686.6,694.8,1773.2,885.8,0.000,0.7709,1
3577,557,255.0,683.0,289.6,817.7,0.000,0.7710,1
3577,572,207.5,680.6,247.0,801.3,0.000,0.7600,1
3577,563,279.8,684.1,322.1,834.6,0.000,0.7877,1
3577,347,548.5,708.9,642.7,900.5,0.000,0.7965,1
3577,485,135.9,659.6,171.5,794.2,0.000,0.7770,1
3578,588,952.3,715.6,1045.3,914.9,0.000,0.7978,1
3578,550,112.7,641.2,152.4,811.3,0.000,0.8011,1
3578,540,1630.4,706.4,1666.5,847.7,0.000,0.6799,1
3578,581,1785.3,681.1,1837.3,867.2,0.000,0.7440,1
3578,541,944.9,720.0,970.7,757.7,0.000,0.3740,0
3578,554,303.2,681.7,339.6,837.6,0.000,0.7848,1
3578,262,164.3,663.7,227.5,838.4,0.000,0.8145,1
3578,569,1684.2,689.6,1774.3,887.2,0.000,0.7709,1
3578,557,255.1,683.0,289.6,818.0,0.000,0.7710,1
3578,572,205.5,680.8,244.8,800.4,0.000,0.7600,1
3578,563,280.4,684.2,322.1,833.5,0.000,0.7877,1
3578,347,543.5,709.1,638.1,900.9,0.000,0.7965,1
3579,588,945.0,717.7,1041.0,915.1,0.000,0.7993,1
3579,550,114.1,640.7,153.8,805.5,0.000,0.7992,1
3579,540,1630.3,706.3,1666.5,847.8,0.000,0.6802,1
3579,581,1785.2,681.7,1836.9,867.4,0.000,0.7439,1
3579,541,945.1,720.0,970.9,757.6,0.000,0.3732,0
3579,554,303.1,681.5,339.3,837.6,0.000,0.7847,1
3579,262,162.3,660.2,224.8,837.9,0.000,0.8100,1
3579,569,1686.3,700.1,1771.4,883.4,0.000,0.7401,1
3579,557,255.2,682.7,289.6,818.1,0.000,0.7710,1
3579,563,280.7,684.6,321.7,831.5,0.000,0.7877,1
3579,347,541.3,709.8,635.8,900.8,0.000,0.7965,1
3580,588,937.7,718.9,1036.6,915.3,0.000,0.8008,1
3580,540,1630.3,706.3,1666.3,847.7,0.000,0.6804,1
3580,581,1785.0,680.8,1836.8,867.3,0.000,0.7441,1
3580,554,303.3,681.5,339.2,837.7,0.000,0.7847,1
3580,262,159.1,658.1,221.4,840.3,0.000,0.8107,1
3580,557,255.5,682.5,289.8,818.1,0.000,0.7710,1
3580,347,538.8,710.2,633.0,900.1,0.000,0.7965,1
3580,572,204.9,674.8,246.3,799.0,0.000,0.7600,1
3581,588,929.9,718.3,1031.8,915.2,0.000,0.8021,1
3581,540,1630.6,706.8,1666.3,847.2,0.000,0.6801,1
3581,581,1784.8,680.5,1836.6,867.5,0.000,0.7443,1
3581,554,304.2,682.5,339.8,837.3,0.000,0.7845,1
3581,557,256.1,682.6,290.3,818.0,0.000,0.7725,1
3581,347,536.3,709.5,630.6,899.6,0.000,0.7965,1
3581,563,280.2,684.5,322.4,837.2,0.000,0.7877,1
3582,588,922.2,716.1,1026.2,914.5,0.000,0.8028,1
3582,540,1630.4,706.3,1666.4,847.7,0.000,0.6804,1
3582,581,1785.1,680.6,1836.7,867.9,0.000,0.7445,1
3582,554,304.4,682.9,339.9,837.2,0.000,0.7843,1
3582,557,256.3,682.6,290.4,817.8,0.000,0.7725,1
3582,347,533.9,711.8,626.0,899.4,0.000,0.7965,1
3582,563,280.4,684.3,322.0,835.2,0.000,0.7877,1
3582,262,153.4,658.6,213.6,840.0,0.000,0.8107,1
3582,572,213.0,674.7,253.4,798.7,0.000,0.7600,1
3583,588,917.2,719.9,1019.4,913.5,0.000,0.8032,1
3583,540,1630.2,705.9,1666.1,847.9,0.000,0.6808,1
3583,581,1786.5,681.7,1837.4,867.0,0.000,0.7441,1
3583,554,304.3,683.3,339.8,837.3,0.000,0.7841,1
3583,557,256.4,682.7,290.3,817.7,0.000,0.7724,1
3583,563,280.6,684.2,322.3,837.4,0.000,0.7877,1
3583,262,151.7,660.8,209.8,840.0,0.000,0.8107,1
3583,572,214.3,674.8,253.8,799.2,0.000,0.7600,1
3583,550,111.2,639.4,152.3,806.2,0.000,0.7992,1
3584,588,910.2,719.9,1010.9,913.3,0.000,0.8038,1
3584,540,1630.0,706.0,1665.7,847.9,0.000,0.6810,1
3584,581,1786.7,680.9,1837.3,866.4,0.000,0.7440,1
3584,554,304.3,682.7,339.7,837.1,0.000,0.7840,1
3584,557,256.1,682.9,289.9,817.8,0.000,0.7724,1
3584,563,280.6,683.7,322.2,838.0,0.000,0.7877,1
3584,262,150.5,659.6,207.9,840.1,0.000,0.8107,1
3584,572,214.5,672.7,253.9,799.3,0.000,0.7600,1
3584,550,110.4,640.9,152.2,806.9,0.000,0.7992,1
3584,347,525.7,707.6,614.9,894.6,0.000,0.7965,1
3585,588,903.8,719.3,1001.4,912.7,0.000,0.8042,1
3585,540,1630.1,706.1,1665.5,847.8,0.000,0.6811,1
3585,581,1787.2,681.4,1837.4,866.3,0.000,0.7439,1
3585,554,303.6,683.0,339.0,836.9,0.000,0.7839,1
3585,557,256.0,682.9,289.8,817.8,0.000,0.7724,1
3585,563,280.3,684.0,321.8,838.9,0.000,0.7877,1
3585,262,149.2,657.8,206.1,840.4,0.000,0.8107,1
3585,572,214.9,674.0,253.5,799.2,0.000,0.7600,1
3585,550,110.2,641.6,152.8,807.7,0.000,0.7992,1
3585,347,521.5,701.1,610.5,894.6,0.000,0.7965,1
3585,569,1692.6,703.1,1776.0,880.6,0.000,0.7401,1
3586,588,895.3,718.0,989.3,911.9,0.000,0.8045,1
3586,540,1630.0,706.7,1664.9,846.6,0.000,0.6805,1
3586,581,1786.8,679.9,1837.3,866.7,0.000,0.7445,1
3586,554,303.0,682.7,338.5,836.3,0.000,0.7837,1
3586,557,256.0,683.1,289.7,817.4,0.000,0.7722,1
3586,653,794.4,736.2,829.4,806.1,0.000,0.5661,1
3586,563,280.6,683.7,322.2,839.4,0.000,0.7877,1
3586,262,148.8,656.4,204.9,839.4,0.000,0.8107,1
3586,572,215.9,675.1,253.6,799.2,0.000,0.7600,1
3586,550,109.3,644.1,151.6,807.7,0.000,0.7992,1
3586,347,517.2,695.6,606.2,894.9,0.000,0.7965,1
3587,588,887.7,718.3,978.2,911.8,0.000,0.8050,1
3587,540,1630.0,706.7,1664.7,846.3,0.000,0.6801,1
3587,581,1786.4,679.5,1837.2,867.4,0.000,0.7451,1
3587,554,303.1,682.4,338.7,835.9,0.000,0.7835,1
3587,557,255.7,683.0,289.4,817.6,0.000,0.7722,1
3587,653,794.8,736.4,829.2,805.5,0.000,0.5662,1
3587,262,148.7,656.0,204.0,839.0,0.000,0.8107,1
3587,572,215.9,676.0,253.0,799.2,0.000,0.7600,1
3587,550,108.4,645.0,150.8,807.6,0.000,0.7992,1
3587,347,515.1,696.2,601.7,894.8,0.000,0.7965,1
3587,569,1690.4,688.7,1783.3,890.1,0.000,0.7401,1
3588,588,877.8,716.2,966.9,911.9,0.000,0.8059,1
3588,540,1630.4,706.6,1665.3,847.1,0.000,0.6803,1
3588,581,1787.2,680.1,1837.4,867.1,0.000,0.7452,1
3588,554,303.6,682.9,339.2,836.2,0.000,0.7833,1
3588,557,255.9,682.9,289.6,817.6,0.000,0.7722,1
3588,653,793.3,736.6,827.4,805.5,0.000,0.5663,1
3588,262,148.3,657.1,202.9,838.7,0.000,0.8107,1
3588,572,215.2,676.7,252.0,799.1,0.000,0.7600,1
3588,550,107.9,644.0,150.9,808.3,0.000,0.7992,1
3588,347,510.8,695.6,596.0,894.7,0.000,0.7965,1
3588,569,1691.6,686.5,1783.8,888.9,0.000,0.7401,1
3588,563,281.5,684.2,322.9,839.3,0.000,0.7877,1
3589,588,865.7,717.1,954.5,912.1,0.000,0.8071,1
3589,540,1630.9,706.0,1666.2,847.9,0.000,0.6808,1
3589,581,1787.1,677.9,1837.5,867.0,0.000,0.7459,1
3589,554,304.1,683.6,339.8,836.8,0.000,0.7833,1
3589,557,255.6,683.0,289.1,817.5,0.000,0.7721,1
3589,653,791.8,736.5,825.8,805.5,0.000,0.5665,1
3589,262,146.1,656.7,200.3,838.6,0.000,0.8107,1
3589,572,215.9,675.9,252.8,799.3,0.000,0.7600,1
3589,550,107.4,643.9,150.5,808.4,0.000,0.7992,1
3589,347,505.5,699.9,588.1,894.0,0.000,0.7965,1
3589,569,1693.7,688.5,1782.1,882.8,0.000,0.7401,1
3589,563,281.7,683.7,322.7,838.4,0.000,0.7877,1
3590,588,854.2,717.1,944.9,911.9,0.000,0.8082,1
3590,540,1630.6,705.5,1666.3,848.3,0.000,0.6815,1
3590,581,1787.5,676.4,1837.9,866.6,0.000,0.7467,1
3590,554,304.3,683.1,340.1,836.6,0.000,0.7832,1
3590,557,255.9,682.9,289.1,817.2,0.000,0.7720,1
3590,653,791.3,736.6,825.2,805.4,0.000,0.5666,1
3590,262,144.3,657.8,197.6,837.4,0.000,0.8107,1
3590,572,216.7,679.0,252.5,798.9,0.000,0.7600,1
3590,550,106.9,643.3,150.0,808.1,0.000,0.7992,1
3590,347,496.2,701.5,578.8,893.1,0.000,0.7965,1
3590,569,1694.5,690.1,1780.6,878.7,0.000,0.7401,1
3590,563,281.8,683.8,322.9,839.5,0.000,0.7877,1
3591,588,843.6,711.3,939.4,911.6,0.000,0.8091,1
3591,540,1629.9,705.5,1665.8,848.7,0.000,0.6820,1
3591,554,303.8,681.6,340.2,837.6,0.000,0.7837,1
3591,557,255.7,682.8,288.8,817.1,0.000,0.7719,1
3591,653,789.3,736.5,823.6,805.3,0.000,0.5667,1
3591,262,142.8,656.2,195.0,833.4,0.000,0.8107,1
3591,572,214.1,676.4,251.0,799.1,0.000,0.7600,1
3591,550,106.5,641.8,149.7,808.1,0.000,0.7992,1
3591,347,487.2,701.8,570.8,892.3,0.000,0.7965,1
3591,569,1689.5,689.2,1778.4,881.7,0.000,0.7401,1
3591,563,281.4,682.6,322.4,838.6,0.000,0.7877,1
3592,588,836.4,716.9,932.9,911.4,0.000,0.8099,1
3592,540,1629.5,705.4,1665.4,849.4,0.000,0.6827,1
3592,554,303.6,681.9,340.1,838.2,0.000,0.7841,1
3592,557,255.9,682.6,288.8,817.1,0.000,0.7719,1
3592,653,788.5,736.4,823.3,805.5,0.000,0.5670,1
3592,572,212.9,673.9,250.9,799.4,0.000,0.7600,1
3592,550,105.6,640.8,148.8,809.5,0.000,0.7992,1
3592,347,480.3,704.3,564.1,891.4,0.000,0.7965,1
3592,569,1688.5,689.2,1778.6,884.0,0.000,0.7401,1
3592,563,281.4,682.2,322.3,838.5,0.000,0.7877,1
3593,588,831.2,719.6,929.9,911.6,0.000,0.8109,1
3593,540,1627.8,705.4,1663.3,849.8,0.000,0.6833,1
3593,554,303.8,681.4,340.5,838.2,0.000,0.7844,1
3593,557,256.1,682.6,288.9,817.1,0.000,0.7718,1
3593,653,788.0,736.1,823.3,805.6,0.000,0.5673,1
3593,572,212.4,674.1,250.6,799.4,0.000,0.7600,1
3593,550,105.1,639.6,147.9,809.6,0.000,0.7992,1
3593,347,475.4,705.3,560.2,890.8,0.000,0.7965,1
3593,563,282.0,682.5,322.6,838.4,0.000,0.7877,1
3593,262,139.2,655.1,190.5,831.6,0.000,0.8107,1
3594,588,826.5,721.7,927.3,912.0,0.000,0.8120,1
3594,540,1627.0,705.9,1661.8,849.8,0.000,0.6834,1
3594,554,303.5,681.2,340.0,837.7,0.000,0.7845,1
3594,557,256.6,682.6,289.2,816.9,0.000,0.7717,1
3594,653,786.8,735.5,822.1,805.5,0.000,0.5676,1
3594,572,213.2,675.0,251.3,799.3,0.000,0.7600,1
3594,550,105.6,637.6,147.5,807.4,0.000,0.7992,1
3594,347,475.0,714.1,557.5,890.1,0.000,0.7965,1
3594,563,281.9,683.0,322.2,838.2,0.000,0.7877,1
3594,262,136.1,655.5,185.9,830.2,0.000,0.8107,1
3594,569,1689.0,684.1,1780.4,883.5,0.000,0.7401,1
3595,588,819.9,718.7,924.1,912.6,0.000,0.8133,1
3595,540,1626.1,706.0,1660.4,849.7,0.000,0.6834,1
3595,554,303.9,681.3,340.6,837.2,0.000,0.7843,1
3595,557,256.9,682.4,289.4,817.0,0.000,0.7717,1
3595,653,788.1,735.3,823.5,805.4,0.000,0.5676,1
3595,572,211.1,673.8,250.0,798.9,0.000,0.7600,1
3595,347,473.3,716.0,556.5,889.7,0.000,0.7965,1
3595,563,281.9,682.9,322.2,838.3,0.000,0.7877,1
3595,262,133.7,654.1,182.8,829.2,0.000,0.8107,1
3595,569,1690.6,683.5,1779.5,878.8,0.000,0.7401,1
3596,588,814.8,719.0,918.9,912.2,0.000,0.8141,1
3596,540,1627.0,705.0,1661.4,850.3,0.000,0.6839,1
3596,554,303.7,681.0,340.5,837.1,0.000,0.7843,1
3596,557,256.9,682.4,289.3,817.3,0.000,0.7718,1
3596,653,785.8,735.8,820.2,804.4,0.000,0.5672,1
3596,572,209.7,672.4,249.3,798.7,0.000,0.7600,1
3596,347,470.9,716.7,555.3,890.6,0.000,0.7965,1
3596,563,281.6,683.3,321.6,838.3,0.000,0.7877,1
3596,262,134.0,655.8,181.5,828.1,0.000,0.8107,1
3596,569,1689.9,681.7,1778.9,878.0,0.000,0.7401,1
3596,550,106.0,638.4,147.1,806.5,0.000,0.7992,1
3597,588,809.2,718.4,912.7,912.1,0.000,0.8149,1
3597,540,1627.7,703.7,1662.5,850.8,0.000,0.6848,1
3597,554,303.6,681.6,340.1,836.8,0.000,0.7842,1
3597,557,256.7,682.4,289.1,817.5,0.000,0.7719,1
3597,653,781.6,735.8,815.7,803.7,0.000,0.5669,1
3597,572,209.6,671.4,249.8,798.9,0.000,0.7629,1
3597,347,466.6,709.5,555.0,891.8,0.000,0.7965,1
3597,563,281.7,684.4,321.2,837.7,0.000,0.7877,1
3597,262,133.3,656.8,179.7,827.3,0.000,0.8107,1
3597,569,1690.3,682.8,1778.1,876.5,0.000,0.7401,1
3597,550,106.1,637.7,146.5,805.1,0.000,0.7992,1
3598,588,802.4,716.6,904.4,912.0,0.000,0.8156,1
3598,540,1631.2,703.0,1667.3,851.5,0.000,0.6859,1
3598,554,304.2,681.9,340.6,836.5,0.000,0.7839,1
3598,557,256.5,682.5,288.6,817.1,0.000,0.7718,1
3598,572,210.4,671.0,250.7,798.8,0.000,0.7631,1
3598,347,463.1,704.8,552.0,890.1,0.000,0.7965,1
3598,563,282.2,684.9,321.0,835.1,0.000,0.7877,1
3598,262,133.3,657.0,178.8,827.0,0.000,0.8107,1
3598,569,1691.2,687.0,1776.8,875.4,0.000,0.7401,1
3599,588,792.6,715.7,890.6,911.4,0.000,0.8161,1
3599,540,1627.6,699.4,1664.3,851.3,0.000,0.6879,1
3599,554,304.6,682.6,340.9,836.2,0.000,0.7836,1
3599,557,256.7,682.6,288.8,817.3,0.000,0.7718,1
3599,572,210.9,672.2,250.9,798.9,0.000,0.7631,1
3599,563,282.2,685.1,320.8,834.1,0.000,0.7877,1
3599,262,133.0,657.6,178.0,826.7,0.000,0.8107,1
3599,569,1691.8,690.7,1775.9,875.0,0.000,0.7401,1
3599,653,780.7,735.7,814.0,803.5,0.000,0.5669,1
3600,588,785.0,710.3,881.6,911.5,0.000,0.8162,1
3600,554,304.4,682.0,340.9,837.0,0.000,0.7837,1
3600,557,257.1,682.6,289.3,817.2,0.000,0.7718,1
3600,572,211.2,671.3,251.2,798.7,0.000,0.7632,1
3600,666,1781.2,662.0,1842.2,869.4,0.000,0.7542,1
3600,563,281.9,684.0,321.0,836.3,0.000,0.7877,1
3600,262,130.0,657.6,174.6,827.3,0.000,0.8107,1
3600,569,1691.3,693.2,1775.4,876.2,0.000,0.7401,1
3600,347,456.7,705.2,542.2,888.2,0.000,0.7965,1
3601,588,778.5,709.5,871.9,911.2,0.000,0.8162,1
3601,554,303.9,681.6,340.6,837.7,0.000,0.7840,1
3601,557,257.0,682.7,289.2,817.1,0.000,0.7717,1
3601,572,210.6,671.5,250.6,798.7,0.000,0.7632,1
3601,666,1783.1,662.7,1844.4,870.0,0.000,0.7556,1
3601,262,128.4,655.9,173.2,827.7,0.000,0.8107,1
3601,569,1690.2,692.9,1776.1,879.3,0.000,0.7401,1
3601,541,944.4,718.1,971.4,757.8,0.000,0.3732,0
3602,588,769.7,710.8,860.8,911.6,0.000,0.8168,1
3602,554,304.7,681.7,341.7,837.5,0.000,0.7840,1
3602,557,257.0,682.6,289.2,817.1,0.000,0.7717,1
3602,572,209.8,670.6,250.1,798.6,0.000,0.7634,1
3602,666,1781.9,662.0,1843.3,869.7,0.000,0.7568,1
3602,262,127.8,656.1,172.3,827.3,0.000,0.8107,1
3602,569,1689.4,691.5,1776.6,880.7,0.000,0.7401,1
3602,541,944.5,718.3,971.3,757.8,0.000,0.3732,0
3602,563,281.6,684.6,319.9,833.4,0.000,0.7877,1
3603,588,758.6,713.6,848.7,911.3,0.000,0.8174,1
3603,554,305.5,681.7,342.7,836.8,0.000,0.7838,1
3603,557,256.9,682.4,289.2,817.0,0.000,0.7716,1
3603,572,210.1,670.6,250.5,798.5,0.000,0.7635,1
3603,666,1781.7,662.3,1843.0,870.0,0.000,0.7576,1
3603,262,126.0,656.0,170.3,827.5,0.000,0.8107,1
3603,569,1690.0,692.1,1776.7,879.7,0.000,0.7401,1
3603,541,944.6,718.3,971.2,757.8,0.000,0.3732,0
3603,563,281.2,685.0,319.7,834.1,0.000,0.7877,1
3604,588,748.8,714.4,840.4,911.0,0.000,0.8180,1
3604,554,304.2,682.1,341.5,837.3,0.000,0.7839,1
3604,557,257.1,682.6,289.4,817.1,0.000,0.7716,1
3604,572,210.2,670.4,250.7,798.6,0.000,0.7636,1
3604,666,1781.0,662.6,1841.9,870.0,0.000,0.7582,1
3604,262,127.7,659.4,171.2,826.8,0.000,0.8107,1
3604,569,1690.4,691.3,1777.2,878.9,0.000,0.7401,1
3604,541,944.7,718.4,971.1,757.7,0.000,0.3732,0
3604,563,280.9,685.3,319.5,835.0,0.000,0.7877,1
3605,588,741.9,716.3,835.3,911.5,0.000,0.8190,1
3605,554,303.6,682.1,340.8,837.1,0.000,0.7839,1
3605,557,257.1,682.9,289.2,817.1,0.000,0.7716,1
3605,572,210.5,670.6,251.0,798.6,0.000,0.7636,1
3605,666,1780.5,662.9,1841.0,869.8,0.000,0.7585,1
3605,262,128.5,663.0,171.1,825.6,0.000,0.8107,1
3605,569,1690.8,693.1,1776.7,878.0,0.000,0.7401,1
3605,563,280.8,685.1,319.9,837.2,0.000,0.7877,1
3605,540,1620.5,694.7,1661.7,857.0,0.000,0.6879,1
3606,588,734.6,714.4,831.6,911.5,0.000,0.8197,1
3606,554,303.4,682.3,340.4,836.9,0.000,0.7839,1
3606,557,257.0,682.9,289.1,817.1,0.000,0.7716,1
3606,572,210.9,672.4,251.0,798.5,0.000,0.7633,1
3606,666,1780.1,663.5,1840.1,869.6,0.000,0.7586,1
3606,669,1841.5,674.6,1874.1,822.8,0.000,0.7456,1
3606,262,129.1,664.1,171.6,824.7,0.000,0.8107,1
3606,569,1691.1,692.0,1776.8,876.1,0.000,0.7401,1
3606,563,280.8,685.3,319.7,836.8,0.000,0.7877,1
3606,540,1615.9,696.9,1659.5,858.6,0.000,0.6879,1
3606,485,121.8,663.9,159.5,808.2,0.000,0.7770,1
3607,588,730.1,714.7,828.7,910.8,0.000,0.8200,1
3607,554,303.4,682.5,340.4,837.1,0.000,0.7839,1
3607,557,257.2,683.1,289.0,817.0,0.000,0.7715,1
3607,572,210.5,673.3,250.4,798.8,0.000,0.7631,1
3607,666,1780.3,666.6,1839.1,869.4,0.000,0.7580,1
3607,669,1838.4,674.1,1872.2,823.4,0.000,0.7459,1
3607,262,128.0,660.8,171.0,822.7,0.000,0.8107,1
3607,569,1692.7,693.5,1777.3,875.1,0.000,0.7401,1
3607,563,280.7,685.3,319.6,837.4,0.000,0.7877,1
3607,485,120.3,662.7,158.3,808.8,0.000,0.7770,1
3607,541,944.9,718.8,971.0,757.7,0.000,0.3732,0
3608,588,726.9,714.4,826.5,909.9,0.000,0.8198,1
3608,554,303.6,682.9,340.4,836.9,0.000,0.7838,1
3608,557,257.0,682.7,288.9,817.1,0.000,0.7715,1
3608,572,210.4,673.4,250.3,799.0,0.000,0.7630,1
3608,666,1780.9,668.0,1839.0,869.1,0.000,0.7574,1
3608,669,1836.6,673.3,1871.6,824.7,0.000,0.7464,1
3608,262,132.6,667.6,171.8,813.2,0.000,0.7997,1
3608,563,280.7,685.4,319.5,837.2,0.000,0.7877,1
3608,485,120.6,663.8,157.8,808.0,0.000,0.7770,1
3608,541,944.9,718.9,970.9,757.6,0.000,0.3732,0
3609,588,721.9,715.5,819.9,907.7,0.000,0.8188,1
3609,554,303.8,682.5,340.5,836.3,0.000,0.7835,1
3609,557,257.4,682.6,289.3,817.3,0.000,0.7716,1
3609,572,210.9,673.8,250.6,799.1,0.000,0.7629,1
3609,666,1781.7,671.5,1838.7,869.0,0.000,0.7562,1
3609,669,1835.5,673.6,1871.3,824.9,0.000,0.7465,1
3609,262,129.2,668.7,169.0,813.4,0.000,0.7977,1
3609,563,281.3,685.1,320.0,836.5,0.000,0.7877,1
3609,485,119.8,658.7,157.9,807.4,0.000,0.7770,1
3609,540,1612.2,694.0,1658.3,858.6,0.000,0.6879,1
3610,588,715.5,714.8,812.4,907.6,0.000,0.8186,1
3610,554,303.9,681.7,340.7,836.2,0.000,0.7834,1
3610,557,257.5,682.6,289.4,817.3,0.000,0.7716,1
3610,572,210.9,673.7,250.6,799.1,0.000,0.7628,1
3610,666,1781.9,672.0,1838.7,868.8,0.000,0.7555,1
3610,669,1835.1,673.1,1871.7,825.3,0.000,0.7468,1
3610,262,127.5,665.9,168.5,813.5,0.000,0.7966,1
3610,563,281.4,684.2,320.7,838.0,0.000,0.7877,1
3610,540,1607.6,703.6,1653.6,861.8,0.000,0.6879,1
3610,569,1691.8,689.6,1779.0,876.9,0.000,0.7401,1
3611,588,708.4,712.5,803.8,907.7,0.000,0.8186,1
3611,554,303.9,681.7,340.5,835.9,0.000,0.7833,1
3611,557,257.5,682.5,289.3,817.2,0.000,0.7716,1
3611,572,211.4,674.1,250.7,799.1,0.000,0.7627,1
3611,666,1781.5,670.0,1838.7,868.9,0.000,0.7555,1
3611,669,1835.6,673.7,1872.5,824.9,0.000,0.7466,1
3611,563,281.5,683.9,320.9,838.4,0.000,0.7877,1
3611,569,1693.5,695.6,1778.5,878.0,0.000,0.7401,1
3611,485,115.3,655.9,154.9,809.0,0.000,0.7770,1
3612,588,699.9,711.5,792.4,907.6,0.000,0.8188,1
3612,554,304.1,682.1,340.5,835.9,0.000,0.7831,1
3612,557,257.4,682.7,289.1,816.9,0.000,0.7715,1
3612,572,212.1,675.5,251.0,799.1,0.000,0.7624,1
3612,666,1781.4,667.9,1839.3,869.0,0.000,0.7559,1
3612,669,1835.5,673.5,1873.0,825.0,0.000,0.7466,1
3612,675,1596.3,692.5,1654.9,866.5,0.000,0.7149,1
3612,563,281.7,684.2,321.1,838.6,0.000,0.7877,1
3612,569,1696.7,699.4,1779.2,876.6,0.000,0.7401,1
3612,485,113.9,654.5,154.9,810.1,0.000,0.7770,1
3612,347,405.5,701.5,489.2,885.6,0.000,0.7965,1
3612,540,1601.4,696.1,1650.7,863.4,0.000,0.6879,1
3613,588,691.8,710.2,781.9,906.6,0.000,0.8186,1
3613,554,304.3,681.9,340.7,835.9,0.000,0.7831,1
3613,557,257.2,682.6,289.1,817.0,0.000,0.7715,1
3613,572,212.4,675.1,251.4,799.2,0.000,0.7623,1
3613,666,1782.2,670.0,1839.6,869.1,0.000,0.7556,1
3613,669,1835.5,673.7,1873.2,824.3,0.000,0.7463,1
3613,563,281.6,684.2,321.0,838.8,0.000,0.7877,1
3613,569,1695.8,695.3,1779.9,876.4,0.000,0.7401,1
3613,485,111.7,657.7,152.0,809.4,0.000,0.7770,1
3613,347,403.6,701.2,483.7,883.6,0.000,0.7965,1
3613,540,1597.3,694.0,1647.0,863.6,0.000,0.6879,1
3613,262,123.7,658.8,167.4,815.7,0.000,0.7966,1
3614,588,684.1,711.2,771.1,906.6,0.000,0.8188,1
3614,554,304.5,681.6,340.9,836.0,0.000,0.7830,1
3614,557,257.3,682.7,289.3,817.2,0.000,0.7716,1
3614,572,212.5,674.8,251.5,799.2,0.000,0.7622,1
3614,666,1782.4,669.7,1839.9,869.1,0.000,0.7555,1
3614,669,1835.2,672.7,1873.5,823.3,0.000,0.7464,1
3614,563,281.4,684.0,320.8,838.9,0.000,0.7877,1
3614,569,1694.0,694.0,1778.7,876.2,0.000,0.7401,1
3614,485,113.0,660.1,154.4,811.8,0.000,0.7770,1
3614,347,401.1,700.7,477.5,881.0,0.000,0.7965,1
3614,540,1595.2,699.3,1643.6,864.0,0.000,0.6879,1
3614,653,765.4,736.3,794.8,798.3,0.000,0.5669,1
3615,588,674.5,714.8,758.9,905.9,0.000,0.8190,1
3615,554,304.5,681.7,340.8,836.1,0.000,0.7831,1
3615,557,257.3,682.6,289.4,817.3,0.000,0.7716,1
3615,572,212.6,674.1,251.8,799.2,0.000,0.7623,1
3615,666,1781.9,669.9,1839.4,869.0,0.000,0.7553,1
3615,669,1835.2,672.0,1873.9,822.8,0.000,0.7466,1
3615,563,281.1,684.1,320.4,838.4,0.000,0.7877,1
3615,569,1690.8,686.4,1778.9,876.4,0.000,0.7401,1
3615,485,113.5,661.5,156.1,813.5,0.000,0.7770,1
3615,347,399.1,702.7,471.0,878.1,0.000,0.7965,1
3615,540,1593.2,701.8,1641.1,864.8,0.000,0.6879,1
3615,541,945.1,718.9,970.9,757.7,0.000,0.3732,0
3616,588,663.5,717.0,748.1,905.8,0.000,0.8197,1
3616,554,304.5,682.3,340.7,836.6,0.000,0.7831,1
3616,557,257.4,682.7,289.6,817.6,0.000,0.7717,1
3616,572,213.4,674.6,252.5,799.3,0.000,0.7622,1
3616,666,1781.9,671.2,1839.1,868.9,0.000,0.7549,1
3616,669,1835.6,671.6,1874.8,823.7,0.000,0.7470,1
3616,563,280.8,684.3,319.8,837.3,0.000,0.7877,1
3616,485,113.6,662.2,157.2,814.5,0.000,0.7770,1
3616,347,395.9,704.0,464.5,876.6,0.000,0.7965,1
3616,540,1590.9,704.3,1638.6,865.2,0.000,0.6879,1
3616,541,945.1,718.8,970.9,757.7,0.000,0.3732,0
3616,653,763.4,735.5,792.6,798.2,0.000,0.5669,1
3617,588,653.8,712.6,742.5,906.0,0.000,0.8203,1
3617,554,304.7,682.5,340.8,836.8,0.000,0.7832,1
3617,557,257.4,682.7,289.6,817.6,0.000,0.7718,1
3617,572,213.5,674.6,252.6,799.3,0.000,0.7622,1
3617,666,1781.7,669.5,1839.4,868.7,0.000,0.7549,1
3617,669,1835.5,671.6,1875.3,824.6,0.000,0.7474,1
3617,563,280.7,684.4,319.6,837.5,0.000,0.7872,1
3617,485,113.3,663.2,157.4,814.8,0.000,0.7770,1
3617,347,392.6,705.7,459.1,876.4,0.000,0.7965,1
3617,540,1587.4,704.9,1635.3,865.0,0.000,0.6879,1
3617,541,945.1,718.9,970.9,757.7,0.000,0.3732,0
3617,653,763.8,735.4,791.7,797.3,0.000,0.5669,1
3617,569,1688.6,683.0,1778.7,877.4,0.000,0.7401,1
3618,588,645.7,708.3,738.7,905.3,0.000,0.8206,1
3618,554,304.7,682.5,340.9,836.8,0.000,0.7832,1
3618,557,257.1,682.6,289.4,817.4,0.000,0.7718,1
3618,572,214.1,675.1,253.1,799.6,0.000,0.7621,1
3618,666,1781.5,668.8,1839.5,868.7,0.000,0.7551,1
3618,669,1835.0,671.9,1875.2,825.7,0.000,0.7477,1
3618,563,280.7,684.3,319.6,837.2,0.000,0.7871,1
3618,485,114.3,665.1,158.2,814.7,0.000,0.7770,1
3618,347,388.4,702.1,454.6,875.6,0.000,0.7965,1
3618,540,1583.3,708.8,1630.6,866.3,0.000,0.6879,1
3618,541,945.1,718.7,970.9,757.7,0.000,0.3732,0
3618,569,1687.4,683.8,1777.7,878.4,0.000,0.7401,1
3619,588,639.1,704.6,736.2,904.8,0.000,0.8207,1
3619,554,304.9,682.5,340.9,836.5,0.000,0.7832,1
3619,557,257.0,682.6,289.3,817.4,0.000,0.7718,1
3619,572,213.7,674.0,252.8,799.4,0.000,0.7622,1
3619,666,1781.8,669.6,1839.7,868.9,0.000,0.7550,1
3619,669,1834.7,670.3,1875.7,827.3,0.000,0.7487,1
3619,563,280.9,684.3,319.7,837.2,0.000,0.7870,1
3619,485,115.7,664.2,160.1,815.2,0.000,0.7770,1
3619,347,384.4,700.8,450.3,875.7,0.000,0.7965,1
3619,540,1580.8,709.4,1628.0,865.3,0.000,0.6879,1
3619,541,945.0,718.7,970.9,757.8,0.000,0.3732,0
3619,262,125.2,668.1,165.1,812.7,0.000,0.7966,1
3620,588,635.8,704.5,734.9,904.4,0.000,0.8207,1
3620,554,304.8,682.2,340.9,836.4,0.000,0.7832,1
3620,557,257.0,682.6,289.4,817.3,0.000,0.7718,1
3620,572,213.7,673.9,252.6,799.3,0.000,0.7623,1
3620,666,1781.4,669.2,1839.3,868.7,0.000,0.7550,1
3620,669,1834.5,670.6,1875.5,827.3,0.000,0.7490,1
3620,563,281.0,684.0,320.0,837.7,0.000,0.7871,1
3620,485,115.1,662.1,160.2,814.8,0.000,0.7770,1
3620,347,377.4,700.3,443.6,875.7,0.000,0.7965,1
3620,540,1576.0,702.1,1626.0,866.8,0.000,0.6879,1
3620,541,945.1,718.6,970.9,757.7,0.000,0.3732,0
3620,262,126.7,667.6,165.9,811.4,0.000,0.7966,1
3621,588,631.5,708.3,729.9,904.3,0.000,0.8208,1
3621,554,305.0,682.5,341.1,836.5,0.000,0.7831,1
3621,557,257.3,682.7,289.7,817.3,0.000,0.7718,1
3621,572,213.8,673.8,252.5,799.3,0.000,0.7624,1
3621,666,1780.6,666.4,1839.2,868.8,0.000,0.7557,1
3621,669,1834.4,670.5,1875.6,827.5,0.000,0.7492,1
3621,563,281.4,684.0,320.3,837.6,0.000,0.7870,1
3621,485,115.7,661.1,161.5,815.5,0.000,0.7770,1
3621,347,369.7,701.0,436.8,876.0,0.000,0.7965,1
3621,540,1569.1,698.5,1622.3,869.4,0.000,0.6879,1
3621,541,945.0,718.5,971.0,757.8,0.000,0.3732,0
3621,262,126.6,666.8,166.0,812.3,0.000,0.7966,1
3622,588,626.4,708.8,724.4,902.7,0.000,0.8203,1
3622,554,305.0,682.6,341.0,836.9,0.000,0.7832,1
3622,557,257.1,682.7,289.6,817.3,0.000,0.7718,1
3622,572,213.3,673.7,251.9,799.1,0.000,0.7624,1
3622,666,1780.3,665.5,1839.2,869.4,0.000,0.7563,1
3622,669,1835.2,671.8,1876.3,828.1,0.000,0.7491,1
3622,563,281.5,684.0,320.4,837.5,0.000,0.7870,1
3622,485,116.5,663.2,161.8,815.1,0.000,0.7770,1
3622,347,363.0,700.0,431.6,875.8,0.000,0.7965,1
3622,540,1563.0,698.5,1618.8,871.4,0.000,0.6879,1
3622,262,126.5,671.7,164.7,812.1,0.000,0.7966,1
3623,588,621.1,708.0,717.5,901.3,0.000,0.8196,1
3623,554,305.0,682.9,341.0,836.7,0.000,0.7832,1
3623,557,257.2,682.8,289.7,817.3,0.000,0.7718,1
3623,572,214.3,674.7,252.3,799.1,0.000,0.7622,1
3623,666,1780.2,664.5,1839.4,869.8,0.000,0.7570,1
3623,669,1835.7,671.8,1877.0,828.1,0.000,0.7490,1
3623,563,281.6,684.3,320.5,837.8,0.000,0.7870,1
3623,347,359.2,703.2,427.9,875.5,0.000,0.7965,1
3623,540,1555.1,700.3,1613.5,872.7,0.000,0.6879,1
3623,262,127.0,674.1,164.2,811.1,0.000,0.7966,1
3623,653,758.7,734.7,786.0,797.2,0.000,0.5669,1
3623,541,945.1,718.8,970.8,757.7,0.000,0.3732,0
3624,588,614.2,706.6,708.4,901.1,0.000,0.8194,1
3624,554,305.1,683.1,340.9,836.3,0.000,0.7830,1
3624,557,256.9,682.8,289.6,817.2,0.000,0.7717,1
3624,572,215.1,675.8,252.7,799.1,0.000,0.7619,1
3624,666,1779.9,663.2,1839.4,869.6,0.000,0.7577,1
3624,669,1835.8,673.5,1877.1,828.4,0.000,0.7484,1
3624,563,281.7,684.6,320.5,837.3,0.000,0.7869,1
3624,347,356.1,702.9,426.4,875.6,0.000,0.7965,1
3624,540,1550.1,701.8,1611.2,873.8,0.000,0.6879,1
3624,262,127.0,675.7,163.5,809.9,0.000,0.7966,1
3624,485,117.4,667.0,161.1,812.9,0.000,0.7770,1
3625,588,606.5,703.7,698.7,902.1,0.000,0.8199,1
3625,554,304.9,683.1,340.6,835.8,0.000,0.7828,1
3625,557,256.6,682.9,289.4,817.2,0.000,0.7717,1
3625,572,215.5,677.2,252.5,799.1,0.000,0.7614,1
3625,666,1780.0,663.4,1839.3,869.7,0.000,0.7581,1
3625,669,1835.8,673.7,1877.5,828.4,0.000,0.7480,1
3625,563,281.6,684.7,320.5,837.7,0.000,0.7869,1
3625,347,354.5,701.9,426.5,875.4,0.000,0.7965,1
3625,540,1546.4,700.7,1611.0,875.5,0.000,0.6879,1
3625,262,126.5,674.0,163.4,809.3,0.000,0.7966,1
3625,485,117.1,667.1,160.5,811.5,0.000,0.7770,1
3626,588,597.2,703.5,686.3,901.3,0.000,0.8201,1
3626,554,304.7,682.8,340.4,835.5,0.000,0.7826,1
3626,557,256.1,682.9,289.0,817.0,0.000,0.7716,1
3626,572,215.0,676.7,252.1,799.1,0.000,0.7613,1
3626,666,1781.0,663.7,1840.2,869.5,0.000,0.7583,1
3626,669,1836.2,672.6,1878.7,829.0,0.000,0.7483,1
3626,563,281.4,684.6,320.5,838.3,0.000,0.7871,1
3626,347,352.5,701.9,425.2,874.6,0.000,0.7965,1
3626,540,1547.3,702.2,1614.6,876.4,0.000,0.6879,1
3626,485,115.5,666.9,158.7,810.3,0.000,0.7770,1
3626,569,1694.2,688.5,1780.8,878.1,0.000,0.7401,1
3626,653,751.0,734.6,778.7,795.4,0.000,0.5669,1
3627,588,592.0,702.4,678.3,900.6,0.000,0.8200,1
3627,554,304.6,683.0,340.3,835.8,0.000,0.7826,1
3627,557,255.7,682.8,288.6,816.8,0.000,0.7716,1
3627,572,214.4,675.7,251.8,798.8,0.000,0.7612,1
3627,666,1781.2,662.7,1840.6,869.5,0.000,0.7587,1
3627,669,1837.0,673.3,1879.8,829.7,0.000,0.7481,1
3627,563,281.6,684.7,320.7,838.4,0.000,0.7872,1
3627,347,349.7,699.1,423.5,873.7,0.000,0.8108,1
3627,540,1547.1,703.0,1617.3,877.0,0.000,0.7118,1
3627,485,115.0,667.9,157.8,808.8,0.000,0.7770,1
3627,569,1691.1,685.8,1779.2,879.6,0.000,0.7401,1
3628,588,584.8,704.3,668.4,900.2,0.000,0.8201,1
3628,554,304.4,682.7,340.2,836.0,0.000,0.7826,1
3628,557,255.6,682.7,288.7,816.8,0.000,0.7715,1
3628,572,214.2,675.2,251.8,798.7,0.000,0.7612,1
3628,666,1781.4,662.0,1841.1,869.8,0.000,0.7592,1
3628,669,1837.8,672.5,1881.0,829.5,0.000,0.7483,1
3628,563,281.5,684.8,320.8,838.7,0.000,0.7874,1
3628,347,347.2,698.1,420.6,872.2,0.000,0.8102,1
3628,540,1541.8,701.0,1614.4,877.9,0.000,0.7131,1
3628,632,1632.1,706.5,1667.5,848.2,0.000,0.6818,1
3628,485,116.5,665.4,159.9,808.8,0.000,0.7770,1
3628,569,1693.6,690.7,1778.9,879.3,0.000,0.7401,1
3628,262,125.6,669.4,163.4,808.4,0.000,0.7966,1
3628,653,748.2,733.8,777.4,796.3,0.000,0.5669,1
3629,588,576.1,706.1,659.1,899.7,0.000,0.8204,1
3629,554,304.4,682.3,340.2,836.2,0.000,0.7828,1
3629,557,255.6,682.6,288.8,816.7,0.000,0.7715,1
3629,572,214.0,675.4,251.9,798.8,0.000,0.7613,1
3629,666,1781.0,661.6,1840.6,869.7,0.000,0.7596,1
3629,669,1838.1,671.0,1881.9,828.9,0.000,0.7487,1
3629,563,281.1,684.8,320.4,838.7,0.000,0.7875,1
3629,347,344.4,697.8,415.6,868.6,0.000,0.8086,1
3629,540,1538.1,693.2,1614.4,878.1,0.000,0.7149,1
3629,632,1632.1,706.5,1667.5,847.9,0.000,0.6816,1
3629,569,1692.1,686.9,1778.8,879.4,0.000,0.7401,1
3629,262,126.3,667.6,164.4,807.8,0.000,0.7966,1
3630,588,567.1,706.1,651.6,898.9,0.000,0.8205,1
3630,554,304.4,682.8,339.9,836.4,0.000,0.7828,1
3630,557,255.6,682.6,289.1,817.3,0.000,0.7717,1
3630,572,214.4,676.5,252.4,799.3,0.000,0.7612,1
3630,666,1781.2,662.1,1840.6,869.2,0.000,0.7596,1
3630,669,1838.8,670.7,1883.1,828.6,0.000,0.7490,1
3630,563,280.7,684.7,320.1,838.8,0.000,0.7877,1
3630,347,341.7,697.6,410.6,866.2,0.000,0.8071,1
3630,540,1536.2,698.6,1611.0,878.6,0.000,0.7155,1
3630,632,1631.5,705.8,1667.4,848.5,0.000,0.6820,1
3630,569,1687.4,691.2,1774.7,882.1,0.000,0.7401,1
3630,262,126.2,663.6,165.0,807.1,0.000,0.7966,1
3630,485,107.3,658.9,152.0,809.0,0.000,0.7770,1
3631,588,562.5,707.9,648.1,898.7,0.000,0.8208,1
3631,554,304.9,683.2,340.2,836.5,0.000,0.7829,1
3631,557,255.7,682.6,289.3,817.5,0.000,0.7718,1
3631,572,214.5,676.7,252.8,799.4,0.000,0.7612,1
3631,666,1781.3,662.4,1840.5,868.9,0.000,0.7596,1
3631,669,1839.4,670.3,1884.0,828.1,0.000,0.7492,1
3631,563,280.5,685.0,319.9,839.0,0.000,0.7878,1
3631,347,340.1,700.2,405.9,864.4,0.000,0.8054,1
3631,540,1535.0,704.1,1607.3,878.3,0.000,0.7151,1
3631,632,1631.1,705.5,1667.0,848.3,0.000,0.6822,1
3631,569,1681.6,686.9,1775.5,891.5,0.000,0.7401,1
3631,262,126.3,665.2,164.7,807.4,0.000,0.7966,1
3632,588,558.1,709.0,645.4,899.3,0.000,0.8214,1
3632,554,305.3,683.0,340.8,837.4,0.000,0.7831,1
3632,557,255.6,682.4,289.3,817.5,0.000,0.7719,1
3632,572,214.3,676.8,252.8,799.5,0.000,0.7612,1
3632,666,1781.1,663.0,1839.9,868.5,0.000,0.7595,1
3632,669,1840.2,670.3,1885.2,828.9,0.000,0.7496,1
3632,563,280.5,685.1,319.9,838.8,0.000,0.7878,1
3632,347,337.7,698.7,402.2,862.9,0.000,0.8040,1
3632,540,1532.9,707.0,1603.3,878.2,0.000,0.7145,1
3632,632,1630.5,705.1,1666.5,848.0,0.000,0.6824,1
3632,569,1674.6,684.9,1777.0,908.5,0.000,0.7401,1
3632,262,127.1,667.5,165.1,807.7,0.000,0.7966,1
3633,588,552.5,708.9,641.6,900.0,0.000,0.8222,1
3633,554,305.3,683.2,340.9,837.5,0.000,0.7833,1
3633,557,255.6,682.4,289.5,817.7,0.000,0.7721,1
3633,572,214.3,676.7,253.1,799.7,0.000,0.7612,1
3633,666,1781.3,661.4,1840.5,868.6,0.000,0.7599,1
3633,669,1840.8,671.8,1886.0,829.3,0.000,0.7494,1
3633,563,280.5,685.0,319.9,838.2,0.000,0.7877,1
3633,347,334.8,701.6,396.7,862.4,0.000,0.8029,1
3633,540,1528.6,701.8,1599.7,878.3,0.000,0.7149,1
3633,632,1630.1,704.9,1665.8,848.0,0.000,0.6826,1
3633,569,1675.4,684.1,1777.4,907.2,0.000,0.7401,1
3633,262,128.6,670.8,165.8,807.6,0.000,0.7966,1
3633,485,107.1,660.1,150.5,808.0,0.000,0.7770,1
3634,588,547.4,708.3,637.2,899.2,0.000,0.8225,1
3634,554,305.6,683.5,341.1,837.1,0.000,0.7833,1
3634,557,255.8,682.4,289.8,817.5,0.000,0.7721,1
3634,572,214.4,675.9,253.8,799.8,0.000,0.7614,1
3634,666,1782.4,661.6,1842.0,869.0,0.000,0.7601,1
3634,669,1842.9,672.6,1888.3,830.6,0.000,0.7494,1
3634,563,280.1,684.7,319.7,838.9,0.000,0.7879,1
3634,347,332.3,704.3,391.9,862.3,0.000,0.8023,1
3634,540,1523.5,701.4,1592.8,878.1,0.000,0.7149,1
3634,632,1629.9,704.5,1665.1,847.2,0.000,0.6826,1
3634,569,1675.6,687.2,1777.1,909.5,0.000,0.7401,1
3634,262,129.4,671.3,166.3,807.1,0.000,0.7966,1
3634,485,107.7,659.6,150.9,808.1,0.000,0.7770,1
3635,588,543.2,708.3,631.8,896.7,0.000,0.8218,1
3635,554,304.4,683.0,339.5,836.1,0.000,0.7831,1
3635,557,256.0,682.5,290.0,817.7,0.000,0.7722,1
3635,572,214.6,675.4,254.3,799.8,0.000,0.7616,1
3635,666,1782.4,662.0,1842.2,869.1,0.000,0.7603,1
3635,669,1844.4,672.7,1890.1,831.7,0.000,0.7495,1
3635,563,280.0,684.7,319.7,839.8,0.000,0.7882,1
3635,347,327.8,703.4,386.6,861.3,0.000,0.8016,1
3635,540,1520.2,703.3,1587.0,877.8,0.000,0.7145,1
3635,632,1629.8,704.8,1664.2,845.5,0.000,0.6820,1
3635,679,35.7,618.1,80.2,802.7,0.000,0.8072,1
3635,569,1675.4,689.4,1777.0,911.9,0.000,0.7401,1
3635,262,129.5,669.0,166.6,806.9,0.000,0.7966,1
3635,485,107.9,660.4,149.9,807.6,0.000,0.7770,1
3636,588,537.3,708.2,623.9,895.3,0.000,0.8212,1
3636,554,303.2,682.8,338.3,836.9,0.000,0.7833,1
3636,557,255.9,682.6,290.1,817.7,0.000,0.7722,1
3636,572,214.4,675.8,254.1,799.7,0.000,0.7616,1
3636,666,1782.0,662.5,1841.5,868.6,0.000,0.7601,1
3636,669,1846.2,673.0,1892.2,833.1,0.000,0.7498,1
3636,563,279.4,684.6,319.2,840.6,0.000,0.7887,1
3636,347,320.6,695.8,381.7,861.7,0.000,0.8020,1
3636,540,1519.2,704.1,1584.6,878.3,0.000,0.7143,1
3636,632,1629.3,704.5,1663.0,844.8,0.000,0.6817,1
3636,679,36.0,617.7,80.1,801.7,0.000,0.8075,1
3636,569,1673.1,684.9,1778.9,918.1,0.000,0.7401,1
3636,262,128.8,666.2,166.0,806.7,0.000,0.7966,1
3636,485,109.4,661.8,150.6,807.7,0.000,0.7770,1
3637,588,529.7,706.7,614.1,893.7,0.000,0.8203,1
3637,554,303.5,683.0,339.1,838.9,0.000,0.7841,1
3637,557,255.4,682.6,289.6,817.8,0.000,0.7723,1
3637,572,214.5,675.9,254.4,799.6,0.000,0.7616,1
3637,666,1781.4,662.1,1841.0,869.0,0.000,0.7603,1
3637,669,1847.4,673.1,1893.3,832.9,0.000,0.7497,1
3637,563,279.6,684.4,319.5,841.5,0.000,0.7893,1
3637,347,314.2,695.8,375.5,862.1,0.000,0.8026,1
3637,540,1514.8,705.0,1579.8,879.4,0.000,0.7146,1
3637,632,1628.3,704.4,1661.9,846.3,0.000,0.6821,1
3637,679,35.8,616.9,79.8,801.4,0.000,0.8078,1
3637,569,1674.4,688.9,1778.4,919.0,0.000,0.7401,1
3637,262,128.1,663.8,165.6,807.1,0.000,0.7966,1
3637,485,110.4,659.1,151.7,807.3,0.000,0.7770,1
3638,588,522.6,704.0,605.1,893.3,0.000,0.8198,1
3638,554,304.7,683.9,342.1,845.8,0.000,0.7867,1
3638,557,255.3,682.8,289.5,817.8,0.000,0.7723,1
3638,572,214.1,676.1,254.0,799.5,0.000,0.7615,1
3638,666,1781.4,662.1,1840.9,868.8,0.000,0.7603,1
3638,669,1848.8,672.6,1894.7,832.0,0.000,0.7497,1
3638,563,279.5,684.4,319.0,840.1,0.000,0.7892,1
3638,347,308.6,693.6,370.8,862.5,0.000,0.8035,1
3638,540,1510.9,705.1,1575.8,879.5,0.000,0.7146,1
3638,632,1626.4,706.2,1659.4,848.5,0.000,0.6825,1
3638,679,34.9,615.9,78.7,799.3,0.000,0.8076,1
3638,569,1672.2,683.8,1778.8,920.8,0.000,0.7401,1
3638,262,127.8,662.0,165.4,806.9,0.000,0.7966,1
3638,485,109.4,657.5,150.6,806.9,0.000,0.7770,1
3639,588,517.1,703.0,597.7,893.6,0.000,0.8197,1
3639,554,303.7,684.6,340.7,844.5,0.000,0.7876,1
3639,557,255.3,682.9,289.3,817.4,0.000,0.7722,1
3639,572,213.8,676.1,253.7,799.4,0.000,0.7615,1
3639,666,1781.5,663.0,1840.6,868.7,0.000,0.7601,1
3639,669,1849.8,672.0,1895.8,831.2,0.000,0.7497,1
3639,563,279.7,684.8,318.7,838.4,0.000,0.7887,1
3639,347,306.4,695.2,368.1,861.7,0.000,0.8037,1
3639,540,1502.9,708.2,1567.1,880.3,0.000,0.7147,1
3639,632,1625.6,707.3,1657.8,849.5,0.000,0.6827,1
3639,679,33.5,613.6,78.1,800.0,0.000,0.8081,1
3639,569,1671.6,681.4,1779.2,921.7,0.000,0.7401,1
3639,262,128.6,660.5,165.9,805.1,0.000,0.7966,1
3639,485,108.4,657.5,149.0,807.3,0.000,0.7770,1
3640,588,510.2,700.4,590.1,894.4,0.000,0.8200,1
3640,554,302.3,684.3,338.2,839.1,0.000,0.7866,1
3640,557,255.5,682.8,289.4,816.8,0.000,0.7719,1
3640,572,213.2,675.3,253.3,799.1,0.000,0.7615,1
3640,666,1781.5,663.1,1840.5,868.6,0.000,0.7600,1
3640,669,1850.0,670.6,1896.5,831.3,0.000,0.7503,1
3640,563,278.6,684.9,316.9,837.0,0.000,0.7881,1
3640,347,304.6,696.2,366.4,861.2,0.000,0.8036,1
3640,540,1496.6,708.7,1561.4,881.5,0.000,0.7151,1
3640,632,1626.0,709.4,1657.5,850.9,0.000,0.6827,1
3640,679,32.5,612.3,77.6,800.6,0.000,0.8086,1
3640,569,1671.9,681.9,1779.5,924.0,0.000,0.7401,1
3640,262,128.1,660.3,165.4,805.6,0.000,0.7966,1
3640,485,109.7,658.7,149.7,807.6,0.000,0.7770,1
3641,588,501.7,698.5,580.8,892.0,0.000,0.8191,1
3641,557,255.3,682.6,289.3,816.8,0.000,0.7718,1
3641,572,212.8,675.4,252.9,798.9,0.000,0.7615,1
3641,666,1780.6,664.3,1839.1,868.8,0.000,0.7597,1
3641,669,1851.5,671.0,1897.8,831.6,0.000,0.7506,1
3641,563,280.5,682.8,318.9,835.3,0.000,0.7873,1
3641,347,303.6,697.8,364.7,860.2,0.000,0.8033,1
3641,540,1491.6,708.7,1557.5,882.3,0.000,0.7157,1
3641,679,32.6,611.1,78.0,800.5,0.000,0.8091,1
3641,569,1673.2,684.2,1779.6,925.3,0.000,0.7748,1
3641,262,128.7,668.0,164.2,804.7,0.000,0.7966,1
3641,485,112.8,661.4,151.4,806.1,0.000,0.7770,1
3642,588,492.8,701.3,571.5,891.0,0.000,0.8187,1
3642,557,255.0,682.4,289.2,817.4,0.000,0.7720,1
3642,572,212.6,675.7,252.6,799.0,0.000,0.7615,1
3642,666,1779.8,663.6,1838.4,869.0,0.000,0.7597,1
3642,669,1852.5,669.9,1899.0,831.2,0.000,0.7511,1
3642,563,279.7,682.2,317.8,834.9,0.000,0.7868,1
3642,540,1487.4,710.0,1554.3,882.6,0.000,0.7158,1
3642,679,32.2,609.6,77.9,800.1,0.000,0.8095,1
3642,569,1675.3,684.1,1779.8,922.3,0.000,0.7744,1
3642,262,130.8,665.7,167.2,802.6,0.000,0.7966,1
3642,485,113.7,658.3,152.0,803.4,0.000,0.7770,1
3643,588,485.6,703.4,564.9,890.3,0.000,0.8185,1
3643,557,255.0,682.5,289.2,817.4,0.000,0.7720,1
3643,572,212.0,676.0,252.1,799.0,0.000,0.7614,1
3643,666,1779.8,664.0,1838.1,869.1,0.000,0.7596,1
3643,669,1853.2,668.7,1899.8,831.2,0.000,0.7518,1
3643,540,1484.5,708.3,1553.4,882.8,0.000,0.7161,1
3643,679,31.8,609.2,77.8,800.4,0.000,0.8099,1
3643,569,1675.6,683.6,1779.9,922.9,0.000,0.7746,1
3643,262,133.1,661.5,170.9,800.4,0.000,0.7845,1
3643,485,112.0,655.6,149.1,796.4,0.000,0.7770,1
3643,554,308.0,694.4,346.9,853.2,0.000,0.7866,1
3643,347,297.2,695.3,358.5,859.1,0.000,0.8033,1
3644,588,480.6,705.3,561.2,889.7,0.000,0.8184,1
3644,557,254.9,682.4,289.1,817.1,0.000,0.7720,1
3644,572,211.6,675.7,251.7,799.0,0.000,0.7615,1
3644,666,1779.3,663.9,1837.5,869.5,0.000,0.7596,1
3644,669,1853.7,668.5,1899.9,831.4,0.000,0.7524,1
3644,540,1480.5,703.0,1552.9,884.1,0.000,0.7174,1
3644,679,31.4,610.0,77.4,800.4,0.000,0.8101,1
3644,569,1676.6,682.6,1780.4,922.8,0.000,0.7747,1
3644,262,134.4,658.9,173.2,799.6,0.000,0.7839,1
3644,485,112.3,654.2,150.1,797.9,0.000,0.7770,1
3645,588,477.2,705.6,559.5,889.5,0.000,0.8184,1
3645,557,255.6,682.2,290.1,817.8,0.000,0.7722,1
3645,572,211.4,675.2,251.6,798.7,0.000,0.7615,1
3645,666,1779.6,664.7,1837.4,869.6,0.000,0.7593,1
3645,669,1855.3,666.9,1901.7,832.5,0.000,0.7535,1
3645,540,1479.2,704.4,1552.2,884.3,0.000,0.7178,1
3645,679,31.2,610.2,77.3,801.1,0.000,0.8104,1
3645,569,1677.0,683.1,1779.6,921.9,0.000,0.7745,1
3645,262,137.3,658.0,176.1,798.9,0.000,0.7832,1
3645,485,112.8,653.1,151.5,800.2,0.000,0.7770,1
3645,347,293.0,695.4,350.6,852.6,0.000,0.8033,1
3646,588,474.2,707.8,557.3,890.6,0.000,0.8191,1
3646,557,255.9,682.1,290.8,817.7,0.000,0.7722,1
3646,572,211.2,674.7,251.5,798.7,0.000,0.7615,1
3646,666,1779.8,666.6,1837.0,869.8,0.000,0.7587,1
3646,669,1857.6,665.9,1903.6,832.3,0.000,0.7545,1
3646,540,1478.1,703.9,1551.6,884.4,0.000,0.7182,1
3646,679,30.3,610.2,76.9,802.2,0.000,0.8109,1
3646,569,1677.5,683.3,1778.7,919.6,0.000,0.7736,1
3646,262,139.9,655.9,178.5,798.2,0.000,0.7826,1
3646,485,113.4,654.5,151.8,801.3,0.000,0.7770,1
3646,347,288.9,691.3,346.1,850.4,0.000,0.8033,1
3647,588,471.0,708.4,554.8,890.6,0.000,0.8195,1
3647,557,256.5,681.9,292.1,818.4,0.000,0.7725,1
3647,572,210.8,674.5,251.1,798.5,0.000,0.7616,1
3647,666,1780.1,668.1,1836.7,869.6,0.000,0.7580,1
3647,669,1860.5,664.2,1906.1,831.7,0.000,0.7555,1
3647,540,1476.6,704.1,1550.1,884.8,0.000,0.7187,1
3647,679,29.5,610.5,76.4,802.7,0.000,0.8113,1
3647,569,1676.4,685.0,1777.1,920.0,0.000,0.7733,1
3647,262,141.3,657.9,179.4,799.2,0.000,0.7822,1
3647,485,113.6,654.9,152.0,802.3,0.000,0.7770,1
3647,347,285.8,689.0,342.8,849.8,0.000,0.8033,1
3648,588,467.5,706.4,551.4,888.9,0.000,0.8190,1
3648,557,256.5,682.1,292.6,818.8,0.000,0.7728,1
3648,572,210.7,674.4,250.9,798.5,0.000,0.7616,1
3648,666,1780.0,668.1,1836.6,869.8,0.000,0.7576,1
3648,669,1862.1,663.0,1907.3,831.5,0.000,0.7566,1
3648,540,1474.0,704.7,1546.6,885.1,0.000,0.7191,1
3648,679,28.6,610.9,76.1,804.2,0.000,0.8119,1
3648,569,1675.3,682.7,1778.1,923.7,0.000,0.7746,1
3648,262,143.7,656.6,181.6,800.2,0.000,0.7822,1
3648,485,114.5,655.2,152.8,803.0,0.000,0.7889,1
3648,347,285.1,695.6,339.5,849.2,0.000,0.8033,1
3649,588,462.2,702.6,545.1,886.6,0.000,0.8178,1
3649,557,256.1,682.5,292.2,818.6,0.000,0.7728,1
3649,572,210.1,674.4,250.2,798.6,0.000,0.7617,1
3649,666,1779.9,668.1,1836.4,870.0,0.000,0.7573,1
3649,669,1864.0,661.9,1909.0,831.8,0.000,0.7577,1
3649,540,1470.1,702.0,1542.3,885.1,0.000,0.7195,1
3649,679,27.3,611.0,75.7,805.8,0.000,0.8126,1
3649,569,1676.7,683.8,1777.9,921.8,0.000,0.7742,1
3649,262,142.8,655.6,181.0,800.5,0.000,0.7825,1
3649,485,114.0,653.8,152.4,802.9,0.000,0.7892,1
3649,347,284.0,689.1,339.2,846.6,0.000,0.8033,1
3650,588,455.3,700.7,535.6,883.9,0.000,0.8160,1
3650,557,256.5,682.7,292.7,818.8,0.000,0.7729,1
3650,572,209.7,674.3,249.7,798.5,0.000,0.7618,1
3650,666,1779.9,669.0,1836.2,870.1,0.000,0.7569,1
3650,669,1865.8,662.0,1910.5,831.9,0.000,0.7585,1
3650,540,1467.0,701.5,1537.5,884.6,0.000,0.7195,1
3650,262,143.5,656.8,181.4,801.2,0.000,0.7826,1
3650,485,113.4,653.6,152.0,803.1,0.000,0.7895,1
3650,347,285.1,684.4,340.8,845.7,0.000,0.8033,1
3651,588,448.1,699.1,526.2,882.7,0.000,0.8146,1
3651,557,258.2,682.3,295.7,823.3,0.000,0.7744,1
3651,572,209.9,673.8,249.9,798.6,0.000,0.7619,1
3651,666,1779.6,667.7,1836.1,870.1,0.000,0.7568,1
3651,669,1867.8,660.7,1912.8,833.2,0.000,0.7599,1
3651,540,1465.0,705.7,1532.5,884.3,0.000,0.7189,1
3651,262,141.9,654.7,180.8,802.1,0.000,0.7833,1
3651,485,113.2,654.0,151.8,802.8,0.000,0.7896,1
3651,347,284.4,681.2,340.5,846.0,0.000,0.8033,1
3651,679,26.0,610.6,75.1,806.3,0.000,0.8126,1
3651,569,1676.7,681.6,1778.4,922.1,0.000,0.7742,1
3652,588,439.3,699.1,516.0,882.8,0.000,0.8141,1
3652,557,257.2,681.3,297.0,830.2,0.000,0.7777,1
3652,572,209.6,672.9,250.0,799.0,0.000,0.7623,1
3652,666,1779.6,669.5,1835.7,870.4,0.000,0.7564,1
3652,669,1869.3,661.8,1913.9,832.8,0.000,0.7603,1
3652,540,1461.5,707.0,1527.9,884.5,0.000,0.7185,1
3652,262,139.4,654.5,179.4,802.5,0.000,0.7840,1
3652,485,112.9,654.5,151.1,802.2,0.000,0.7895,1
3652,347,284.6,679.6,340.7,847.2,0.000,0.8033,1
3652,679,25.4,610.0,75.1,805.9,0.000,0.8126,1
3653,588,434.5,698.6,510.1,883.7,0.000,0.8142,1
3653,557,258.3,679.0,301.1,835.2,0.000,0.7813,1
3653,572,209.4,672.0,250.0,799.2,0.000,0.7628,1
3653,666,1779.1,670.4,1835.2,870.6,0.000,0.7560,1
3653,669,1871.4,661.5,1916.4,832.4,0.000,0.7607,1
3653,540,1457.7,706.3,1523.5,884.1,0.000,0.7181,1
3653,262,143.2,656.0,182.5,802.1,0.000,0.7839,1
3653,485,113.4,656.8,151.0,800.5,0.000,0.7886,1
3653,347,287.8,680.0,342.2,846.5,0.000,0.8033,1
3653,679,21.8,608.0,72.4,807.5,0.000,0.8126,1
3654,588,430.1,700.9,503.8,885.1,0.000,0.8151,1
3654,557,260.4,678.6,305.8,837.6,0.000,0.7841,1
3654,572,208.9,670.4,249.9,799.3,0.000,0.7634,1
3654,666,1778.9,670.6,1835.2,870.6,0.000,0.7556,1
3654,669,1872.1,661.6,1917.5,832.1,0.000,0.7610,1
3654,540,1452.9,705.5,1518.5,883.8,0.000,0.7177,1
3654,262,144.9,656.0,184.4,802.2,0.000,0.7839,1
3654,485,113.2,659.0,149.9,799.7,0.000,0.7876,1
3654,347,294.0,680.8,344.3,840.1,0.000,0.8033,1
3654,679,19.9,607.2,70.8,808.0,0.000,0.8126,1
3654,569,1675.8,678.7,1777.3,919.1,0.000,0.7742,1
3655,588,424.2,703.2,497.0,885.3,0.000,0.8159,1
3655,557,261.2,678.7,308.7,839.9,0.000,0.7867,1
3655,572,209.0,670.2,249.9,799.1,0.000,0.7637,1
3655,666,1779.4,672.2,1835.2,870.5,0.000,0.7549,1
3655,669,1872.1,661.4,1918.0,832.2,0.000,0.7614,1
3655,540,1446.0,705.8,1511.8,884.3,0.000,0.7177,1
3655,262,145.0,655.7,184.8,802.2,0.000,0.7839,1
3655,485,115.5,658.5,151.7,799.1,0.000,0.7868,1
3655,347,296.5,680.9,344.4,837.1,0.000,0.8033,1
3655,679,18.7,606.1,69.9,808.7,0.000,0.8126,1
3656,588,418.8,703.3,492.2,885.9,0.000,0.8168,1
3656,557,260.5,680.1,308.9,838.9,0.000,0.7879,1
3656,572,209.0,670.1,249.8,799.2,0.000,0.7640,1
3656,666,1780.2,674.8,1835.5,870.4,0.000,0.7539,1
3656,669,1872.5,661.9,1918.5,832.2,0.000,0.7615,1
3656,540,1437.7,705.2,1504.8,884.9,0.000,0.7180,1
3656,262,144.5,656.0,184.7,802.6,0.000,0.7840,1
3656,485,114.5,660.6,150.3,798.9,0.000,0.7860,1
3656,347,297.9,680.8,344.1,835.4,0.000,0.8033,1
3656,679,17.6,604.2,69.3,809.1,0.000,0.8126,1
3657,588,414.9,704.3,488.7,886.1,0.000,0.8177,1
3657,557,260.5,680.1,311.5,841.2,0.000,0.7897,1
3657,572,209.3,669.9,250.1,799.4,0.000,0.7643,1
3657,666,1783.5,673.6,1838.6,869.9,0.000,0.7535,1
3657,540,1430.9,708.2,1499.0,885.3,0.000,0.7180,1
3657,262,145.4,656.3,185.5,802.1,0.000,0.7839,1
3657,485,115.4,663.9,149.2,793.1,0.000,0.7833,1
3657,347,298.9,681.2,343.1,831.2,0.000,0.8033,1
3657,679,16.8,603.9,68.9,810.4,0.000,0.8126,1
3657,569,1673.1,677.9,1777.1,924.7,0.000,0.7742,1
3658,588,411.3,705.4,485.3,885.7,0.000,0.8183,1
3658,557,258.4,680.2,311.0,842.0,0.000,0.7911,1
3658,572,209.0,669.8,249.7,799.3,0.000,0.7645,1
3658,666,1781.5,672.5,1837.1,870.3,0.000,0.7535,1
3658,540,1424.8,708.5,1494.9,885.0,0.000,0.7177,1
3658,262,145.7,657.3,185.4,801.2,0.000,0.7834,1
3658,485,112.6,662.7,147.1,796.2,0.000,0.7830,1
3658,347,299.2,680.8,342.3,829.6,0.000,0.8033,1
3658,679,15.4,603.1,68.4,812.9,0.000,0.8126,1
3658,569,1673.1,677.7,1777.1,925.0,0.000,0.7742,1
3658,669,1872.9,660.2,1919.4,832.2,0.000,0.7615,1
3659,588,405.5,703.0,480.9,884.7,0.000,0.8182,1
3659,557,255.6,683.4,307.1,839.5,0.000,0.7911,1
3659,572,209.2,670.3,249.6,799.3,0.000,0.7645,1
3659,666,1784.2,673.6,1839.1,870.1,0.000,0.7532,1
3659,540,1418.3,707.0,1491.6,885.5,0.000,0.7179,1
3659,262,145.4,656.9,185.3,800.8,0.000,0.7830,1
3659,485,115.5,659.9,149.1,790.0,0.000,0.7807,1
3659,347,297.6,681.0,341.2,833.1,0.000,0.8033,1
3659,679,14.4,604.6,67.9,815.1,0.000,0.8126,1
3659,569,1673.2,677.7,1777.0,925.0,0.000,0.7742,1
3659,669,1872.9,658.4,1919.8,832.0,0.000,0.7615,1
3660,588,401.9,703.1,477.4,884.5,0.000,0.8183,1
3660,557,252.2,686.8,302.7,839.0,0.000,0.7911,1
3660,572,209.3,671.5,249.3,799.8,0.000,0.7646,1
3660,666,1780.8,666.3,1837.7,870.5,0.000,0.7548,1
3660,540,1413.5,705.0,1490.2,886.6,0.000,0.7186,1
3660,262,144.5,655.3,184.6,799.6,0.000,0.7827,1
3660,485,115.1,663.2,148.4,791.7,0.000,0.7796,1
3660,347,298.9,683.0,341.7,835.1,0.000,0.7829,1
3660,679,14.3,607.1,67.5,814.4,0.000,0.8126,1
3660,569,1673.5,676.3,1776.9,923.5,0.000,0.7742,1
3660,669,1872.7,658.1,1919.8,832.0,0.000,0.7615,1
3661,588,398.3,703.4,471.4,879.4,0.000,0.8162,1
3661,557,249.1,684.8,300.0,839.4,0.000,0.7916,1
3661,572,209.5,671.9,249.2,799.8,0.000,0.7645,1
3661,666,1779.2,665.1,1836.4,870.4,0.000,0.7557,1
3661,540,1411.2,705.5,1489.9,887.0,0.000,0.7190,1
3661,262,144.7,655.3,184.6,798.8,0.000,0.7822,1
3661,485,113.4,663.2,147.4,794.3,0.000,0.7797,1
3661,347,300.0,683.5,342.2,836.2,0.000,0.7829,1
3661,679,14.5,608.1,68.2,814.8,0.000,0.8126,1
3661,569,1673.8,676.0,1776.8,923.2,0.000,0.7742,1
3661,669,1874.7,657.0,1920.0,831.9,0.000,0.7615,1
3662,588,392.1,702.7,462.9,875.6,0.000,0.8135,1
3662,557,246.1,681.4,297.5,839.2,0.000,0.7923,1
3662,572,210.3,673.7,249.7,800.2,0.000,0.7643,1
3662,666,1778.8,669.6,1835.2,870.5,0.000,0.7552,1
3662,540,1409.6,705.0,1490.5,887.3,0.000,0.7195,1
3662,262,144.4,655.4,184.3,798.9,0.000,0.7819,1
3662,485,111.9,660.9,147.5,796.9,0.000,0.7806,1
3662,347,300.9,683.8,342.3,836.5,0.000,0.7829,1
3662,679,12.8,609.1,66.4,815.9,0.000,0.8126,1
3662,569,1674.2,675.9,1776.5,921.5,0.000,0.7742,1
3662,669,1878.5,659.7,1920.0,830.4,0.000,0.7615,1
3662,563,281.5,681.6,321.2,839.9,0.000,0.7868,1
3663,588,384.9,700.2,454.5,874.6,0.000,0.8119,1
3663,557,244.2,679.1,295.4,837.5,0.000,0.7925,1
3663,572,210.8,673.4,250.3,800.6,0.000,0.7644,1
3663,666,1778.8,669.3,1835.2,870.0,0.000,0.7550,1
3663,540,1408.1,705.2,1490.3,887.7,0.000,0.7199,1
3663,262,144.5,655.6,184.1,798.6,0.000,0.7816,1
3663,485,110.3,659.3,146.6,797.2,0.000,0.7814,1
3663,347,301.0,683.9,341.8,836.7,0.000,0.7829,1
3663,679,11.2,610.3,65.1,818.3,0.000,0.8126,1
3663,569,1674.0,676.0,1776.7,922.7,0.000,0.7742,1
3663,669,1881.7,660.7,1920.0,829.3,0.000,0.7615,1
3663,563,280.8,683.0,320.4,839.6,0.000,0.7868,1
3664,588,378.5,690.5,449.7,873.8,0.000,0.8109,1
3664,557,241.4,680.2,291.4,837.2,0.000,0.7927,1
3664,572,210.8,674.5,250.1,800.8,0.000,0.7643,1
3664,666,1779.0,669.3,1835.3,870.1,0.000,0.7550,1
3664,540,1406.8,705.0,1489.9,887.7,0.000,0.7200,1
3664,262,144.5,656.0,183.9,798.3,0.000,0.7812,1
3664,485,108.5,658.1,145.4,797.2,0.000,0.7821,1
3664,347,301.0,684.0,341.2,836.6,0.000,0.7829,1
3664,679,11.1,611.4,64.6,819.1,0.000,0.8126,1
3664,569,1675.2,676.2,1777.0,920.8,0.000,0.7742,1
3664,669,1885.5,659.8,1920.0,829.6,0.000,0.7615,1
3664,563,280.3,684.4,319.6,838.7,0.000,0.7868,1
3665,588,374.1,688.7,444.0,873.2,0.000,0.8104,1
3665,557,240.4,682.3,288.8,837.0,0.000,0.7927,1
3665,572,210.2,675.6,249.0,800.4,0.000,0.7640,1
3665,666,1779.2,669.8,1835.3,870.2,0.000,0.7549,1
3665,540,1405.1,704.3,1488.8,887.7,0.000,0.7202,1
3665,262,144.5,656.6,183.6,798.2,0.000,0.7809,1
3665,485,108.0,660.3,144.1,796.1,0.000,0.7820,1
3665,347,301.5,684.2,341.1,836.3,0.000,0.7828,1
3665,679,10.5,611.9,64.4,820.8,0.000,0.8126,1
3665,569,1675.8,675.8,1776.8,918.7,0.000,0.7742,1
3665,669,1889.6,659.4,1920.0,828.4,0.000,0.7615,1
3665,563,278.7,685.2,318.0,838.2,0.000,0.7868,1
3666,588,369.9,693.9,437.4,873.8,0.000,0.8098,1
3666,557,239.0,689.2,284.6,835.9,0.000,0.7917,1
3666,572,209.3,676.3,247.5,799.4,0.000,0.7634,1
3666,666,1779.5,668.0,1835.9,869.9,0.000,0.7552,1
3666,540,1402.3,703.6,1485.8,887.7,0.000,0.7203,1
3666,262,144.8,657.4,183.6,798.2,0.000,0.7805,1
3666,485,108.7,663.2,144.4,796.2,0.000,0.7817,1
3666,347,301.6,683.9,340.9,836.3,0.000,0.7828,1
3666,679,9.9,610.8,63.9,820.8,0.000,0.8246,1
3666,569,1677.1,675.4,1776.1,913.3,0.000,0.7742,1
3666,563,277.7,685.9,317.3,838.0,0.000,0.7868,1
3667,588,363.1,697.3,429.8,873.5,0.000,0.8095,1
3667,557,236.1,691.8,280.5,835.5,0.000,0.7910,1
3667,572,209.5,680.9,245.9,797.9,0.000,0.7620,1
3667,666,1779.6,665.1,1836.4,869.7,0.000,0.7560,1
3667,540,1398.5,701.9,1481.3,887.8,0.000,0.7207,1
3667,262,144.0,657.3,182.8,797.7,0.000,0.7802,1
3667,485,109.8,665.2,144.9,796.1,0.000,0.7813,1
3667,347,302.0,684.2,340.7,835.9,0.000,0.7826,1
3667,679,8.2,609.9,62.2,821.7,0.000,0.8253,1
3667,569,1676.2,675.4,1776.9,917.8,0.000,0.7742,1
3667,563,276.9,685.7,317.3,839.2,0.000,0.7868,1
3668,588,356.6,699.3,424.4,873.3,0.000,0.8094,1
3668,557,231.9,691.8,276.4,835.7,0.000,0.7908,1
3668,572,209.4,682.3,245.1,797.4,0.000,0.7609,1
3668,666,1779.7,665.0,1836.4,869.9,0.000,0.7565,1
3668,540,1395.1,702.3,1475.6,887.8,0.000,0.7208,1
3668,262,143.2,659.4,181.3,797.1,0.000,0.7795,1
3668,485,109.4,664.5,144.6,795.9,0.000,0.7810,1
3668,347,302.5,684.5,340.7,835.7,0.000,0.7824,1
3668,679,7.7,608.8,61.6,822.2,0.000,0.8259,1
3668,569,1675.6,675.4,1777.2,920.9,0.000,0.7742,1
3668,563,276.2,685.2,317.0,838.5,0.000,0.7868,1
3669,588,349.6,699.5,419.0,873.1,0.000,0.8095,1
3669,557,228.6,693.4,272.9,835.3,0.000,0.7905,1
3669,572,209.9,683.5,245.2,796.9,0.000,0.7598,1
3669,666,1779.9,663.3,1836.9,869.9,0.000,0.7572,1
3669,540,1391.0,702.0,1469.6,887.7,0.000,0.7209,1
3669,262,142.8,659.3,180.9,796.4,0.000,0.7789,1
3669,485,109.2,663.6,144.6,795.9,0.000,0.7810,1
3669,347,302.7,684.5,340.7,835.6,0.000,0.7822,1
3669,679,4.6,605.3,59.3,822.4,0.000,0.8267,1
3669,569,1675.6,675.5,1778.0,924.3,0.000,0.7742,1
3669,563,274.6,685.3,316.0,838.7,0.000,0.7868,1
3670,588,345.5,701.3,416.1,872.6,0.000,0.8094,1
3670,557,226.1,696.0,270.0,834.8,0.000,0.7900,1
3670,572,208.2,685.7,242.3,796.9,0.000,0.7591,1
3670,666,1779.9,661.0,1837.3,869.9,0.000,0.7582,1
3670,540,1385.9,700.7,1463.6,888.2,0.000,0.7213,1
3670,262,143.0,659.6,181.2,796.2,0.000,0.7784,1
3670,485,108.1,663.3,143.5,795.4,0.000,0.7809,1
3670,347,302.5,684.0,340.4,835.2,0.000,0.7821,1
3670,679,5.0,604.1,60.8,823.1,0.000,0.8274,1
3670,696,1629.8,705.9,1667.7,848.1,0.000,0.6828,1
3670,569,1677.9,675.7,1780.3,927.7,0.000,0.7742,1
3670,563,272.1,684.8,314.8,838.7,0.000,0.7868,1
3671,588,341.6,700.3,414.2,872.4,0.000,0.8095,1
3671,557,224.4,697.4,268.5,834.4,0.000,0.7895,1
3671,572,206.4,686.6,239.8,797.3,0.000,0.7587,1
3671,666,1780.1,660.4,1837.4,870.0,0.000,0.7591,1
3671,540,1381.5,700.4,1458.1,888.8,0.000,0.7219,1
3671,262,142.3,662.3,180.0,797.0,0.000,0.7780,1
3671,485,108.7,664.4,143.4,794.0,0.000,0.7802,1
3671,347,302.6,683.5,340.3,835.4,0.000,0.7821,1
3671,679,3.1,600.6,59.9,822.7,0.000,0.8281,1
3671,696,1629.7,705.1,1667.6,848.0,0.000,0.6828,1
3671,569,1679.1,676.1,1780.1,926.9,0.000,0.7742,1
3671,563,270.8,684.5,314.6,838.9,0.000,0.7868,1
3672,588,336.5,692.2,413.6,872.8,0.000,0.8102,1
3672,557,222.3,694.4,267.8,834.5,0.000,0.7896,1
3672,666,1780.0,659.3,1837.5,870.2,0.000,0.7599,1
3672,262,142.0,662.7,179.7,797.4,0.000,0.7779,1
3672,485,109.9,664.8,143.3,788.0,0.000,0.7778,1
3672,347,302.7,683.6,340.4,836.5,0.000,0.7824,1
3672,679,0.1,594.2,58.2,822.5,0.000,0.8290,1
3672,696,1629.5,704.2,1667.5,848.1,0.000,0.6833,1
3672,569,1679.9,676.3,1779.9,927.1,0.000,0.7776,1
3672,563,270.4,684.1,315.1,838.4,0.000,0.7868,1
3673,588,333.6,687.1,411.9,870.3,0.000,0.8103,1
3673,557,219.6,694.8,264.9,833.7,0.000,0.7894,1
3673,666,1779.3,658.5,1837.1,870.5,0.000,0.7607,1
3673,262,141.6,661.8,179.7,798.3,0.000,0.7781,1
3673,485,111.0,665.5,143.8,785.6,0.000,0.7756,1
3673,347,302.8,683.7,340.4,837.1,0.000,0.7828,1
3673,679,0.0,591.5,57.0,822.8,0.000,0.8299,1
3673,696,1629.7,704.3,1667.5,848.1,0.000,0.6835,1
3673,569,1680.5,675.8,1779.2,925.3,0.000,0.7773,1
3673,563,272.4,684.2,317.1,838.5,0.000,0.7868,1
3673,540,1372.7,701.6,1447.5,888.6,0.000,0.7219,1
3674,588,331.8,690.5,407.4,868.1,0.000,0.8094,1
3674,557,216.3,694.7,261.1,831.2,0.000,0.7888,1
3674,666,1779.6,660.6,1837.0,870.6,0.000,0.7608,1
3674,262,141.6,661.7,179.3,797.4,0.000,0.7779,1
3674,485,110.4,666.4,143.1,785.0,0.000,0.7739,1
3674,347,303.0,684.3,340.1,836.6,0.000,0.7828,1
3674,679,0.0,591.1,55.2,822.8,0.000,0.8304,1
3674,696,1629.7,704.9,1667.4,848.5,0.000,0.6837,1
3674,569,1679.8,675.9,1778.7,927.2,0.000,0.7781,1
3674,563,275.1,684.2,319.5,838.6,0.000,0.7868,1
3674,540,1366.1,702.7,1440.7,889.2,0.000,0.7219,1
3675,588,330.0,693.1,401.9,863.5,0.000,0.8073,1
3675,557,214.0,694.5,258.6,830.0,0.000,0.7882,1
3675,666,1780.0,663.8,1836.6,870.4,0.000,0.7601,1
3675,262,140.6,660.7,178.8,798.5,0.000,0.7784,1
3675,485,108.9,666.5,141.0,782.6,0.000,0.7720,1
3675,347,302.7,684.2,339.5,835.9,0.000,0.7826,1
3675,679,0.0,592.3,53.8,823.0,0.000,0.8307,1
3675,696,1630.0,705.9,1667.3,848.4,0.000,0.6834,1
3675,569,1680.7,675.7,1778.7,926.5,0.000,0.7781,1
3675,563,276.1,684.1,320.2,839.0,0.000,0.7868,1
3675,540,1359.8,705.5,1434.5,890.1,0.000,0.7219,1
3676,588,324.0,689.8,394.3,860.0,0.000,0.8056,1
3676,557,211.6,692.8,256.5,828.8,0.000,0.7877,1
3676,666,1780.4,665.7,1836.6,870.3,0.000,0.7594,1
3676,262,139.8,658.8,178.2,797.9,0.000,0.7787,1
3676,485,108.0,666.9,139.5,780.8,0.000,0.7701,1
3676,347,302.3,682.8,339.1,835.5,0.000,0.7826,1
3676,679,0.0,592.9,52.2,823.2,0.000,0.8310,1
3676,696,1630.3,706.5,1667.2,848.2,0.000,0.6830,1
3676,569,1681.4,675.1,1778.8,925.8,0.000,0.7779,1
3676,563,276.2,683.8,320.0,839.6,0.000,0.7868,1
3676,540,1353.5,706.5,1429.5,890.3,0.000,0.7219,1
3677,588,319.2,681.0,390.1,859.2,0.000,0.8052,1
3677,557,209.8,691.6,254.6,827.7,0.000,0.7873,1
3677,666,1780.9,668.6,1836.5,870.5,0.000,0.7584,1
3677,262,139.5,658.8,177.9,798.1,0.000,0.7790,1
3677,485,108.0,666.4,139.2,778.7,0.000,0.7681,1
3677,347,301.8,681.9,338.6,835.8,0.000,0.7828,1
3677,679,0.0,593.1,50.8,823.9,0.000,0.8314,1
3677,696,1630.3,707.6,1666.9,848.3,0.000,0.6825,1
3677,569,1681.7,675.5,1778.0,924.6,0.000,0.7774,1
3677,563,276.5,683.9,319.6,838.9,0.000,0.7888,1
3677,540,1349.0,706.8,1427.0,891.4,0.000,0.7219,1
3678,557,208.1,690.7,252.7,826.9,0.000,0.7869,1
3678,666,1780.7,667.0,1836.7,870.5,0.000,0.7582,1
3678,262,139.4,659.1,177.2,796.6,0.000,0.7787,1
3678,485,107.8,666.0,139.2,779.0,0.000,0.7669,1
3678,347,300.7,681.7,337.5,835.3,0.000,0.7828,1
3678,679,0.0,593.9,49.9,825.1,0.000,0.8318,1
3678,696,1630.4,708.1,1666.8,848.3,0.000,0.6819,1
3678,569,1682.6,676.0,1777.5,922.7,0.000,0.7764,1
3678,563,277.2,683.9,320.5,840.2,0.000,0.7892,1
3678,540,1346.2,708.1,1425.5,892.2,0.000,0.7219,1
3679,557,206.3,689.3,251.0,826.0,0.000,0.7866,1
3679,666,1780.9,668.0,1836.7,870.2,0.000,0.7576,1
3679,262,139.7,660.6,176.4,794.5,0.000,0.7777,1
3679,485,105.8,666.4,136.7,777.9,0.000,0.7656,1
3679,347,299.7,682.3,336.1,835.5,0.000,0.7829,1
3679,679,0.0,595.1,48.4,825.5,0.000,0.8321,1
3679,696,1630.5,708.4,1666.8,848.1,0.000,0.6813,1
3679,569,1683.1,677.7,1776.8,921.8,0.000,0.7755,1
3679,563,279.1,684.4,322.4,840.9,0.000,0.7894,1
3679,540,1343.6,708.2,1424.7,892.7,0.000,0.7219,1
3679,588,308.4,686.3,375.2,858.0,0.000,0.8052,1
3680,557,204.9,689.3,249.4,825.9,0.000,0.7864,1
3680,666,1781.8,673.0,1836.3,869.6,0.000,0.7561,1
3680,262,139.5,660.8,176.1,794.3,0.000,0.7771,1
3680,485,104.9,667.6,134.7,775.8,0.000,0.7639,1
3680,679,0.0,598.1,46.9,825.4,0.000,0.8320,1
3680,696,1630.7,708.6,1666.9,848.0,0.000,0.6807,1
3680,569,1682.5,677.1,1776.5,922.4,0.000,0.7753,1
3680,563,278.6,684.6,321.3,840.4,0.000,0.7894,1
3680,540,1341.3,707.3,1424.1,893.7,0.000,0.7219,1
3681,557,201.0,690.5,245.3,825.5,0.000,0.7862,1
3681,666,1781.7,674.5,1835.8,869.0,0.000,0.7548,1
3681,262,139.5,659.7,176.0,793.2,0.000,0.7764,1
3681,485,108.3,667.1,138.3,775.5,0.000,0.7625,1
3681,679,0.0,596.0,46.1,824.9,0.000,0.8321,1
3681,696,1630.5,708.0,1666.8,848.1,0.000,0.6805,1
3681,569,1682.7,676.8,1776.4,922.0,0.000,0.7750,1
3681,563,276.8,685.0,318.3,838.9,0.000,0.7891,1
3681,540,1337.1,707.3,1420.7,894.5,0.000,0.7219,1
3682,557,198.2,690.6,243.0,825.4,0.000,0.7861,1
3682,666,1781.3,671.9,1836.3,868.9,0.000,0.7546,1
3682,262,139.4,659.8,175.7,791.6,0.000,0.7755,1
3682,485,108.8,666.7,139.5,777.2,0.000,0.7621,1
3682,679,0.0,594.2,45.0,824.7,0.000,0.8323,1
3682,696,1630.2,707.6,1666.6,848.2,0.000,0.6805,1
3682,569,1682.5,676.4,1776.2,921.6,0.000,0.7747,1
3682,540,1333.7,707.4,1417.0,894.7,0.000,0.7219,1
3682,588,295.0,679.5,362.7,858.2,0.000,0.8052,1
3683,557,194.3,693.3,237.8,821.1,0.000,0.7847,1
3683,666,1781.2,669.2,1837.0,869.1,0.000,0.7550,1
3683,262,138.6,659.5,174.5,790.6,0.000,0.7747,1
3683,485,108.9,665.5,139.9,777.8,0.000,0.7620,1
3683,679,0.0,593.2,43.3,824.4,0.000,0.8324,1
3683,696,1630.1,707.1,1666.5,848.3,0.000,0.6805,1
3683,569,1682.3,676.1,1776.3,922.4,0.000,0.7749,1
3683,540,1329.6,706.2,1412.0,894.6,0.000,0.7219,1
3683,588,289.4,676.8,357.5,857.6,0.000,0.8052,1
3684,557,191.6,693.8,236.2,822.3,0.000,0.7844,1
3684,666,1780.2,665.7,1837.1,869.4,0.000,0.7560,1
3684,262,137.9,657.5,174.2,790.7,0.000,0.7744,1
3684,485,108.8,665.8,139.8,778.0,0.000,0.7619,1
3684,679,0.0,590.2,41.7,824.8,0.000,0.8328,1
3684,696,1630.0,706.4,1666.4,848.2,0.000,0.6808,1
3684,569,1682.4,675.8,1776.3,922.3,0.000,0.7748,1
3684,540,1326.6,704.5,1407.6,894.6,0.000,0.7219,1
3684,588,285.9,670.3,355.9,857.6,0.000,0.8052,1
3685,557,189.2,693.1,235.0,823.0,0.000,0.7845,1
3685,666,1779.8,664.4,1837.1,869.7,0.000,0.7568,1
3685,262,137.7,658.2,173.6,790.8,0.000,0.7741,1
3685,485,109.8,666.1,140.5,777.9,0.000,0.7617,1
3685,679,0.0,589.6,40.0,825.9,0.000,0.8333,1
3685,696,1630.1,706.1,1666.4,848.2,0.000,0.6810,1
3685,569,1682.0,675.6,1777.1,926.1,0.000,0.7763,1
3685,700,747.5,733.9,772.3,793.8,0.000,0.5395,1
3685,540,1324.1,703.4,1403.5,894.7,0.000,0.7219,1
3685,588,282.1,664.0,353.8,856.7,0.000,0.8052,1
3686,557,187.6,692.5,234.4,823.3,0.000,0.7846,1
3686,666,1779.5,664.8,1836.7,869.8,0.000,0.7571,1
3686,262,139.2,659.0,174.7,790.4,0.000,0.7735,1
3686,485,110.9,665.1,141.4,777.2,0.000,0.7613,1
3686,696,1630.3,706.3,1666.5,848.0,0.000,0.6810,1
3686,569,1682.0,676.3,1777.1,927.7,0.000,0.7775,1
3686,700,747.7,733.9,772.4,793.6,0.000,0.5399,1
3686,540,1320.1,700.3,1399.0,894.9,0.000,0.7219,1
3687,557,185.6,687.3,234.6,823.8,0.000,0.7855,1
3687,666,1779.4,664.3,1836.8,869.6,0.000,0.7575,1
3687,262,139.3,659.0,174.5,790.0,0.000,0.7731,1
3687,696,1630.4,706.5,1666.4,848.0,0.000,0.6809,1
3687,569,1682.0,676.4,1776.5,926.7,0.000,0.7777,1
3687,700,747.9,734.0,772.3,792.8,0.000,0.5398,1
3687,540,1314.8,698.5,1393.0,894.4,0.000,0.7219,1
3687,679,0.0,590.5,37.9,830.1,0.000,0.8333,1
3688,557,183.9,681.4,234.6,823.7,0.000,0.7866,1
3688,666,1779.5,664.0,1837.0,869.7,0.000,0.7578,1
3688,262,138.9,659.3,173.6,788.7,0.000,0.7723,1
3688,696,1630.3,706.3,1666.3,848.1,0.000,0.6810,1
3688,569,1681.9,676.3,1776.3,926.6,0.000,0.7779,1
3688,700,747.9,734.1,772.2,792.6,0.000,0.5397,1
3688,709,255.4,682.5,292.2,816.3,0.000,0.7716,1
3688,540,1309.4,697.9,1386.9,894.1,0.000,0.7298,1
3688,679,0.0,591.0,37.9,832.5,0.000,0.8333,1
3688,347,304.4,683.9,339.9,834.1,0.000,0.7829,1
3689,557,182.7,679.7,233.5,823.4,0.000,0.7874,1
3689,666,1779.4,664.9,1836.8,870.0,0.000,0.7578,1
3689,262,138.6,660.6,173.0,789.6,0.000,0.7721,1
3689,696,1630.2,706.6,1666.2,848.5,0.000,0.6811,1
3689,569,1681.9,676.3,1776.4,927.5,0.000,0.7784,1
3689,700,748.0,734.2,771.4,790.2,0.000,0.5381,1
3689,709,256.7,682.5,294.1,816.5,0.000,0.7713,1
3689,540,1301.3,698.2,1378.9,894.2,0.000,0.7299,1
3689,679,0.0,598.4,36.6,834.3,0.000,0.8333,1
3689,347,303.3,682.2,339.0,831.2,0.000,0.7829,1
3690,557,181.7,680.2,232.0,822.7,0.000,0.7877,1
3690,666,1778.8,664.6,1836.2,869.9,0.000,0.7579,1
3690,262,137.8,662.4,172.1,790.5,0.000,0.7719,1
3690,696,1630.3,707.2,1666.1,848.5,0.000,0.6809,1
3690,569,1683.0,676.6,1777.4,929.2,0.000,0.7793,1
3690,709,256.0,682.5,293.3,816.7,0.000,0.7713,1
3690,540,1292.4,699.1,1371.1,894.5,0.000,0.7301,1
3690,679,0.0,604.4,35.1,827.9,0.000,0.8333,1
3690,347,305.7,680.4,341.6,833.9,0.000,0.7829,1
3690,485,102.9,650.0,137.5,781.1,0.000,0.7613,1
3691,557,179.6,677.3,229.2,819.2,0.000,0.7873,1
3691,666,1778.6,664.5,1836.1,869.9,0.000,0.7580,1
3691,262,137.1,664.1,171.0,790.7,0.000,0.7716,1
3691,696,1630.3,707.4,1666.0,848.6,0.000,0.6808,1
3691,569,1682.6,677.4,1776.6,929.5,0.000,0.7797,1
3691,709,257.6,682.8,295.2,818.2,0.000,0.7716,1
3691,540,1284.4,700.6,1364.8,894.9,0.000,0.7304,1
3691,679,0.0,605.7,33.5,825.2,0.000,0.8333,1
3691,347,305.7,680.7,341.8,836.5,0.000,0.7829,1
3691,485,101.7,647.0,137.8,788.4,0.000,0.7613,1
3691,700,747.8,734.2,770.4,787.9,0.000,0.5381,1
3692,557,178.7,678.6,226.6,816.9,0.000,0.7864,1
3692,666,1778.7,664.7,1836.1,869.9,0.000,0.7580,1
3692,262,136.9,664.4,170.7,789.6,0.000,0.7710,1
3692,696,1630.2,707.6,1665.9,848.7,0.000,0.6807,1
3692,569,1682.3,677.7,1776.1,929.5,0.000,0.7800,1
3692,709,259.9,683.1,298.6,820.8,0.000,0.7725,1
3692,540,1275.8,702.8,1357.5,894.6,0.000,0.7303,1
3692,679,0.0,604.0,32.9,824.4,0.000,0.8333,1
3692,347,305.3,681.3,341.3,837.0,0.000,0.7829,1
3692,485,101.4,647.1,138.1,795.5,0.000,0.7613,1
3693,557,176.8,683.5,222.9,816.6,0.000,0.7854,1
3693,666,1778.7,664.1,1836.2,869.7,0.000,0.7582,1
3693,262,136.5,662.9,171.0,791.2,0.000,0.7714,1
3693,696,1630.2,707.5,1665.9,848.8,0.000,0.6808,1
3693,569,1683.7,678.5,1776.5,928.1,0.000,0.7796,1
3693,540,1270.6,705.3,1353.8,894.6,0.000,0.7302,1
3693,679,0.0,617.7,30.3,823.4,0.000,0.8333,1
3693,347,304.4,680.7,340.4,836.3,0.000,0.7829,1
3693,485,102.0,648.9,137.4,795.3,0.000,0.7613,1
3694,557,173.4,684.0,218.3,815.0,0.000,0.7844,1
3694,666,1779.1,662.6,1836.6,869.3,0.000,0.7586,1
3694,262,137.9,663.4,173.0,792.0,0.000,0.7717,1
3694,696,1629.9,707.1,1665.7,848.9,0.000,0.6809,1
3694,569,1686.1,678.9,1776.2,921.2,0.000,0.7769,1
3694,540,1267.3,706.0,1353.2,896.8,0.000,0.7315,1
3694,679,0.0,628.4,29.3,822.7,0.000,0.8333,1
3694,347,303.7,681.0,340.0,836.9,0.000,0.7829,1
3694,485,101.9,645.6,138.0,798.8,0.000,0.7613,1
3695,557,171.9,682.7,216.0,813.5,0.000,0.7835,1
3695,666,1779.0,663.0,1836.4,869.6,0.000,0.7588,1
3695,262,139.2,660.5,175.8,793.0,0.000,0.7724,1
3695,696,1629.8,706.2,1665.6,848.9,0.000,0.6813,1
3695,569,1687.3,679.9,1777.2,922.8,0.000,0.7765,1
3695,540,1264.5,705.7,1352.8,897.7,0.000,0.7328,1
3695,347,303.7,682.0,340.0,837.3,0.000,0.7829,1
3695,485,102.3,645.2,139.0,803.1,0.000,0.7613,1
3696,557,168.6,677.9,213.6,813.4,0.000,0.7835,1
3696,666,1779.1,663.0,1836.3,869.5,0.000,0.7590,1
3696,262,138.0,660.6,174.3,792.4,0.000,0.7727,1
3696,696,1629.6,706.2,1665.1,848.9,0.000,0.6815,1
3696,569,1685.3,679.3,1776.7,926.2,0.000,0.7773,1
3696,540,1262.2,705.6,1352.4,898.4,0.000,0.7340,1
3696,347,304.3,683.4,340.2,837.1,0.000,0.7829,1
3696,485,103.2,644.7,140.1,805.4,0.000,0.7613,1
3696,563,278.3,684.8,320.1,842.3,0.000,0.7891,1
3697,557,167.1,678.8,211.0,813.0,0.000,0.7833,1
3697,666,1779.4,662.9,1836.4,869.0,0.000,0.7591,1
3697,262,138.8,660.3,175.2,791.8,0.000,0.7728,1
3697,696,1629.5,706.2,1664.8,848.9,0.000,0.6817,1
3697,569,1685.8,680.1,1775.7,922.4,0.000,0.7760,1
3697,540,1260.0,705.4,1351.5,898.8,0.000,0.7350,1
3697,347,304.5,683.7,340.4,837.0,0.000,0.7829,1
3697,485,104.0,643.3,141.0,805.6,0.000,0.7613,1
3697,563,277.2,685.6,318.8,842.3,0.000,0.7891,1
3697,700,747.3,733.5,771.0,788.9,0.000,0.5381,1
3698,557,167.0,676.7,211.6,812.4,0.000,0.7831,1
3698,666,1779.4,661.5,1836.6,869.2,0.000,0.7595,1
3698,262,140.6,656.4,178.3,789.4,0.000,0.7724,1
3698,696,1629.4,705.7,1664.6,848.9,0.000,0.6820,1
3698,569,1688.4,680.7,1776.6,918.9,0.000,0.7743,1
3698,540,1257.1,704.1,1349.9,899.5,0.000,0.7362,1
3698,347,304.3,683.6,340.3,837.3,0.000,0.7829,1
3698,485,105.1,644.3,141.8,805.5,0.000,0.7613,1
3698,563,274.8,684.8,317.0,841.4,0.000,0.7891,1
3698,700,747.1,733.5,771.3,789.2,0.000,0.5381,1
3699,557,164.2,680.0,207.5,813.0,0.000,0.7830,1
3699,666,1780.0,662.6,1836.7,868.9,0.000,0.7595,1
3699,262,139.6,661.1,175.9,789.8,0.000,0.7719,1
3699,696,1629.2,705.2,1664.3,848.7,0.000,0.6822,1
3699,569,1688.0,681.4,1776.3,919.6,0.000,0.7738,1
3699,540,1253.2,702.1,1346.7,900.3,0.000,0.7375,1
3699,347,303.8,682.6,340.2,837.8,0.000,0.7829,1
3699,485,105.8,643.6,142.4,804.6,0.000,0.7613,1
3699,563,274.3,683.6,316.8,841.0,0.000,0.7891,1
3699,700,746.5,733.4,771.3,789.3,0.000,0.5381,1
3700,557,162.3,679.3,205.1,811.8,0.000,0.7827,1
3700,666,1780.2,664.1,1836.6,869.0,0.000,0.7592,1
3700,262,139.3,660.7,175.6,790.2,0.000,0.7718,1
3700,696,1629.7,706.2,1664.5,848.4,0.000,0.6820,1
3700,569,1688.0,681.4,1777.2,923.1,0.000,0.7748,1
3700,540,1249.1,699.7,1342.5,900.4,0.000,0.7385,1
3700,347,304.0,683.0,340.3,837.8,0.000,0.7829,1
3700,485,106.2,642.5,143.2,804.7,0.000,0.7613,1
3700,563,274.0,682.1,316.5,839.8,0.000,0.7891,1
3700,700,746.6,733.6,771.9,789.8,0.000,0.5381,1
3701,557,160.1,675.4,203.8,812.2,0.000,0.7832,1
3701,666,1780.7,664.4,1837.0,869.1,0.000,0.7590,1
3701,262,139.1,660.0,175.3,790.8,0.000,0.7720,1
3701,696,1630.2,706.4,1664.8,848.2,0.000,0.6817,1
3701,569,1688.8,681.0,1777.8,923.1,0.000,0.7750,1
3701,540,1244.2,698.4,1336.0,900.4,0.000,0.7392,1
3701,347,304.4,682.1,341.1,837.9,0.000,0.7829,1
3701,485,107.0,642.4,144.4,804.7,0.000,0.7613,1
3701,563,274.3,682.4,316.4,838.5,0.000,0.7891,1
3701,700,746.9,733.5,772.5,790.1,0.000,0.5381,1
3702,557,157.6,668.5,202.9,812.3,0.000,0.7843,1
3702,666,1781.0,665.8,1836.8,869.2,0.000,0.7586,1
3702,696,1630.5,705.9,1664.9,847.7,0.000,0.6815,1
3702,569,1689.1,680.9,1777.1,920.2,0.000,0.7741,1
3702,540,1236.8,696.5,1327.2,900.3,0.000,0.7397,1
3702,347,303.8,682.1,340.6,838.7,0.000,0.7829,1
3702,485,107.1,641.5,145.1,805.3,0.000,0.7613,1
3702,563,274.8,682.7,316.6,837.7,0.000,0.7891,1
3702,700,747.1,733.9,772.9,789.9,0.000,0.5381,1
3703,557,158.3,678.8,200.1,811.4,0.000,0.7836,1
3703,666,1781.1,664.7,1837.0,868.7,0.000,0.7585,1
3703,696,1630.4,705.7,1664.3,845.2,0.000,0.6806,1
3703,569,1688.5,680.7,1777.0,921.9,0.000,0.7745,1
3703,540,1231.3,696.2,1320.1,899.7,0.000,0.7397,1
3703,716,209.8,669.7,245.2,798.3,0.000,0.7630,1
3703,347,303.2,682.7,339.8,838.9,0.000,0.7848,1
3703,485,108.1,640.7,146.4,805.5,0.000,0.7613,1
3703,563,277.6,682.4,319.3,837.6,0.000,0.7891,1
3703,700,746.4,733.3,773.0,790.4,0.000,0.5381,1
3704,557,156.9,681.8,197.3,810.5,0.000,0.7828,1
3704,666,1780.7,662.9,1836.9,868.6,0.000,0.7589,1
3704,696,1630.2,704.8,1664.0,844.5,0.000,0.6804,1
3704,569,1687.6,680.9,1776.8,924.2,0.000,0.7754,1
3704,540,1225.1,696.4,1313.0,900.4,0.000,0.7402,1
3704,716,208.3,670.0,243.3,797.8,0.000,0.7633,1
3704,347,302.0,680.9,339.1,837.8,0.000,0.7849,1
3704,685,1398.9,715.9,1474.1,911.2,0.000,0.7527,1
3704,485,108.7,640.9,147.0,805.0,0.000,0.7613,1
3704,700,746.4,733.3,773.6,791.7,0.000,0.5381,1
3704,709,255.7,681.7,293.1,820.3,0.000,0.7725,1
3705,557,152.5,681.7,192.9,809.9,0.000,0.7824,1
3705,666,1780.4,662.2,1836.8,868.5,0.000,0.7592,1
3705,696,1629.1,704.2,1662.5,844.0,0.000,0.6805,1
3705,569,1688.0,681.1,1777.0,924.1,0.000,0.7757,1
3705,540,1219.2,696.9,1306.5,901.1,0.000,0.7408,1
3705,716,208.0,671.1,242.6,797.8,0.000,0.7633,1
3705,347,302.3,679.7,339.6,837.3,0.000,0.7849,1
3705,685,1393.1,716.1,1468.0,911.2,0.000,0.7537,1
3705,485,109.5,640.1,148.4,805.1,0.000,0.7957,1
3705,700,746.2,733.1,773.8,792.3,0.000,0.5381,1
3705,709,255.1,681.3,291.2,818.8,0.000,0.7725,1
3705,563,278.1,680.3,319.8,837.3,0.000,0.7891,1
3706,557,149.4,682.9,189.3,808.0,0.000,0.7816,1
3706,666,1780.3,662.7,1836.6,868.8,0.000,0.7594,1
3706,696,1627.6,703.9,1661.1,845.9,0.000,0.6813,1
3706,569,1684.6,681.9,1774.5,926.1,0.000,0.7766,1
3706,540,1212.9,695.9,1299.9,900.2,0.000,0.7407,1
3706,716,209.1,670.8,244.9,800.4,0.000,0.7642,1
3706,347,302.4,681.8,338.9,836.3,0.000,0.7844,1
3706,685,1388.1,715.8,1462.1,910.8,0.000,0.7543,1
3706,485,111.0,640.8,150.2,805.1,0.000,0.7957,1
3706,700,746.5,732.8,773.9,791.9,0.000,0.5381,1
3706,709,255.5,682.6,290.6,819.8,0.000,0.7725,1
3706,563,282.3,679.6,325.9,838.2,0.000,0.7891,1
3707,557,148.5,684.5,187.6,807.3,0.000,0.7807,1
3707,666,1780.5,663.5,1836.6,868.8,0.000,0.7593,1
3707,696,1626.0,703.5,1658.9,846.8,0.000,0.6823,1
3707,569,1685.1,681.2,1774.2,922.7,0.000,0.7758,1
3707,540,1207.6,695.5,1294.8,901.2,0.000,0.7414,1
3707,347,303.4,684.8,339.1,836.9,0.000,0.7840,1
3707,685,1382.7,714.1,1455.8,911.2,0.000,0.7549,1
3707,485,113.1,642.2,152.3,804.6,0.000,0.7953,1
3707,700,746.7,732.7,774.2,792.4,0.000,0.5381,1
3707,709,255.4,682.5,290.2,820.1,0.000,0.7725,1
3707,563,283.3,681.5,328.1,841.2,0.000,0.7891,1
3708,557,144.3,669.9,187.9,809.4,0.000,0.7824,1
3708,666,1780.5,663.5,1836.5,868.8,0.000,0.7593,1
3708,569,1685.9,681.2,1775.7,925.2,0.000,0.7765,1
3708,540,1200.6,697.4,1288.2,903.0,0.000,0.7428,1
3708,347,304.0,685.1,340.0,838.2,0.000,0.7841,1
3708,685,1377.8,712.5,1450.1,911.7,0.000,0.7556,1
3708,485,115.7,643.9,154.8,804.1,0.000,0.7946,1
3708,700,745.8,732.6,772.9,790.9,0.000,0.5381,1
3708,709,255.5,681.8,290.5,819.5,0.000,0.7725,1
3708,563,284.3,681.2,330.2,842.1,0.000,0.7891,1
3709,557,146.3,678.0,186.4,807.8,0.000,0.7819,1
3709,666,1780.5,663.0,1836.6,868.6,0.000,0.7594,1
3709,569,1687.2,680.9,1777.2,926.7,0.000,0.7773,1
3709,540,1193.3,699.5,1281.4,903.5,0.000,0.7438,1
3709,347,303.8,685.1,340.0,838.7,0.000,0.7842,1
3709,685,1371.5,711.5,1442.6,912.6,0.000,0.7564,1
3709,485,118.9,645.1,158.5,804.6,0.000,0.7942,1
3709,700,745.9,732.3,773.4,791.0,0.000,0.5381,1
3709,709,253.4,682.4,288.4,819.0,0.000,0.7725,1
3710,557,149.1,681.0,185.8,802.8,0.000,0.7798,1
3710,666,1780.4,662.1,1836.9,868.9,0.000,0.7597,1
3710,569,1686.3,680.0,1777.0,928.9,0.000,0.7784,1
3710,540,1188.1,701.6,1277.2,904.1,0.000,0.7447,1
3710,347,302.6,684.3,339.0,839.4,0.000,0.7847,1
3710,685,1366.3,710.9,1436.2,912.7,0.000,0.7569,1
3710,485,120.0,646.2,160.3,805.5,0.000,0.7940,1
3710,714,943.9,718.2,971.3,757.8,0.000,0.3764,0
3710,700,746.0,731.9,773.0,789.7,0.000,0.5381,1
3710,709,250.9,681.7,286.4,818.9,0.000,0.7725,1
3710,563,280.5,682.2,325.3,839.7,0.000,0.7891,1
3711,666,1780.0,661.5,1836.8,869.2,0.000,0.7600,1
3711,569,1686.9,679.7,1777.7,930.9,0.000,0.7798,1
3711,540,1184.1,703.0,1275.3,905.8,0.000,0.7464,1
3711,347,302.4,685.3,338.4,839.3,0.000,0.7848,1
3711,685,1360.8,710.6,1430.2,912.9,0.000,0.7574,1
3711,485,123.8,647.8,166.4,811.7,0.000,0.7953,1
3711,714,944.0,718.4,971.3,757.8,0.000,0.3763,0
3711,700,745.9,732.6,771.7,787.6,0.000,0.5381,1
3711,709,253.0,681.7,288.5,818.9,0.000,0.7725,1
3711,563,279.9,682.9,324.4,839.9,0.000,0.7891,1
3712,666,1779.9,662.5,1836.4,869.3,0.000,0.7600,1
3712,569,1686.7,678.6,1777.4,930.5,0.000,0.7802,1
3712,540,1180.7,703.8,1273.7,906.0,0.000,0.7476,1
3712,347,303.1,685.0,339.0,838.9,0.000,0.7848,1
3712,685,1351.6,710.7,1421.9,913.5,0.000,0.7581,1
3712,485,125.6,649.7,169.1,812.4,0.000,0.7958,1
3712,714,944.0,718.5,971.2,757.8,0.000,0.3761,0
3712,700,745.3,733.1,771.8,789.6,0.000,0.5320,1
3712,709,254.7,681.9,290.0,818.4,0.000,0.7725,1
3712,563,280.1,689.5,322.4,839.6,0.000,0.7891,1
3713,666,1779.9,664.8,1835.8,869.5,0.000,0.7595,1
3713,569,1687.5,680.0,1777.2,930.0,0.000,0.7804,1
3713,540,1175.7,703.9,1270.6,905.6,0.000,0.7483,1
3713,347,302.3,687.0,338.0,840.1,0.000,0.7850,1
3713,685,1342.9,711.0,1415.3,913.7,0.000,0.7587,1
3713,485,126.4,650.0,170.1,810.1,0.000,0.7953,1
3713,714,944.0,718.7,971.2,757.9,0.000,0.3758,0
3713,700,745.2,733.0,772.9,791.7,0.000,0.5328,1
3713,709,255.0,682.6,290.1,818.3,0.000,0.7725,1
3713,563,278.9,686.4,321.3,838.8,0.000,0.7891,1
3714,666,1779.5,665.6,1835.3,869.5,0.000,0.7590,1
3714,569,1686.6,679.7,1776.5,930.6,0.000,0.7808,1
3714,540,1172.5,705.5,1268.3,906.1,0.000,0.7494,1
3714,347,303.4,688.7,339.0,840.4,0.000,0.7851,1
3714,685,1334.2,711.2,1409.8,913.7,0.000,0.7592,1
3714,485,127.0,650.1,172.0,813.0,0.000,0.7961,1
3714,714,944.0,719.1,971.0,757.9,0.000,0.3754,0
3714,700,746.0,732.4,774.5,792.8,0.000,0.5340,1
3714,709,255.1,682.8,290.1,818.5,0.000,0.7725,1
3714,563,278.8,685.7,321.6,840.9,0.000,0.7891,1
3715,666,1779.0,664.5,1835.2,869.6,0.000,0.7590,1
3715,569,1685.9,678.3,1776.2,930.7,0.000,0.7811,1
3715,540,1168.2,704.9,1264.8,907.0,0.000,0.7507,1
3715,347,302.7,682.5,338.7,839.1,0.000,0.7854,1
3715,685,1326.6,711.2,1405.3,913.6,0.000,0.7596,1
3715,714,944.0,719.3,970.8,757.9,0.000,0.3749,0
3715,700,746.1,732.5,774.6,792.7,0.000,0.5349,1
3715,709,254.9,682.7,289.8,818.8,0.000,0.7725,1
3715,563,278.8,683.3,321.4,839.6,0.000,0.7891,1
